/*-----------------------------------------------------------------------------------------------------------
	CPF Policy and Tables
-----------------------------------------------------------------------------------------------------------*/

if not exists(select * from CPFPolicy where CPFPolicyId = 'Year2012Sep' ) then
Insert into CPFPolicy Values('Year2012Sep',1,'16% Employer, 20% Employee wef 1 September 2012');
end if;

if not exists(select * from CPFTableCode  where CPFTableCodeId = '0912ST') then
Insert into CPFTableCode Values('0912ST','Local','Private','Local Citizen Employer 16%, Employee 20% wef September 1, 2012',5000,85000,0);
Insert into CPFPolicyMember Values('Year2012Sep','0912ST');
end if;

if not exists(select * from CPFTableCode  where CPFTableCodeId = '0912P1') then
Insert into CPFTableCode Values('0912P1','PR1','Private','PR 1st year - Employer Graduated 4%, Employee Graduated 5% wef September 1, 2012',5000,85000,0);
Insert into CPFPolicyMember Values('Year2012Sep','0912P1');
end if;

if not exists(select * from CPFTableCode  where CPFTableCodeId = '0912P2') then
Insert into CPFTableCode Values('0912P2','PR2','Private','PR 2nd year - Employer Graduated 9%, Employee Graduated 15% wef September 1, 2012',5000,85000,0);
Insert into CPFPolicyMember Values('Year2012Sep','0912P2');
end if;

if not exists(select * from CPFTableCode  where CPFTableCodeId = '0912P3') then
Insert into CPFTableCode Values('0912P3','PR3','Private','PR 3rd year and above - Employer 16%, Employee 20% wef September 1, 2012',5000,85000,0);
Insert into CPFPolicyMember Values('Year2012Sep','0912P3');
end if;

if not exists(select * from CPFTableCode  where CPFTableCodeId = '0912P1F') then
Insert into CPFTableCode Values('0912P1F','PR1','Private - Full','PR 1st year - Employer Full 16%, Employee Graduated 5% wef  September 1, 2012',5000,85000,0);
Insert into CPFPolicyMember Values('Year2012Sep','0912P1F');
end if;

if not exists(select * from CPFTableCode  where CPFTableCodeId = '0912P2F') then
Insert into CPFTableCode Values('0912P2F','PR2','Private - Full','PR 2nd year - Employer Full 16%, Employee Graduated 15% wef  September 1, 2012',5000,85000,0);
Insert into CPFPolicyMember Values('Year2012Sep','0912P2F');
end if;

if not exists(select * from CPFTableCode  where CPFTableCodeId = '0912EP') then
Insert into CPFTableCode Values('0912EP','EP','Private','Voluntary Contributions - user defined',5000,85000,0);
Insert into CPFPolicyMember Values('Year2012Sep','0912EP');
end if;

if not exists(select * from CPFTableCode  where CPFTableCodeId = '0912FW') then
Insert into CPFTableCode Values('0912FW','FW','Private','Voluntary Contributions - user defined',5000,85000,0);
Insert into CPFPolicyMember Values('Year2012Sep','0912FW');
end if;

if not exists(select * from CPFGovernmentProgression where CPFGovtEffectiveDate = '2012-09-01') then
Insert into CPFGovernmentProgression Values('2012-09-01','Year2012Sep',1,'');
end if;

/*-----------------------------------------------------------------------------------------------------------
	EP
-----------------------------------------------------------------------------------------------------------*/


if not exists(select * from Formula where Locate(FormulaId,'0912EPA') = 1 and FormulaCategory='CPFFormula1') then

Insert into Formula Values('0912EPA0$0ERO',1,0,0,'CPFFormula1','ER','T1','','','',0,0);
Insert into Formula Values('0912EPA0$0ERA',1,0,0,'CPFFormula1','ER','T1','','','',0,0);
Insert into Formula Values('0912EPA0$0EEO',1,0,0,'CPFFormula1','EE','T1','','','',0,0);
Insert into Formula Values('0912EPA0$0EEA',1,0,0,'CPFFormula1','EE','T1','','','',0,0);
Insert into FormulaRange Values('0912EPA0$0ERO',1,0,0,'(C1/100)*K2;',0,0,0,0,0,'CPFWage','OrdWage','AddWage','','','','','','','','','','','','','','','','','','','','','','','','','','','','','','','',''       );
Insert into FormulaRange Values('0912EPA0$0ERA',1,0,0,'(C1/100)*K3;',0,0,0,0,0,'CPFWage','OrdWage','AddWage','','','','','','','','','','','','','','','','','','','','','','','','','','','','','','','',''       );
Insert into FormulaRange Values('0912EPA0$0EEO',1,0,0,'(C1/100)*K2;',0,0,0,0,0,'CPFWage','OrdWage','AddWage','','','','','','','','','','','','','','','','','','','','','','','','','','','','','','','',''       );
Insert into FormulaRange Values('0912EPA0$0EEA',1,0,0,'(C1/100)*K3;',0,0,0,0,0,'CPFWage','OrdWage','AddWage','','','','','','','','','','','','','','','','','','','','','','','','','','','','','','','',''       );
Insert Into  CPFTableComponent Values('0912EP',0,0,'0912EPA0$0EEO','0912EPA0$0ERO',9999999,99,'0912EPA0$0EEA','0912EPA0$0ERA');

end if;

/*-----------------------------------------------------------------------------------------------------------
	FW
-----------------------------------------------------------------------------------------------------------*/

if not exists(select * from Formula where Locate(FormulaId,'0912FWA') = 1 and FormulaCategory='CPFFormula1') then

Insert into Formula Values('0912FWA0$0ERO',1,0,0,'CPFFormula1','ER','T1','','','',0,0);
Insert into Formula Values('0912FWA0$0ERA',1,0,0,'CPFFormula1','ER','T1','','','',0,0);
Insert into Formula Values('0912FWA0$0EEO',1,0,0,'CPFFormula1','EE','T1','','','',0,0);
Insert into Formula Values('0912FWA0$0EEA',1,0,0,'CPFFormula1','EE','T1','','','',0,0);
Insert into FormulaRange Values('0912FWA0$0ERO',1,0,0,'(C1/100)*K2;',0,0,0,0,0,'CPFWage','OrdWage','AddWage','','','','','','','','','','','','','','','','','','','','','','','','','','','','','','','',''       );
Insert into FormulaRange Values('0912FWA0$0ERA',1,0,0,'(C1/100)*K3;',0,0,0,0,0,'CPFWage','OrdWage','AddWage','','','','','','','','','','','','','','','','','','','','','','','','','','','','','','','',''       );
Insert into FormulaRange Values('0912FWA0$0EEO',1,0,0,'(C1/100)*K2;',0,0,0,0,0,'CPFWage','OrdWage','AddWage','','','','','','','','','','','','','','','','','','','','','','','','','','','','','','','',''       );
Insert into FormulaRange Values('0912FWA0$0EEA',1,0,0,'(C1/100)*K3;',0,0,0,0,0,'CPFWage','OrdWage','AddWage','','','','','','','','','','','','','','','','','','','','','','','','','','','','','','','',''       );
Insert Into  CPFTableComponent Values('0912FW',0,0,'0912FWA0$0EEO','0912FWA0$0ERO',9999999,99,'0912FWA0$0EEA','0912FWA0$0ERA');

end if;

/*-----------------------------------------------------------------------------------------------------------
	Local
-----------------------------------------------------------------------------------------------------------*/

if not exists(select * from Formula where Locate(FormulaId,'0912STA') = 1 and FormulaCategory='CPFFormula1') then

Insert into Formula Values('0912STA0$0ERO',1,0,0,'CPFFormula1','ER','T1','','','',0,0);
Insert into Formula Values('0912STA0$0ERA',1,0,0,'CPFFormula1','ER','T1','','','',0,0);
Insert into Formula Values('0912STA0$0EEO',1,0,0,'CPFFormula1','EE','T1','','','',0,0);
Insert into Formula Values('0912STA0$0EEA',1,0,0,'CPFFormula1','EE','T1','','','',0,0);
Insert into Formula Values('0912STA0$50ERO',1,0,0,'CPFFormula1','ER','T1','','','',0,0);
Insert into Formula Values('0912STA0$50ERA',1,0,0,'CPFFormula1','ER','T1','','','',0,0);
Insert into Formula Values('0912STA0$50EEO',1,0,0,'CPFFormula1','EE','T1','','','',0,0);
Insert into Formula Values('0912STA0$50EEA',1,0,0,'CPFFormula1','EE','T1','','','',0,0);
Insert into Formula Values('0912STA0$500ERO',1,0,0,'CPFFormula1','ER','T1','','','',0,0);
Insert into Formula Values('0912STA0$500ERA',1,0,0,'CPFFormula1','ER','T1','','','',0,0);
Insert into Formula Values('0912STA0$500EEO',1,0,0,'CPFFormula1','EE','T4','','','',0,0);
Insert into Formula Values('0912STA0$500EEA',1,0,0,'CPFFormula1','EE','T4','','','',0,0);
Insert into Formula Values('0912STA0$750ERO',1,0,0,'CPFFormula1','ER','T1','','','',0,0);
Insert into Formula Values('0912STA0$750ERA',1,0,0,'CPFFormula1','ER','T1','','','',0,0);
Insert into Formula Values('0912STA0$750EEO',1,0,0,'CPFFormula1','EE','T4','','','',0,0);
Insert into Formula Values('0912STA0$750EEA',1,0,0,'CPFFormula1','EE','T4','','','',0,0);
Insert into Formula Values('0912STA0$1200ERO',1,0,0,'CPFFormula1','ER','T1','','','',0,0);
Insert into Formula Values('0912STA0$1200ERA',1,0,0,'CPFFormula1','ER','T1','','','',0,0);
Insert into Formula Values('0912STA0$1200EEO',1,0,0,'CPFFormula1','EE','T4','','','',0,0);
Insert into Formula Values('0912STA0$1200EEA',1,0,0,'CPFFormula1','EE','T4','','','',0,0);
Insert into Formula Values('0912STA0$1500ERO',1,0,0,'CPFFormula1','ER','T3','','','',0,0);
Insert into Formula Values('0912STA0$1500ERA',1,0,0,'CPFFormula1','ER','T3','','','',0,0);
Insert into Formula Values('0912STA0$1500EEO',1,0,0,'CPFFormula1','EE','T3','','','',0,0);
Insert into Formula Values('0912STA0$1500EEA',1,0,0,'CPFFormula1','EE','T3','','','',0,0);
Insert into Formula Values('0912STA35$0ERO',1,0,0,'CPFFormula1','ER','T1','','','',0,0);
Insert into Formula Values('0912STA35$0ERA',1,0,0,'CPFFormula1','ER','T1','','','',0,0);
Insert into Formula Values('0912STA35$0EEO',1,0,0,'CPFFormula1','EE','T1','','','',0,0);
Insert into Formula Values('0912STA35$0EEA',1,0,0,'CPFFormula1','EE','T1','','','',0,0);
Insert into Formula Values('0912STA35$50ERO',1,0,0,'CPFFormula1','ER','T4','','','',0,0);
Insert into Formula Values('0912STA35$50ERA',1,0,0,'CPFFormula1','ER','T4','','','',0,0);
Insert into Formula Values('0912STA35$50EEO',1,0,0,'CPFFormula1','EE','T1','','','',0,0);
Insert into Formula Values('0912STA35$50EEA',1,0,0,'CPFFormula1','EE','T1','','','',0,0);
Insert into Formula Values('0912STA35$500ERO',1,0,0,'CPFFormula1','ER','T4','','','',0,0);
Insert into Formula Values('0912STA35$500ERA',1,0,0,'CPFFormula1','ER','T4','','','',0,0);
Insert into Formula Values('0912STA35$500EEO',1,0,0,'CPFFormula1','EE','T4','','','',0,0);
Insert into Formula Values('0912STA35$500EEA',1,0,0,'CPFFormula1','EE','T4','','','',0,0);
Insert into Formula Values('0912STA35$750ERO',1,0,0,'CPFFormula1','ER','T4','','','',0,0);
Insert into Formula Values('0912STA35$750ERA',1,0,0,'CPFFormula1','ER','T4','','','',0,0);
Insert into Formula Values('0912STA35$750EEO',1,0,0,'CPFFormula1','EE','T4','','','',0,0);
Insert into Formula Values('0912STA35$750EEA',1,0,0,'CPFFormula1','EE','T4','','','',0,0);
Insert into Formula Values('0912STA35$1200ERO',1,0,0,'CPFFormula1','ER','T4','','','',0,0);
Insert into Formula Values('0912STA35$1200ERA',1,0,0,'CPFFormula1','ER','T4','','','',0,0);
Insert into Formula Values('0912STA35$1200EEO',1,0,0,'CPFFormula1','EE','T4','','','',0,0);
Insert into Formula Values('0912STA35$1200EEA',1,0,0,'CPFFormula1','EE','T4','','','',0,0);
Insert into Formula Values('0912STA35$1500ERO',1,0,0,'CPFFormula1','ER','T3','','','',0,0);
Insert into Formula Values('0912STA35$1500ERA',1,0,0,'CPFFormula1','ER','T3','','','',0,0);
Insert into Formula Values('0912STA35$1500EEO',1,0,0,'CPFFormula1','EE','T3','','','',0,0);
Insert into Formula Values('0912STA35$1500EEA',1,0,0,'CPFFormula1','EE','T3','','','',0,0);
Insert into Formula Values('0912STA50$0ERO',1,0,0,'CPFFormula1','ER','T1','','','',0,0);
Insert into Formula Values('0912STA50$0ERA',1,0,0,'CPFFormula1','ER','T1','','','',0,0);
Insert into Formula Values('0912STA50$0EEO',1,0,0,'CPFFormula1','EE','T1','','','',0,0);
Insert into Formula Values('0912STA50$0EEA',1,0,0,'CPFFormula1','EE','T1','','','',0,0);
Insert into Formula Values('0912STA50$50ERO',1,0,0,'CPFFormula1','ER','T4','','','',0,0);
Insert into Formula Values('0912STA50$50ERA',1,0,0,'CPFFormula1','ER','T4','','','',0,0);
Insert into Formula Values('0912STA50$50EEO',1,0,0,'CPFFormula1','EE','T1','','','',0,0);
Insert into Formula Values('0912STA50$50EEA',1,0,0,'CPFFormula1','EE','T1','','','',0,0);
Insert into Formula Values('0912STA50$500ERO',1,0,0,'CPFFormula1','ER','T4','','','',0,0);
Insert into Formula Values('0912STA50$500ERA',1,0,0,'CPFFormula1','ER','T4','','','',0,0);
Insert into Formula Values('0912STA50$500EEO',1,0,0,'CPFFormula1','EE','T4','','','',0,0);
Insert into Formula Values('0912STA50$500EEA',1,0,0,'CPFFormula1','EE','T4','','','',0,0);
Insert into Formula Values('0912STA50$750ERO',1,0,0,'CPFFormula1','ER','T4','','','',0,0);
Insert into Formula Values('0912STA50$750ERA',1,0,0,'CPFFormula1','ER','T4','','','',0,0);
Insert into Formula Values('0912STA50$750EEO',1,0,0,'CPFFormula1','EE','T4','','','',0,0);
Insert into Formula Values('0912STA50$750EEA',1,0,0,'CPFFormula1','EE','T4','','','',0,0);
Insert into Formula Values('0912STA50$1200ERO',1,0,0,'CPFFormula1','ER','T4','','','',0,0);
Insert into Formula Values('0912STA50$1200ERA',1,0,0,'CPFFormula1','ER','T4','','','',0,0);
Insert into Formula Values('0912STA50$1200EEO',1,0,0,'CPFFormula1','EE','T4','','','',0,0);
Insert into Formula Values('0912STA50$1200EEA',1,0,0,'CPFFormula1','EE','T4','','','',0,0);
Insert into Formula Values('0912STA50$1500ERO',1,0,0,'CPFFormula1','ER','T3','','','',0,0);
Insert into Formula Values('0912STA50$1500ERA',1,0,0,'CPFFormula1','ER','T3','','','',0,0);
Insert into Formula Values('0912STA50$1500EEO',1,0,0,'CPFFormula1','EE','T3','','','',0,0);
Insert into Formula Values('0912STA50$1500EEA',1,0,0,'CPFFormula1','EE','T3','','','',0,0);
Insert into Formula Values('0912STA55$0ERO',1,0,0,'CPFFormula1','ER','T1','','','',0,0);
Insert into Formula Values('0912STA55$0ERA',1,0,0,'CPFFormula1','ER','T1','','','',0,0);
Insert into Formula Values('0912STA55$0EEO',1,0,0,'CPFFormula1','EE','T1','','','',0,0);
Insert into Formula Values('0912STA55$0EEA',1,0,0,'CPFFormula1','EE','T1','','','',0,0);
Insert into Formula Values('0912STA55$50ERO',1,0,0,'CPFFormula1','ER','T4','','','',0,0);
Insert into Formula Values('0912STA55$50ERA',1,0,0,'CPFFormula1','ER','T4','','','',0,0);
Insert into Formula Values('0912STA55$50EEO',1,0,0,'CPFFormula1','EE','T1','','','',0,0);
Insert into Formula Values('0912STA55$50EEA',1,0,0,'CPFFormula1','EE','T1','','','',0,0);
Insert into Formula Values('0912STA55$500ERO',1,0,0,'CPFFormula1','ER','T4','','','',0,0);
Insert into Formula Values('0912STA55$500ERA',1,0,0,'CPFFormula1','ER','T4','','','',0,0);
Insert into Formula Values('0912STA55$500EEO',1,0,0,'CPFFormula1','EE','T4','','','',0,0);
Insert into Formula Values('0912STA55$500EEA',1,0,0,'CPFFormula1','EE','T4','','','',0,0);
Insert into Formula Values('0912STA55$750ERO',1,0,0,'CPFFormula1','ER','T4','','','',0,0);
Insert into Formula Values('0912STA55$750ERA',1,0,0,'CPFFormula1','ER','T4','','','',0,0);
Insert into Formula Values('0912STA55$750EEO',1,0,0,'CPFFormula1','EE','T4','','','',0,0);
Insert into Formula Values('0912STA55$750EEA',1,0,0,'CPFFormula1','EE','T4','','','',0,0);
Insert into Formula Values('0912STA55$1200ERO',1,0,0,'CPFFormula1','ER','T4','','','',0,0);
Insert into Formula Values('0912STA55$1200ERA',1,0,0,'CPFFormula1','ER','T4','','','',0,0);
Insert into Formula Values('0912STA55$1200EEO',1,0,0,'CPFFormula1','EE','T4','','','',0,0);
Insert into Formula Values('0912STA55$1200EEA',1,0,0,'CPFFormula1','EE','T4','','','',0,0);
Insert into Formula Values('0912STA55$1500ERO',1,0,0,'CPFFormula1','ER','T3','','','',0,0);
Insert into Formula Values('0912STA55$1500ERA',1,0,0,'CPFFormula1','ER','T3','','','',0,0);
Insert into Formula Values('0912STA55$1500EEO',1,0,0,'CPFFormula1','EE','T3','','','',0,0);
Insert into Formula Values('0912STA55$1500EEA',1,0,0,'CPFFormula1','EE','T3','','','',0,0);
Insert into Formula Values('0912STA60$0ERO',1,0,0,'CPFFormula1','ER','T1','','','',0,0);
Insert into Formula Values('0912STA60$0ERA',1,0,0,'CPFFormula1','ER','T1','','','',0,0);
Insert into Formula Values('0912STA60$0EEO',1,0,0,'CPFFormula1','EE','T1','','','',0,0);
Insert into Formula Values('0912STA60$0EEA',1,0,0,'CPFFormula1','EE','T1','','','',0,0);
Insert into Formula Values('0912STA60$50ERO',1,0,0,'CPFFormula1','ER','T4','','','',0,0);
Insert into Formula Values('0912STA60$50ERA',1,0,0,'CPFFormula1','ER','T4','','','',0,0);
Insert into Formula Values('0912STA60$50EEO',1,0,0,'CPFFormula1','EE','T1','','','',0,0);
Insert into Formula Values('0912STA60$50EEA',1,0,0,'CPFFormula1','EE','T1','','','',0,0);
Insert into Formula Values('0912STA60$500ERO',1,0,0,'CPFFormula1','ER','T4','','','',0,0);
Insert into Formula Values('0912STA60$500ERA',1,0,0,'CPFFormula1','ER','T4','','','',0,0);
Insert into Formula Values('0912STA60$500EEO',1,0,0,'CPFFormula1','EE','T4','','','',0,0);
Insert into Formula Values('0912STA60$500EEA',1,0,0,'CPFFormula1','EE','T4','','','',0,0);
Insert into Formula Values('0912STA60$750ERO',1,0,0,'CPFFormula1','ER','T4','','','',0,0);
Insert into Formula Values('0912STA60$750ERA',1,0,0,'CPFFormula1','ER','T4','','','',0,0);
Insert into Formula Values('0912STA60$750EEO',1,0,0,'CPFFormula1','EE','T4','','','',0,0);
Insert into Formula Values('0912STA60$750EEA',1,0,0,'CPFFormula1','EE','T4','','','',0,0);
Insert into Formula Values('0912STA60$1200ERO',1,0,0,'CPFFormula1','ER','T4','','','',0,0);
Insert into Formula Values('0912STA60$1200ERA',1,0,0,'CPFFormula1','ER','T4','','','',0,0);
Insert into Formula Values('0912STA60$1200EEO',1,0,0,'CPFFormula1','EE','T4','','','',0,0);
Insert into Formula Values('0912STA60$1200EEA',1,0,0,'CPFFormula1','EE','T4','','','',0,0);
Insert into Formula Values('0912STA60$1500ERO',1,0,0,'CPFFormula1','ER','T3','','','',0,0);
Insert into Formula Values('0912STA60$1500ERA',1,0,0,'CPFFormula1','ER','T3','','','',0,0);
Insert into Formula Values('0912STA60$1500EEO',1,0,0,'CPFFormula1','EE','T3','','','',0,0);
Insert into Formula Values('0912STA60$1500EEA',1,0,0,'CPFFormula1','EE','T3','','','',0,0);
Insert into Formula Values('0912STA65$0ERO',1,0,0,'CPFFormula1','ER','T1','','','',0,0);
Insert into Formula Values('0912STA65$0ERA',1,0,0,'CPFFormula1','ER','T1','','','',0,0);
Insert into Formula Values('0912STA65$0EEO',1,0,0,'CPFFormula1','EE','T1','','','',0,0);
Insert into Formula Values('0912STA65$0EEA',1,0,0,'CPFFormula1','EE','T1','','','',0,0);
Insert into Formula Values('0912STA65$50ERO',1,0,0,'CPFFormula1','ER','T4','','','',0,0);
Insert into Formula Values('0912STA65$50ERA',1,0,0,'CPFFormula1','ER','T4','','','',0,0);
Insert into Formula Values('0912STA65$50EEO',1,0,0,'CPFFormula1','EE','T1','','','',0,0);
Insert into Formula Values('0912STA65$50EEA',1,0,0,'CPFFormula1','EE','T1','','','',0,0);
Insert into Formula Values('0912STA65$500ERO',1,0,0,'CPFFormula1','ER','T4','','','',0,0);
Insert into Formula Values('0912STA65$500ERA',1,0,0,'CPFFormula1','ER','T4','','','',0,0);
Insert into Formula Values('0912STA65$500EEO',1,0,0,'CPFFormula1','EE','T4','','','',0,0);
Insert into Formula Values('0912STA65$500EEA',1,0,0,'CPFFormula1','EE','T4','','','',0,0);
Insert into Formula Values('0912STA65$750ERO',1,0,0,'CPFFormula1','ER','T4','','','',0,0);
Insert into Formula Values('0912STA65$750ERA',1,0,0,'CPFFormula1','ER','T4','','','',0,0);
Insert into Formula Values('0912STA65$750EEO',1,0,0,'CPFFormula1','EE','T4','','','',0,0);
Insert into Formula Values('0912STA65$750EEA',1,0,0,'CPFFormula1','EE','T4','','','',0,0);
Insert into Formula Values('0912STA65$1200ERO',1,0,0,'CPFFormula1','ER','T4','','','',0,0);
Insert into Formula Values('0912STA65$1200ERA',1,0,0,'CPFFormula1','ER','T4','','','',0,0);
Insert into Formula Values('0912STA65$1200EEO',1,0,0,'CPFFormula1','EE','T4','','','',0,0);
Insert into Formula Values('0912STA65$1200EEA',1,0,0,'CPFFormula1','EE','T4','','','',0,0);
Insert into Formula Values('0912STA65$1500ERO',1,0,0,'CPFFormula1','ER','T3','','','',0,0);
Insert into Formula Values('0912STA65$1500ERA',1,0,0,'CPFFormula1','ER','T3','','','',0,0);
Insert into Formula Values('0912STA65$1500EEO',1,0,0,'CPFFormula1','EE','T3','','','',0,0);
Insert into Formula Values('0912STA65$1500EEA',1,0,0,'CPFFormula1','EE','T3','','','',0,0);
Insert into FormulaRange Values('0912STA0$0ERO',1,0,0,'(C1/100)*K2;',0,0,0,0,0,'CPFWage','OrdWage','AddWage','','','','','','','','','','','','','','','','','','','','','','','','','','','','','','','',''       );
Insert into FormulaRange Values('0912STA0$0ERA',1,0,0,'(C1/100)*K3;',0,0,0,0,0,'CPFWage','OrdWage','AddWage','','','','','','','','','','','','','','','','','','','','','','','','','','','','','','','',''       );
Insert into FormulaRange Values('0912STA0$0EEO',1,0,0,'(C1/100)*K2;',0,0,0,0,0,'CPFWage','OrdWage','AddWage','','','','','','','','','','','','','','','','','','','','','','','','','','','','','','','',''       );
Insert into FormulaRange Values('0912STA0$0EEA',1,0,0,'(C1/100)*K3;',0,0,0,0,0,'CPFWage','OrdWage','AddWage','','','','','','','','','','','','','','','','','','','','','','','','','','','','','','','',''       );
Insert into FormulaRange Values('0912STA0$50ERO',1,0,0,'(C1/100)*K2;',16,0,0,0,0,'CPFWage','OrdWage','AddWage','','','','','','','','','','','','','','','','','','','','','','','','','','','','','','','',''       );
Insert into FormulaRange Values('0912STA0$50ERA',1,0,0,'(C1/100)*K3;',16,0,0,0,0,'CPFWage','OrdWage','AddWage','','','','','','','','','','','','','','','','','','','','','','','','','','','','','','','',''       );
Insert into FormulaRange Values('0912STA0$50EEO',1,0,0,'(C1/100)*K2;',0,0,0,0,0,'CPFWage','OrdWage','AddWage','','','','','','','','','','','','','','','','','','','','','','','','','','','','','','','',''       );
Insert into FormulaRange Values('0912STA0$50EEA',1,0,0,'(C1/100)*K3;',0,0,0,0,0,'CPFWage','OrdWage','AddWage','','','','','','','','','','','','','','','','','','','','','','','','','','','','','','','',''       );
Insert into FormulaRange Values('0912STA0$500ERO',1,0,0,'(C1/100)*K2;',16,0,0,0,0,'CPFWage','OrdWage','AddWage','','','','','','','','','','','','','','','','','','','','','','','','','','','','','','','',''       );
Insert into FormulaRange Values('0912STA0$500ERA',1,0,0,'(C1/100)*K3;',16,0,0,0,0,'CPFWage','OrdWage','AddWage','','','','','','','','','','','','','','','','','','','','','','','','','','','','','','','',''       );
Insert into FormulaRange Values('0912STA0$500EEO',1,0,0,'(K2/K1)*(C1 * (K1 - C2) + C3);',0.48,500,0,0,0,'CPFWage','OrdWage','AddWage','','','','','','','','','','','','','','','','','','','','','','','','','','','','','','','',''       );
Insert into FormulaRange Values('0912STA0$500EEA',1,0,0,'(K3/K1)*(C1 * (K1 - C2) + C3);',0.48,500,0,0,0,'CPFWage','OrdWage','AddWage','','','','','','','','','','','','','','','','','','','','','','','','','','','','','','','',''       );
Insert into FormulaRange Values('0912STA0$750ERO',1,0,0,'(C1/100)*K2;',16,0,0,0,0,'CPFWage','OrdWage','AddWage','','','','','','','','','','','','','','','','','','','','','','','','','','','','','','','',''       );
Insert into FormulaRange Values('0912STA0$750ERA',1,0,0,'(C1/100)*K3;',16,0,0,0,0,'CPFWage','OrdWage','AddWage','','','','','','','','','','','','','','','','','','','','','','','','','','','','','','','',''       );
Insert into FormulaRange Values('0912STA0$750EEO',1,0,0,'(K2/K1)*(C1 * (K1 - C2) + C3);',0.24,750,120,0,0,'CPFWage','OrdWage','AddWage','','','','','','','','','','','','','','','','','','','','','','','','','','','','','','','',''       );
Insert into FormulaRange Values('0912STA0$750EEA',1,0,0,'(K3/K1)*(C1 * (K1 - C2) + C3);',0.24,750,120,0,0,'CPFWage','OrdWage','AddWage','','','','','','','','','','','','','','','','','','','','','','','','','','','','','','','',''       );
Insert into FormulaRange Values('0912STA0$1200ERO',1,0,0,'(C1/100)*K2;',16,0,0,0,0,'CPFWage','OrdWage','AddWage','','','','','','','','','','','','','','','','','','','','','','','','','','','','','','','',''       );
Insert into FormulaRange Values('0912STA0$1200ERA',1,0,0,'(C1/100)*K3;',16,0,0,0,0,'CPFWage','OrdWage','AddWage','','','','','','','','','','','','','','','','','','','','','','','','','','','','','','','',''       );
Insert into FormulaRange Values('0912STA0$1200EEO',1,0,0,'(K2/K1)*(C1 * (K1 - C2) + C3);',0.24,750,120,0,0,'CPFWage','OrdWage','AddWage','','','','','','','','','','','','','','','','','','','','','','','','','','','','','','','',''       );
Insert into FormulaRange Values('0912STA0$1200EEA',1,0,0,'(K3/K1)*(C1 * (K1 - C2) + C3);',0.24,750,120,0,0,'CPFWage','OrdWage','AddWage','','','','','','','','','','','','','','','','','','','','','','','','','','','','','','','',''       );
Insert into FormulaRange Values('0912STA0$1500ERO',1,0,0,'@MAX( (C1/100)*K2 , C2 );',16,800,0,0,0,'CPFWage','OrdWage','AddWage','','','','','','','','','','','','','','','','','','','','','','','','','','','','','','','',''       );
Insert into FormulaRange Values('0912STA0$1500ERA',1,0,0,' (C1/100)*K3;',16,0,0,0,0,'CPFWage','OrdWage','AddWage','','','','','','','','','','','','','','','','','','','','','','','','','','','','','','','',''       );
Insert into FormulaRange Values('0912STA0$1500EEO',1,0,0,'@MAX( (C1/100)*K2 , C2 );',20,1000,0,0,0,'CPFWage','OrdWage','AddWage','','','','','','','','','','','','','','','','','','','','','','','','','','','','','','','',''       );
Insert into FormulaRange Values('0912STA0$1500EEA',1,0,0,' (C1/100)*K3;',20,0,0,0,0,'CPFWage','OrdWage','AddWage','','','','','','','','','','','','','','','','','','','','','','','','','','','','','','','',''       );
Insert into FormulaRange Values('0912STA35$0ERO',1,0,0,'(C1/100)*K2;',0,0,0,0,0,'CPFWage','OrdWage','AddWage','','','','','','','','','','','','','','','','','','','','','','','','','','','','','','','',''       );
Insert into FormulaRange Values('0912STA35$0ERA',1,0,0,'(C1/100)*K3;',0,0,0,0,0,'CPFWage','OrdWage','AddWage','','','','','','','','','','','','','','','','','','','','','','','','','','','','','','','',''       );
Insert into FormulaRange Values('0912STA35$0EEO',1,0,0,'(C1/100)*K2;',0,0,0,0,0,'CPFWage','OrdWage','AddWage','','','','','','','','','','','','','','','','','','','','','','','','','','','','','','','',''       );
Insert into FormulaRange Values('0912STA35$0EEA',1,0,0,'(C1/100)*K3;',0,0,0,0,0,'CPFWage','OrdWage','AddWage','','','','','','','','','','','','','','','','','','','','','','','','','','','','','','','',''       );
Insert into FormulaRange Values('0912STA35$50ERO',1,0,0,'(K2/K1)*(C1 * (K1 - C2) + C3);',0.1063,50,0,0,0,'CPFWage','OrdWage','AddWage','','','','','','','','','','','','','','','','','','','','','','','','','','','','','','','',''       );
Insert into FormulaRange Values('0912STA35$50ERA',1,0,0,'(K3/K1)*(C1 * (K1 - C2) + C3);',0.1063,50,0,0,0,'CPFWage','OrdWage','AddWage','','','','','','','','','','','','','','','','','','','','','','','','','','','','','','','',''       );
Insert into FormulaRange Values('0912STA35$50EEO',1,0,0,'(C1/100)*K2;',0,0,0,0,0,'CPFWage','OrdWage','AddWage','','','','','','','','','','','','','','','','','','','','','','','','','','','','','','','',''       );
Insert into FormulaRange Values('0912STA35$50EEA',1,0,0,'(C1/100)*K3;',0,0,0,0,0,'CPFWage','OrdWage','AddWage','','','','','','','','','','','','','','','','','','','','','','','','','','','','','','','',''       );
Insert into FormulaRange Values('0912STA35$500ERO',1,0,0,'(K2/K1)*(C1 * (K1 - C2) + C3);',0.1063,50,0,0,0,'CPFWage','OrdWage','AddWage','','','','','','','','','','','','','','','','','','','','','','','','','','','','','','','',''       );
Insert into FormulaRange Values('0912STA35$500ERA',1,0,0,'(K3/K1)*(C1 * (K1 - C2) + C3);',0.1063,50,0,0,0,'CPFWage','OrdWage','AddWage','','','','','','','','','','','','','','','','','','','','','','','','','','','','','','','',''       );
Insert into FormulaRange Values('0912STA35$500EEO',1,0,0,'(K2/K1)*(C1 * (K1 - C2) + C3);',0.48,500,0,0,0,'CPFWage','OrdWage','AddWage','','','','','','','','','','','','','','','','','','','','','','','','','','','','','','','',''       );
Insert into FormulaRange Values('0912STA35$500EEA',1,0,0,'(K3/K1)*(C1 * (K1 - C2) + C3);',0.48,500,0,0,0,'CPFWage','OrdWage','AddWage','','','','','','','','','','','','','','','','','','','','','','','','','','','','','','','',''       );
Insert into FormulaRange Values('0912STA35$750ERO',1,0,0,'(K2/K1)*(C1 * (K1 - C2) + C3);',0.2171,750,74.475,0,0,'CPFWage','OrdWage','AddWage','','','','','','','','','','','','','','','','','','','','','','','','','','','','','','','',''       );
Insert into FormulaRange Values('0912STA35$750ERA',1,0,0,'(K3/K1)*(C1 * (K1 - C2) + C3);',0.2171,750,74.475,0,0,'CPFWage','OrdWage','AddWage','','','','','','','','','','','','','','','','','','','','','','','','','','','','','','','',''       );
Insert into FormulaRange Values('0912STA35$750EEO',1,0,0,'(K2/K1)*(C1 * (K1 - C2) + C3);',0.24,750,120,0,0,'CPFWage','OrdWage','AddWage','','','','','','','','','','','','','','','','','','','','','','','','','','','','','','','',''       );
Insert into FormulaRange Values('0912STA35$750EEA',1,0,0,'(K3/K1)*(C1 * (K1 - C2) + C3);',0.24,750,120,0,0,'CPFWage','OrdWage','AddWage','','','','','','','','','','','','','','','','','','','','','','','','','','','','','','','',''       );
Insert into FormulaRange Values('0912STA35$1200ERO',1,0,0,'(K2/K1)*(C1 * (K1 - C2) + C3);',0.226,1200,172.2,0,0,'CPFWage','OrdWage','AddWage','','','','','','','','','','','','','','','','','','','','','','','','','','','','','','','',''       );
Insert into FormulaRange Values('0912STA35$1200ERA',1,0,0,'(K3/K1)*(C1 * (K1 - C2) + C3);',0.226,1200,172.2,0,0,'CPFWage','OrdWage','AddWage','','','','','','','','','','','','','','','','','','','','','','','','','','','','','','','',''       );
Insert into FormulaRange Values('0912STA35$1200EEO',1,0,0,'(K2/K1)*(C1 * (K1 - C2) + C3);',0.24,750,120,0,0,'CPFWage','OrdWage','AddWage','','','','','','','','','','','','','','','','','','','','','','','','','','','','','','','',''       );
Insert into FormulaRange Values('0912STA35$1200EEA',1,0,0,'(K3/K1)*(C1 * (K1 - C2) + C3);',0.24,750,120,0,0,'CPFWage','OrdWage','AddWage','','','','','','','','','','','','','','','','','','','','','','','','','','','','','','','',''       );
Insert into FormulaRange Values('0912STA35$1500ERO',1,0,0,'@MAX( (C1/100)*K2 , C2 );',16,800,0,0,0,'CPFWage','OrdWage','AddWage','','','','','','','','','','','','','','','','','','','','','','','','','','','','','','','',''       );
Insert into FormulaRange Values('0912STA35$1500ERA',1,0,0,' (C1/100)*K3;',16,0,0,0,0,'CPFWage','OrdWage','AddWage','','','','','','','','','','','','','','','','','','','','','','','','','','','','','','','',''       );
Insert into FormulaRange Values('0912STA35$1500EEO',1,0,0,'@MAX( (C1/100)*K2 , C2 );',20,1000,0,0,0,'CPFWage','OrdWage','AddWage','','','','','','','','','','','','','','','','','','','','','','','','','','','','','','','',''       );
Insert into FormulaRange Values('0912STA35$1500EEA',1,0,0,' (C1/100)*K3;',20,0,0,0,0,'CPFWage','OrdWage','AddWage','','','','','','','','','','','','','','','','','','','','','','','','','','','','','','','',''       );
Insert into FormulaRange Values('0912STA50$0ERO',1,0,0,'(C1/100)*K2;',0,0,0,0,0,'CPFWage','OrdWage','AddWage','','','','','','','','','','','','','','','','','','','','','','','','','','','','','','','',''       );
Insert into FormulaRange Values('0912STA50$0ERA',1,0,0,'(C1/100)*K3;',0,0,0,0,0,'CPFWage','OrdWage','AddWage','','','','','','','','','','','','','','','','','','','','','','','','','','','','','','','',''       );
Insert into FormulaRange Values('0912STA50$0EEO',1,0,0,'(C1/100)*K2;',0,0,0,0,0,'CPFWage','OrdWage','AddWage','','','','','','','','','','','','','','','','','','','','','','','','','','','','','','','',''       );
Insert into FormulaRange Values('0912STA50$0EEA',1,0,0,'(C1/100)*K3;',0,0,0,0,0,'CPFWage','OrdWage','AddWage','','','','','','','','','','','','','','','','','','','','','','','','','','','','','','','',''       );
Insert into FormulaRange Values('0912STA50$50ERO',1,0,0,'(K2/K1)*(C1 * (K1 - C2) + C3);',0.093,50,0,0,0,'CPFWage','OrdWage','AddWage','','','','','','','','','','','','','','','','','','','','','','','','','','','','','','','',''       );
Insert into FormulaRange Values('0912STA50$50ERA',1,0,0,'(K3/K1)*(C1 * (K1 - C2) + C3);',0.093,50,0,0,0,'CPFWage','OrdWage','AddWage','','','','','','','','','','','','','','','','','','','','','','','','','','','','','','','',''       );
Insert into FormulaRange Values('0912STA50$50EEO',1,0,0,'(C1/100)*K2;',0,0,0,0,0,'CPFWage','OrdWage','AddWage','','','','','','','','','','','','','','','','','','','','','','','','','','','','','','','',''       );
Insert into FormulaRange Values('0912STA50$50EEA',1,0,0,'(C1/100)*K3;',0,0,0,0,0,'CPFWage','OrdWage','AddWage','','','','','','','','','','','','','','','','','','','','','','','','','','','','','','','',''       );
Insert into FormulaRange Values('0912STA50$500ERO',1,0,0,'(K2/K1)*(C1 * (K1 - C2) + C3);',0.093,50,0,0,0,'CPFWage','OrdWage','AddWage','','','','','','','','','','','','','','','','','','','','','','','','','','','','','','','',''       );
Insert into FormulaRange Values('0912STA50$500ERA',1,0,0,'(K3/K1)*(C1 * (K1 - C2) + C3);',0.093,50,0,0,0,'CPFWage','OrdWage','AddWage','','','','','','','','','','','','','','','','','','','','','','','','','','','','','','','',''       );
Insert into FormulaRange Values('0912STA50$500EEO',1,0,0,'(K2/K1)*(C1 * (K1 - C2) + C3);',0.444,500,0,0,0,'CPFWage','OrdWage','AddWage','','','','','','','','','','','','','','','','','','','','','','','','','','','','','','','',''       );
Insert into FormulaRange Values('0912STA50$500EEA',1,0,0,'(K3/K1)*(C1 * (K1 - C2) + C3);',0.444,500,0,0,0,'CPFWage','OrdWage','AddWage','','','','','','','','','','','','','','','','','','','','','','','','','','','','','','','',''       );
Insert into FormulaRange Values('0912STA50$750ERO',1,0,0,'(K2/K1)*(C1 * (K1 - C2) + C3);',0.1756,750,65.1,0,0,'CPFWage','OrdWage','AddWage','','','','','','','','','','','','','','','','','','','','','','','','','','','','','','','',''       );
Insert into FormulaRange Values('0912STA50$750ERA',1,0,0,'(K3/K1)*(C1 * (K1 - C2) + C3);',0.1756,750,65.1,0,0,'CPFWage','OrdWage','AddWage','','','','','','','','','','','','','','','','','','','','','','','','','','','','','','','',''       );
Insert into FormulaRange Values('0912STA50$750EEO',1,0,0,'(K2/K1)*(C1 * (K1 - C2) + C3);',0.222,750,111,0,0,'CPFWage','OrdWage','AddWage','','','','','','','','','','','','','','','','','','','','','','','','','','','','','','','',''       );
Insert into FormulaRange Values('0912STA50$750EEA',1,0,0,'(K3/K1)*(C1 * (K1 - C2) + C3);',0.222,750,111,0,0,'CPFWage','OrdWage','AddWage','','','','','','','','','','','','','','','','','','','','','','','','','','','','','','','',''       );
Insert into FormulaRange Values('0912STA50$1200ERO',1,0,0,'(K2/K1)*(C1 * (K1 - C2) + C3);',0.2196,1200,144.12,0,0,'CPFWage','OrdWage','AddWage','','','','','','','','','','','','','','','','','','','','','','','','','','','','','','','',''       );
Insert into FormulaRange Values('0912STA50$1200ERA',1,0,0,'(K3/K1)*(C1 * (K1 - C2) + C3);',0.2196,1200,144.12,0,0,'CPFWage','OrdWage','AddWage','','','','','','','','','','','','','','','','','','','','','','','','','','','','','','','',''       );
Insert into FormulaRange Values('0912STA50$1200EEO',1,0,0,'(K2/K1)*(C1 * (K1 - C2) + C3);',0.222,750,111,0,0,'CPFWage','OrdWage','AddWage','','','','','','','','','','','','','','','','','','','','','','','','','','','','','','','',''       );
Insert into FormulaRange Values('0912STA50$1200EEA',1,0,0,'(K3/K1)*(C1 * (K1 - C2) + C3);',0.222,750,111,0,0,'CPFWage','OrdWage','AddWage','','','','','','','','','','','','','','','','','','','','','','','','','','','','','','','',''       );
Insert into FormulaRange Values('0912STA50$1500ERO',1,0,0,'@MAX( (C1/100)*K2 , C2 );',14,700,0,0,0,'CPFWage','OrdWage','AddWage','','','','','','','','','','','','','','','','','','','','','','','','','','','','','','','',''       );
Insert into FormulaRange Values('0912STA50$1500ERA',1,0,0,' (C1/100)*K3;',14,0,0,0,0,'CPFWage','OrdWage','AddWage','','','','','','','','','','','','','','','','','','','','','','','','','','','','','','','',''       );
Insert into FormulaRange Values('0912STA50$1500EEO',1,0,0,'@MAX( (C1/100)*K2 , C2 );',18.5,925,0,0,0,'CPFWage','OrdWage','AddWage','','','','','','','','','','','','','','','','','','','','','','','','','','','','','','','',''       );
Insert into FormulaRange Values('0912STA50$1500EEA',1,0,0,' (C1/100)*K3;',18.5,0,0,0,0,'CPFWage','OrdWage','AddWage','','','','','','','','','','','','','','','','','','','','','','','','','','','','','','','',''       );
Insert into FormulaRange Values('0912STA55$0ERO',1,0,0,'(C1/100)*K2;',0,0,0,0,0,'CPFWage','OrdWage','AddWage','','','','','','','','','','','','','','','','','','','','','','','','','','','','','','','',''       );
Insert into FormulaRange Values('0912STA55$0ERA',1,0,0,'(C1/100)*K3;',0,0,0,0,0,'CPFWage','OrdWage','AddWage','','','','','','','','','','','','','','','','','','','','','','','','','','','','','','','',''       );
Insert into FormulaRange Values('0912STA55$0EEO',1,0,0,'(C1/100)*K2;',0,0,0,0,0,'CPFWage','OrdWage','AddWage','','','','','','','','','','','','','','','','','','','','','','','','','','','','','','','',''       );
Insert into FormulaRange Values('0912STA55$0EEA',1,0,0,'(C1/100)*K3;',0,0,0,0,0,'CPFWage','OrdWage','AddWage','','','','','','','','','','','','','','','','','','','','','','','','','','','','','','','',''       );
Insert into FormulaRange Values('0912STA55$50ERO',1,0,0,'(K2/K1)*(C1 * (K1 - C2) + C3);',0.0697,50,0,0,0,'CPFWage','OrdWage','AddWage','','','','','','','','','','','','','','','','','','','','','','','','','','','','','','','',''       );
Insert into FormulaRange Values('0912STA55$50ERA',1,0,0,'(K3/K1)*(C1 * (K1 - C2) + C3);',0.0697,50,0,0,0,'CPFWage','OrdWage','AddWage','','','','','','','','','','','','','','','','','','','','','','','','','','','','','','','',''       );
Insert into FormulaRange Values('0912STA55$50EEO',1,0,0,'(C1/100)*K2;',0,0,0,0,0,'CPFWage','OrdWage','AddWage','','','','','','','','','','','','','','','','','','','','','','','','','','','','','','','',''       );
Insert into FormulaRange Values('0912STA55$50EEA',1,0,0,'(C1/100)*K3;',0,0,0,0,0,'CPFWage','OrdWage','AddWage','','','','','','','','','','','','','','','','','','','','','','','','','','','','','','','',''       );
Insert into FormulaRange Values('0912STA55$500ERO',1,0,0,'(K2/K1)*(C1 * (K1 - C2) + C3);',0.0697,50,0,0,0,'CPFWage','OrdWage','AddWage','','','','','','','','','','','','','','','','','','','','','','','','','','','','','','','',''       );
Insert into FormulaRange Values('0912STA55$500ERA',1,0,0,'(K3/K1)*(C1 * (K1 - C2) + C3);',0.0697,50,0,0,0,'CPFWage','OrdWage','AddWage','','','','','','','','','','','','','','','','','','','','','','','','','','','','','','','',''       );
Insert into FormulaRange Values('0912STA55$500EEO',1,0,0,'(K2/K1)*(C1 * (K1 - C2) + C3);',0.312,500,0,0,0,'CPFWage','OrdWage','AddWage','','','','','','','','','','','','','','','','','','','','','','','','','','','','','','','',''       );
Insert into FormulaRange Values('0912STA55$500EEA',1,0,0,'(K3/K1)*(C1 * (K1 - C2) + C3);',0.312,500,0,0,0,'CPFWage','OrdWage','AddWage','','','','','','','','','','','','','','','','','','','','','','','','','','','','','','','',''       );
Insert into FormulaRange Values('0912STA55$750ERO',1,0,0,'(K2/K1)*(C1 * (K1 - C2) + C3);',0.1155,750,48.825,0,0,'CPFWage','OrdWage','AddWage','','','','','','','','','','','','','','','','','','','','','','','','','','','','','','','',''       );
Insert into FormulaRange Values('0912STA55$750ERA',1,0,0,'(K3/K1)*(C1 * (K1 - C2) + C3);',0.1155,750,48.825,0,0,'CPFWage','OrdWage','AddWage','','','','','','','','','','','','','','','','','','','','','','','','','','','','','','','',''       );
Insert into FormulaRange Values('0912STA55$750EEO',1,0,0,'(K2/K1)*(C1 * (K1 - C2) + C3);',0.156,750,78,0,0,'CPFWage','OrdWage','AddWage','','','','','','','','','','','','','','','','','','','','','','','','','','','','','','','',''       );
Insert into FormulaRange Values('0912STA55$750EEA',1,0,0,'(K3/K1)*(C1 * (K1 - C2) + C3);',0.156,750,78,0,0,'CPFWage','OrdWage','AddWage','','','','','','','','','','','','','','','','','','','','','','','','','','','','','','','',''       );
Insert into FormulaRange Values('0912STA55$1200ERO',1,0,0,'(K2/K1)*(C1 * (K1 - C2) + C3);',0.189,1200,100.8,0,0,'CPFWage','OrdWage','AddWage','','','','','','','','','','','','','','','','','','','','','','','','','','','','','','','',''       );
Insert into FormulaRange Values('0912STA55$1200ERA',1,0,0,'(K3/K1)*(C1 * (K1 - C2) + C3);',0.189,1200,100.8,0,0,'CPFWage','OrdWage','AddWage','','','','','','','','','','','','','','','','','','','','','','','','','','','','','','','',''       );
Insert into FormulaRange Values('0912STA55$1200EEO',1,0,0,'(K2/K1)*(C1 * (K1 - C2) + C3);',0.156,750,78,0,0,'CPFWage','OrdWage','AddWage','','','','','','','','','','','','','','','','','','','','','','','','','','','','','','','',''       );
Insert into FormulaRange Values('0912STA55$1200EEA',1,0,0,'(K3/K1)*(C1 * (K1 - C2) + C3);',0.156,750,78,0,0,'CPFWage','OrdWage','AddWage','','','','','','','','','','','','','','','','','','','','','','','','','','','','','','','',''       );
Insert into FormulaRange Values('0912STA55$1500ERO',1,0,0,'@MAX( (C1/100)*K2 , C2 );',10.5,525,0,0,0,'CPFWage','OrdWage','AddWage','','','','','','','','','','','','','','','','','','','','','','','','','','','','','','','',''       );
Insert into FormulaRange Values('0912STA55$1500ERA',1,0,0,' (C1/100)*K3;',10.5,0,0,0,0,'CPFWage','OrdWage','AddWage','','','','','','','','','','','','','','','','','','','','','','','','','','','','','','','',''       );
Insert into FormulaRange Values('0912STA55$1500EEO',1,0,0,'@MAX( (C1/100)*K2 , C2 );',13,650,0,0,0,'CPFWage','OrdWage','AddWage','','','','','','','','','','','','','','','','','','','','','','','','','','','','','','','',''       );
Insert into FormulaRange Values('0912STA55$1500EEA',1,0,0,' (C1/100)*K3;',13,0,0,0,0,'CPFWage','OrdWage','AddWage','','','','','','','','','','','','','','','','','','','','','','','','','','','','','','','',''       );
Insert into FormulaRange Values('0912STA60$0ERO',1,0,0,'(C1/100)*K2;',0,0,0,0,0,'CPFWage','OrdWage','AddWage','','','','','','','','','','','','','','','','','','','','','','','','','','','','','','','',''       );
Insert into FormulaRange Values('0912STA60$0ERA',1,0,0,'(C1/100)*K3;',0,0,0,0,0,'CPFWage','OrdWage','AddWage','','','','','','','','','','','','','','','','','','','','','','','','','','','','','','','',''       );
Insert into FormulaRange Values('0912STA60$0EEO',1,0,0,'(C1/100)*K2;',0,0,0,0,0,'CPFWage','OrdWage','AddWage','','','','','','','','','','','','','','','','','','','','','','','','','','','','','','','',''       );
Insert into FormulaRange Values('0912STA60$0EEA',1,0,0,'(C1/100)*K3;',0,0,0,0,0,'CPFWage','OrdWage','AddWage','','','','','','','','','','','','','','','','','','','','','','','','','','','','','','','',''       );
Insert into FormulaRange Values('0912STA60$50ERO',1,0,0,'(K2/K1)*(C1 * (K1 - C2) + C3);',0.0465,50,0,0,0,'CPFWage','OrdWage','AddWage','','','','','','','','','','','','','','','','','','','','','','','','','','','','','','','',''       );
Insert into FormulaRange Values('0912STA60$50ERA',1,0,0,'(K3/K1)*(C1 * (K1 - C2) + C3);',0.0465,50,0,0,0,'CPFWage','OrdWage','AddWage','','','','','','','','','','','','','','','','','','','','','','','','','','','','','','','',''       );
Insert into FormulaRange Values('0912STA60$50EEO',1,0,0,'(C1/100)*K2;',0,0,0,0,0,'CPFWage','OrdWage','AddWage','','','','','','','','','','','','','','','','','','','','','','','','','','','','','','','',''       );
Insert into FormulaRange Values('0912STA60$50EEA',1,0,0,'(C1/100)*K3;',0,0,0,0,0,'CPFWage','OrdWage','AddWage','','','','','','','','','','','','','','','','','','','','','','','','','','','','','','','',''       );
Insert into FormulaRange Values('0912STA60$500ERO',1,0,0,'(K2/K1)*(C1 * (K1 - C2) + C3);',0.0465,50,0,0,0,'CPFWage','OrdWage','AddWage','','','','','','','','','','','','','','','','','','','','','','','','','','','','','','','',''       );
Insert into FormulaRange Values('0912STA60$500ERA',1,0,0,'(K3/K1)*(C1 * (K1 - C2) + C3);',0.0465,50,0,0,0,'CPFWage','OrdWage','AddWage','','','','','','','','','','','','','','','','','','','','','','','','','','','','','','','',''       );
Insert into FormulaRange Values('0912STA60$500EEO',1,0,0,'(K2/K1)*(C1 * (K1 - C2) + C3);',0.18,500,0,0,0,'CPFWage','OrdWage','AddWage','','','','','','','','','','','','','','','','','','','','','','','','','','','','','','','',''       );
Insert into FormulaRange Values('0912STA60$500EEA',1,0,0,'(K3/K1)*(C1 * (K1 - C2) + C3);',0.18,500,0,0,0,'CPFWage','OrdWage','AddWage','','','','','','','','','','','','','','','','','','','','','','','','','','','','','','','',''       );
Insert into FormulaRange Values('0912STA60$750ERO',1,0,0,'(K2/K1)*(C1 * (K1 - C2) + C3);',0.0583,750,32.55,0,0,'CPFWage','OrdWage','AddWage','','','','','','','','','','','','','','','','','','','','','','','','','','','','','','','',''       );
Insert into FormulaRange Values('0912STA60$750ERA',1,0,0,'(K3/K1)*(C1 * (K1 - C2) + C3);',0.0583,750,32.55,0,0,'CPFWage','OrdWage','AddWage','','','','','','','','','','','','','','','','','','','','','','','','','','','','','','','',''       );
Insert into FormulaRange Values('0912STA60$750EEO',1,0,0,'(K2/K1)*(C1 * (K1 - C2) + C3);',0.09,750,45,0,0,'CPFWage','OrdWage','AddWage','','','','','','','','','','','','','','','','','','','','','','','','','','','','','','','',''       );
Insert into FormulaRange Values('0912STA60$750EEA',1,0,0,'(K3/K1)*(C1 * (K1 - C2) + C3);',0.09,750,45,0,0,'CPFWage','OrdWage','AddWage','','','','','','','','','','','','','','','','','','','','','','','','','','','','','','','',''       );
Insert into FormulaRange Values('0912STA60$1200ERO',1,0,0,'(K2/K1)*(C1 * (K1 - C2) + C3);',0.154,1200,58.8,0,0,'CPFWage','OrdWage','AddWage','','','','','','','','','','','','','','','','','','','','','','','','','','','','','','','',''       );
Insert into FormulaRange Values('0912STA60$1200ERA',1,0,0,'(K3/K1)*(C1 * (K1 - C2) + C3);',0.154,1200,58.8,0,0,'CPFWage','OrdWage','AddWage','','','','','','','','','','','','','','','','','','','','','','','','','','','','','','','',''       );
Insert into FormulaRange Values('0912STA60$1200EEO',1,0,0,'(K2/K1)*(C1 * (K1 - C2) + C3);',0.09,750,45,0,0,'CPFWage','OrdWage','AddWage','','','','','','','','','','','','','','','','','','','','','','','','','','','','','','','',''       );
Insert into FormulaRange Values('0912STA60$1200EEA',1,0,0,'(K3/K1)*(C1 * (K1 - C2) + C3);',0.09,750,45,0,0,'CPFWage','OrdWage','AddWage','','','','','','','','','','','','','','','','','','','','','','','','','','','','','','','',''       );
Insert into FormulaRange Values('0912STA60$1500ERO',1,0,0,'@MAX( (C1/100)*K2 , C2 );',7,350,0,0,0,'CPFWage','OrdWage','AddWage','','','','','','','','','','','','','','','','','','','','','','','','','','','','','','','',''       );
Insert into FormulaRange Values('0912STA60$1500ERA',1,0,0,' (C1/100)*K3;',7,0,0,0,0,'CPFWage','OrdWage','AddWage','','','','','','','','','','','','','','','','','','','','','','','','','','','','','','','',''       );
Insert into FormulaRange Values('0912STA60$1500EEO',1,0,0,'@MAX( (C1/100)*K2 , C2 );',7.5,375,0,0,0,'CPFWage','OrdWage','AddWage','','','','','','','','','','','','','','','','','','','','','','','','','','','','','','','',''       );
Insert into FormulaRange Values('0912STA60$1500EEA',1,0,0,' (C1/100)*K3;',7.5,0,0,0,0,'CPFWage','OrdWage','AddWage','','','','','','','','','','','','','','','','','','','','','','','','','','','','','','','',''       );
Insert into FormulaRange Values('0912STA65$0ERO',1,0,0,'(C1/100)*K2;',0,0,0,0,0,'CPFWage','OrdWage','AddWage','','','','','','','','','','','','','','','','','','','','','','','','','','','','','','','',''       );
Insert into FormulaRange Values('0912STA65$0ERA',1,0,0,'(C1/100)*K3;',0,0,0,0,0,'CPFWage','OrdWage','AddWage','','','','','','','','','','','','','','','','','','','','','','','','','','','','','','','',''       );
Insert into FormulaRange Values('0912STA65$0EEO',1,0,0,'(C1/100)*K2;',0,0,0,0,0,'CPFWage','OrdWage','AddWage','','','','','','','','','','','','','','','','','','','','','','','','','','','','','','','',''       );
Insert into FormulaRange Values('0912STA65$0EEA',1,0,0,'(C1/100)*K3;',0,0,0,0,0,'CPFWage','OrdWage','AddWage','','','','','','','','','','','','','','','','','','','','','','','','','','','','','','','',''       );
Insert into FormulaRange Values('0912STA65$50ERO',1,0,0,'(K2/K1)*(C1 * (K1 - C2) + C3);',0.0431,50,0,0,0,'CPFWage','OrdWage','AddWage','','','','','','','','','','','','','','','','','','','','','','','','','','','','','','','',''       );
Insert into FormulaRange Values('0912STA65$50ERA',1,0,0,'(K3/K1)*(C1 * (K1 - C2) + C3);',0.0431,50,0,0,0,'CPFWage','OrdWage','AddWage','','','','','','','','','','','','','','','','','','','','','','','','','','','','','','','',''       );
Insert into FormulaRange Values('0912STA65$50EEO',1,0,0,'(C1/100)*K2;',0,0,0,0,0,'CPFWage','OrdWage','AddWage','','','','','','','','','','','','','','','','','','','','','','','','','','','','','','','',''       );
Insert into FormulaRange Values('0912STA65$50EEA',1,0,0,'(C1/100)*K3;',0,0,0,0,0,'CPFWage','OrdWage','AddWage','','','','','','','','','','','','','','','','','','','','','','','','','','','','','','','',''       );
Insert into FormulaRange Values('0912STA65$500ERO',1,0,0,'(K2/K1)*(C1 * (K1 - C2) + C3);',0.0431,50,0,0,0,'CPFWage','OrdWage','AddWage','','','','','','','','','','','','','','','','','','','','','','','','','','','','','','','',''       );
Insert into FormulaRange Values('0912STA65$500ERA',1,0,0,'(K3/K1)*(C1 * (K1 - C2) + C3);',0.0431,50,0,0,0,'CPFWage','OrdWage','AddWage','','','','','','','','','','','','','','','','','','','','','','','','','','','','','','','',''       );
Insert into FormulaRange Values('0912STA65$500EEO',1,0,0,'(K2/K1)*(C1 * (K1 - C2) + C3);',0.12,500,0,0,0,'CPFWage','OrdWage','AddWage','','','','','','','','','','','','','','','','','','','','','','','','','','','','','','','',''       );
Insert into FormulaRange Values('0912STA65$500EEA',1,0,0,'(K3/K1)*(C1 * (K1 - C2) + C3);',0.12,500,0,0,0,'CPFWage','OrdWage','AddWage','','','','','','','','','','','','','','','','','','','','','','','','','','','','','','','',''       );
Insert into FormulaRange Values('0912STA65$750ERO',1,0,0,'(K2/K1)*(C1 * (K1 - C2) + C3);',0.0541,750,30.225,0,0,'CPFWage','OrdWage','AddWage','','','','','','','','','','','','','','','','','','','','','','','','','','','','','','','',''       );
Insert into FormulaRange Values('0912STA65$750ERA',1,0,0,'(K3/K1)*(C1 * (K1 - C2) + C3);',0.0541,750,30.225,0,0,'CPFWage','OrdWage','AddWage','','','','','','','','','','','','','','','','','','','','','','','','','','','','','','','',''       );
Insert into FormulaRange Values('0912STA65$750EEO',1,0,0,'(K2/K1)*(C1 * (K1 - C2) + C3);',0.06,750,30,0,0,'CPFWage','OrdWage','AddWage','','','','','','','','','','','','','','','','','','','','','','','','','','','','','','','',''       );
Insert into FormulaRange Values('0912STA65$750EEA',1,0,0,'(K3/K1)*(C1 * (K1 - C2) + C3);',0.06,750,30,0,0,'CPFWage','OrdWage','AddWage','','','','','','','','','','','','','','','','','','','','','','','','','','','','','','','',''       );
Insert into FormulaRange Values('0912STA65$1200ERO',1,0,0,'(K2/K1)*(C1 * (K1 - C2) + C3);',0.143,1200,54.6,0,0,'CPFWage','OrdWage','AddWage','','','','','','','','','','','','','','','','','','','','','','','','','','','','','','','',''       );
Insert into FormulaRange Values('0912STA65$1200ERA',1,0,0,'(K3/K1)*(C1 * (K1 - C2) + C3);',0.143,1200,54.6,0,0,'CPFWage','OrdWage','AddWage','','','','','','','','','','','','','','','','','','','','','','','','','','','','','','','',''       );
Insert into FormulaRange Values('0912STA65$1200EEO',1,0,0,'(K2/K1)*(C1 * (K1 - C2) + C3);',0.06,750,30,0,0,'CPFWage','OrdWage','AddWage','','','','','','','','','','','','','','','','','','','','','','','','','','','','','','','',''       );
Insert into FormulaRange Values('0912STA65$1200EEA',1,0,0,'(K3/K1)*(C1 * (K1 - C2) + C3);',0.06,750,30,0,0,'CPFWage','OrdWage','AddWage','','','','','','','','','','','','','','','','','','','','','','','','','','','','','','','',''       );
Insert into FormulaRange Values('0912STA65$1500ERO',1,0,0,'@MAX( (C1/100)*K2 , C2 );',6.5,325,0,0,0,'CPFWage','OrdWage','AddWage','','','','','','','','','','','','','','','','','','','','','','','','','','','','','','','',''       );
Insert into FormulaRange Values('0912STA65$1500ERA',1,0,0,' (C1/100)*K3;',6.5,0,0,0,0,'CPFWage','OrdWage','AddWage','','','','','','','','','','','','','','','','','','','','','','','','','','','','','','','',''       );
Insert into FormulaRange Values('0912STA65$1500EEO',1,0,0,'@MAX( (C1/100)*K2 , C2 );',5,250,0,0,0,'CPFWage','OrdWage','AddWage','','','','','','','','','','','','','','','','','','','','','','','','','','','','','','','',''       );
Insert into FormulaRange Values('0912STA65$1500EEA',1,0,0,' (C1/100)*K3;',5,0,0,0,0,'CPFWage','OrdWage','AddWage','','','','','','','','','','','','','','','','','','','','','','','','','','','','','','','',''       );
Insert Into  CPFTableComponent Values('0912ST',0,0,'0912STA0$0EEO','0912STA0$0ERO',50,35,'0912STA0$0EEA','0912STA0$0ERA');
Insert Into  CPFTableComponent Values('0912ST',50,0,'0912STA0$50EEO','0912STA0$50ERO',500,35,'0912STA0$50EEA','0912STA0$50ERA');
Insert Into  CPFTableComponent Values('0912ST',500,0,'0912STA0$500EEO','0912STA0$500ERO',750,35,'0912STA0$500EEA','0912STA0$500ERA');
Insert Into  CPFTableComponent Values('0912ST',750,0,'0912STA0$750EEO','0912STA0$750ERO',1200,35,'0912STA0$750EEA','0912STA0$750ERA');
Insert Into  CPFTableComponent Values('0912ST',1200,0,'0912STA0$1200EEO','0912STA0$1200ERO',1500,35,'0912STA0$1200EEA','0912STA0$1200ERA');
Insert Into  CPFTableComponent Values('0912ST',1500,0,'0912STA0$1500EEO','0912STA0$1500ERO',9999999,35,'0912STA0$1500EEA','0912STA0$1500ERA');
Insert Into  CPFTableComponent Values('0912ST',0,35,'0912STA35$0EEO','0912STA35$0ERO',50,50,'0912STA35$0EEA','0912STA35$0ERA');
Insert Into  CPFTableComponent Values('0912ST',50,35,'0912STA35$50EEO','0912STA35$50ERO',500,50,'0912STA35$50EEA','0912STA35$50ERA');
Insert Into  CPFTableComponent Values('0912ST',500,35,'0912STA35$500EEO','0912STA35$500ERO',750,50,'0912STA35$500EEA','0912STA35$500ERA');
Insert Into  CPFTableComponent Values('0912ST',750,35,'0912STA35$750EEO','0912STA35$750ERO',1200,50,'0912STA35$750EEA','0912STA35$750ERA');
Insert Into  CPFTableComponent Values('0912ST',1200,35,'0912STA35$1200EEO','0912STA35$1200ERO',1500,50,'0912STA35$1200EEA','0912STA35$1200ERA');
Insert Into  CPFTableComponent Values('0912ST',1500,35,'0912STA35$1500EEO','0912STA35$1500ERO',9999999,50,'0912STA35$1500EEA','0912STA35$1500ERA');
Insert Into  CPFTableComponent Values('0912ST',0,50,'0912STA50$0EEO','0912STA50$0ERO',50,55,'0912STA50$0EEA','0912STA50$0ERA');
Insert Into  CPFTableComponent Values('0912ST',50,50,'0912STA50$50EEO','0912STA50$50ERO',500,55,'0912STA50$50EEA','0912STA50$50ERA');
Insert Into  CPFTableComponent Values('0912ST',500,50,'0912STA50$500EEO','0912STA50$500ERO',750,55,'0912STA50$500EEA','0912STA50$500ERA');
Insert Into  CPFTableComponent Values('0912ST',750,50,'0912STA50$750EEO','0912STA50$750ERO',1200,55,'0912STA50$750EEA','0912STA50$750ERA');
Insert Into  CPFTableComponent Values('0912ST',1200,50,'0912STA50$1200EEO','0912STA50$1200ERO',1500,55,'0912STA50$1200EEA','0912STA50$1200ERA');
Insert Into  CPFTableComponent Values('0912ST',1500,50,'0912STA50$1500EEO','0912STA50$1500ERO',9999999,55,'0912STA50$1500EEA','0912STA50$1500ERA');
Insert Into  CPFTableComponent Values('0912ST',0,55,'0912STA55$0EEO','0912STA55$0ERO',50,60,'0912STA55$0EEA','0912STA55$0ERA');
Insert Into  CPFTableComponent Values('0912ST',50,55,'0912STA55$50EEO','0912STA55$50ERO',500,60,'0912STA55$50EEA','0912STA55$50ERA');
Insert Into  CPFTableComponent Values('0912ST',500,55,'0912STA55$500EEO','0912STA55$500ERO',750,60,'0912STA55$500EEA','0912STA55$500ERA');
Insert Into  CPFTableComponent Values('0912ST',750,55,'0912STA55$750EEO','0912STA55$750ERO',1200,60,'0912STA55$750EEA','0912STA55$750ERA');
Insert Into  CPFTableComponent Values('0912ST',1200,55,'0912STA55$1200EEO','0912STA55$1200ERO',1500,60,'0912STA55$1200EEA','0912STA55$1200ERA');
Insert Into  CPFTableComponent Values('0912ST',1500,55,'0912STA55$1500EEO','0912STA55$1500ERO',9999999,60,'0912STA55$1500EEA','0912STA55$1500ERA');
Insert Into  CPFTableComponent Values('0912ST',0,60,'0912STA60$0EEO','0912STA60$0ERO',50,65,'0912STA60$0EEA','0912STA60$0ERA');
Insert Into  CPFTableComponent Values('0912ST',50,60,'0912STA60$50EEO','0912STA60$50ERO',500,65,'0912STA60$50EEA','0912STA60$50ERA');
Insert Into  CPFTableComponent Values('0912ST',500,60,'0912STA60$500EEO','0912STA60$500ERO',750,65,'0912STA60$500EEA','0912STA60$500ERA');
Insert Into  CPFTableComponent Values('0912ST',750,60,'0912STA60$750EEO','0912STA60$750ERO',1200,65,'0912STA60$750EEA','0912STA60$750ERA');
Insert Into  CPFTableComponent Values('0912ST',1200,60,'0912STA60$1200EEO','0912STA60$1200ERO',1500,65,'0912STA60$1200EEA','0912STA60$1200ERA');
Insert Into  CPFTableComponent Values('0912ST',1500,60,'0912STA60$1500EEO','0912STA60$1500ERO',9999999,65,'0912STA60$1500EEA','0912STA60$1500ERA');
Insert Into  CPFTableComponent Values('0912ST',0,65,'0912STA65$0EEO','0912STA65$0ERO',50,99,'0912STA65$0EEA','0912STA65$0ERA');
Insert Into  CPFTableComponent Values('0912ST',50,65,'0912STA65$50EEO','0912STA65$50ERO',500,99,'0912STA65$50EEA','0912STA65$50ERA');
Insert Into  CPFTableComponent Values('0912ST',500,65,'0912STA65$500EEO','0912STA65$500ERO',750,99,'0912STA65$500EEA','0912STA65$500ERA');
Insert Into  CPFTableComponent Values('0912ST',750,65,'0912STA65$750EEO','0912STA65$750ERO',1200,99,'0912STA65$750EEA','0912STA65$750ERA');
Insert Into  CPFTableComponent Values('0912ST',1200,65,'0912STA65$1200EEO','0912STA65$1200ERO',1500,99,'0912STA65$1200EEA','0912STA65$1200ERA');
Insert Into  CPFTableComponent Values('0912ST',1500,65,'0912STA65$1500EEO','0912STA65$1500ERO',9999999,99,'0912STA65$1500EEA','0912STA65$1500ERA');

end if;

/*-----------------------------------------------------------------------------------------------------------
	PR 1 Full
-----------------------------------------------------------------------------------------------------------*/

if not exists(select * from Formula where Locate(FormulaId,'0912P1FA') = 1 and FormulaCategory='CPFFormula1') then

Insert into Formula Values('0912P1FA0$0ERO',1,0,0,'CPFFormula1','ER','T1','','','',0,0);
Insert into Formula Values('0912P1FA0$0ERA',1,0,0,'CPFFormula1','ER','T1','','','',0,0);
Insert into Formula Values('0912P1FA0$0EEO',1,0,0,'CPFFormula1','EE','T1','','','',0,0);
Insert into Formula Values('0912P1FA0$0EEA',1,0,0,'CPFFormula1','EE','T1','','','',0,0);
Insert into Formula Values('0912P1FA0$50ERO',1,0,0,'CPFFormula1','ER','T1','','','',0,0);
Insert into Formula Values('0912P1FA0$50ERA',1,0,0,'CPFFormula1','ER','T1','','','',0,0);
Insert into Formula Values('0912P1FA0$50EEO',1,0,0,'CPFFormula1','EE','T1','','','',0,0);
Insert into Formula Values('0912P1FA0$50EEA',1,0,0,'CPFFormula1','EE','T1','','','',0,0);
Insert into Formula Values('0912P1FA0$500ERO',1,0,0,'CPFFormula1','ER','T1','','','',0,0);
Insert into Formula Values('0912P1FA0$500ERA',1,0,0,'CPFFormula1','ER','T1','','','',0,0);
Insert into Formula Values('0912P1FA0$500EEO',1,0,0,'CPFFormula1','EE','T4','','','',0,0);
Insert into Formula Values('0912P1FA0$500EEA',1,0,0,'CPFFormula1','EE','T4','','','',0,0);
Insert into Formula Values('0912P1FA0$750ERO',1,0,0,'CPFFormula1','ER','T1','','','',0,0);
Insert into Formula Values('0912P1FA0$750ERA',1,0,0,'CPFFormula1','ER','T1','','','',0,0);
Insert into Formula Values('0912P1FA0$750EEO',1,0,0,'CPFFormula1','EE','T4','','','',0,0);
Insert into Formula Values('0912P1FA0$750EEA',1,0,0,'CPFFormula1','EE','T4','','','',0,0);
Insert into Formula Values('0912P1FA0$1200ERO',1,0,0,'CPFFormula1','ER','T1','','','',0,0);
Insert into Formula Values('0912P1FA0$1200ERA',1,0,0,'CPFFormula1','ER','T1','','','',0,0);
Insert into Formula Values('0912P1FA0$1200EEO',1,0,0,'CPFFormula1','EE','T4','','','',0,0);
Insert into Formula Values('0912P1FA0$1200EEA',1,0,0,'CPFFormula1','EE','T4','','','',0,0);
Insert into Formula Values('0912P1FA0$1500ERO',1,0,0,'CPFFormula1','ER','T3','','','',0,0);
Insert into Formula Values('0912P1FA0$1500ERA',1,0,0,'CPFFormula1','ER','T3','','','',0,0);
Insert into Formula Values('0912P1FA0$1500EEO',1,0,0,'CPFFormula1','EE','T3','','','',0,0);
Insert into Formula Values('0912P1FA0$1500EEA',1,0,0,'CPFFormula1','EE','T3','','','',0,0);
Insert into Formula Values('0912P1FA35$0ERO',1,0,0,'CPFFormula1','ER','T1','','','',0,0);
Insert into Formula Values('0912P1FA35$0ERA',1,0,0,'CPFFormula1','ER','T1','','','',0,0);
Insert into Formula Values('0912P1FA35$0EEO',1,0,0,'CPFFormula1','EE','T1','','','',0,0);
Insert into Formula Values('0912P1FA35$0EEA',1,0,0,'CPFFormula1','EE','T1','','','',0,0);
Insert into Formula Values('0912P1FA35$50ERO',1,0,0,'CPFFormula1','ER','T4','','','',0,0);
Insert into Formula Values('0912P1FA35$50ERA',1,0,0,'CPFFormula1','ER','T4','','','',0,0);
Insert into Formula Values('0912P1FA35$50EEO',1,0,0,'CPFFormula1','EE','T1','','','',0,0);
Insert into Formula Values('0912P1FA35$50EEA',1,0,0,'CPFFormula1','EE','T1','','','',0,0);
Insert into Formula Values('0912P1FA35$500ERO',1,0,0,'CPFFormula1','ER','T4','','','',0,0);
Insert into Formula Values('0912P1FA35$500ERA',1,0,0,'CPFFormula1','ER','T4','','','',0,0);
Insert into Formula Values('0912P1FA35$500EEO',1,0,0,'CPFFormula1','EE','T4','','','',0,0);
Insert into Formula Values('0912P1FA35$500EEA',1,0,0,'CPFFormula1','EE','T4','','','',0,0);
Insert into Formula Values('0912P1FA35$750ERO',1,0,0,'CPFFormula1','ER','T4','','','',0,0);
Insert into Formula Values('0912P1FA35$750ERA',1,0,0,'CPFFormula1','ER','T4','','','',0,0);
Insert into Formula Values('0912P1FA35$750EEO',1,0,0,'CPFFormula1','EE','T4','','','',0,0);
Insert into Formula Values('0912P1FA35$750EEA',1,0,0,'CPFFormula1','EE','T4','','','',0,0);
Insert into Formula Values('0912P1FA35$1200ERO',1,0,0,'CPFFormula1','ER','T4','','','',0,0);
Insert into Formula Values('0912P1FA35$1200ERA',1,0,0,'CPFFormula1','ER','T4','','','',0,0);
Insert into Formula Values('0912P1FA35$1200EEO',1,0,0,'CPFFormula1','EE','T4','','','',0,0);
Insert into Formula Values('0912P1FA35$1200EEA',1,0,0,'CPFFormula1','EE','T4','','','',0,0);
Insert into Formula Values('0912P1FA35$1500ERO',1,0,0,'CPFFormula1','ER','T3','','','',0,0);
Insert into Formula Values('0912P1FA35$1500ERA',1,0,0,'CPFFormula1','ER','T3','','','',0,0);
Insert into Formula Values('0912P1FA35$1500EEO',1,0,0,'CPFFormula1','EE','T3','','','',0,0);
Insert into Formula Values('0912P1FA35$1500EEA',1,0,0,'CPFFormula1','EE','T3','','','',0,0);
Insert into Formula Values('0912P1FA50$0ERO',1,0,0,'CPFFormula1','ER','T1','','','',0,0);
Insert into Formula Values('0912P1FA50$0ERA',1,0,0,'CPFFormula1','ER','T1','','','',0,0);
Insert into Formula Values('0912P1FA50$0EEO',1,0,0,'CPFFormula1','EE','T1','','','',0,0);
Insert into Formula Values('0912P1FA50$0EEA',1,0,0,'CPFFormula1','EE','T1','','','',0,0);
Insert into Formula Values('0912P1FA50$50ERO',1,0,0,'CPFFormula1','ER','T4','','','',0,0);
Insert into Formula Values('0912P1FA50$50ERA',1,0,0,'CPFFormula1','ER','T4','','','',0,0);
Insert into Formula Values('0912P1FA50$50EEO',1,0,0,'CPFFormula1','EE','T1','','','',0,0);
Insert into Formula Values('0912P1FA50$50EEA',1,0,0,'CPFFormula1','EE','T1','','','',0,0);
Insert into Formula Values('0912P1FA50$500ERO',1,0,0,'CPFFormula1','ER','T4','','','',0,0);
Insert into Formula Values('0912P1FA50$500ERA',1,0,0,'CPFFormula1','ER','T4','','','',0,0);
Insert into Formula Values('0912P1FA50$500EEO',1,0,0,'CPFFormula1','EE','T4','','','',0,0);
Insert into Formula Values('0912P1FA50$500EEA',1,0,0,'CPFFormula1','EE','T4','','','',0,0);
Insert into Formula Values('0912P1FA50$750ERO',1,0,0,'CPFFormula1','ER','T4','','','',0,0);
Insert into Formula Values('0912P1FA50$750ERA',1,0,0,'CPFFormula1','ER','T4','','','',0,0);
Insert into Formula Values('0912P1FA50$750EEO',1,0,0,'CPFFormula1','EE','T4','','','',0,0);
Insert into Formula Values('0912P1FA50$750EEA',1,0,0,'CPFFormula1','EE','T4','','','',0,0);
Insert into Formula Values('0912P1FA50$1200ERO',1,0,0,'CPFFormula1','ER','T4','','','',0,0);
Insert into Formula Values('0912P1FA50$1200ERA',1,0,0,'CPFFormula1','ER','T4','','','',0,0);
Insert into Formula Values('0912P1FA50$1200EEO',1,0,0,'CPFFormula1','EE','T4','','','',0,0);
Insert into Formula Values('0912P1FA50$1200EEA',1,0,0,'CPFFormula1','EE','T4','','','',0,0);
Insert into Formula Values('0912P1FA50$1500ERO',1,0,0,'CPFFormula1','ER','T3','','','',0,0);
Insert into Formula Values('0912P1FA50$1500ERA',1,0,0,'CPFFormula1','ER','T3','','','',0,0);
Insert into Formula Values('0912P1FA50$1500EEO',1,0,0,'CPFFormula1','EE','T3','','','',0,0);
Insert into Formula Values('0912P1FA50$1500EEA',1,0,0,'CPFFormula1','EE','T3','','','',0,0);
Insert into Formula Values('0912P1FA55$0ERO',1,0,0,'CPFFormula1','ER','T1','','','',0,0);
Insert into Formula Values('0912P1FA55$0ERA',1,0,0,'CPFFormula1','ER','T1','','','',0,0);
Insert into Formula Values('0912P1FA55$0EEO',1,0,0,'CPFFormula1','EE','T1','','','',0,0);
Insert into Formula Values('0912P1FA55$0EEA',1,0,0,'CPFFormula1','EE','T1','','','',0,0);
Insert into Formula Values('0912P1FA55$50ERO',1,0,0,'CPFFormula1','ER','T4','','','',0,0);
Insert into Formula Values('0912P1FA55$50ERA',1,0,0,'CPFFormula1','ER','T4','','','',0,0);
Insert into Formula Values('0912P1FA55$50EEO',1,0,0,'CPFFormula1','EE','T1','','','',0,0);
Insert into Formula Values('0912P1FA55$50EEA',1,0,0,'CPFFormula1','EE','T1','','','',0,0);
Insert into Formula Values('0912P1FA55$500ERO',1,0,0,'CPFFormula1','ER','T4','','','',0,0);
Insert into Formula Values('0912P1FA55$500ERA',1,0,0,'CPFFormula1','ER','T4','','','',0,0);
Insert into Formula Values('0912P1FA55$500EEO',1,0,0,'CPFFormula1','EE','T4','','','',0,0);
Insert into Formula Values('0912P1FA55$500EEA',1,0,0,'CPFFormula1','EE','T4','','','',0,0);
Insert into Formula Values('0912P1FA55$750ERO',1,0,0,'CPFFormula1','ER','T4','','','',0,0);
Insert into Formula Values('0912P1FA55$750ERA',1,0,0,'CPFFormula1','ER','T4','','','',0,0);
Insert into Formula Values('0912P1FA55$750EEO',1,0,0,'CPFFormula1','EE','T4','','','',0,0);
Insert into Formula Values('0912P1FA55$750EEA',1,0,0,'CPFFormula1','EE','T4','','','',0,0);
Insert into Formula Values('0912P1FA55$1200ERO',1,0,0,'CPFFormula1','ER','T4','','','',0,0);
Insert into Formula Values('0912P1FA55$1200ERA',1,0,0,'CPFFormula1','ER','T4','','','',0,0);
Insert into Formula Values('0912P1FA55$1200EEO',1,0,0,'CPFFormula1','EE','T4','','','',0,0);
Insert into Formula Values('0912P1FA55$1200EEA',1,0,0,'CPFFormula1','EE','T4','','','',0,0);
Insert into Formula Values('0912P1FA55$1500ERO',1,0,0,'CPFFormula1','ER','T3','','','',0,0);
Insert into Formula Values('0912P1FA55$1500ERA',1,0,0,'CPFFormula1','ER','T3','','','',0,0);
Insert into Formula Values('0912P1FA55$1500EEO',1,0,0,'CPFFormula1','EE','T3','','','',0,0);
Insert into Formula Values('0912P1FA55$1500EEA',1,0,0,'CPFFormula1','EE','T3','','','',0,0);
Insert into Formula Values('0912P1FA60$0ERO',1,0,0,'CPFFormula1','ER','T1','','','',0,0);
Insert into Formula Values('0912P1FA60$0ERA',1,0,0,'CPFFormula1','ER','T1','','','',0,0);
Insert into Formula Values('0912P1FA60$0EEO',1,0,0,'CPFFormula1','EE','T1','','','',0,0);
Insert into Formula Values('0912P1FA60$0EEA',1,0,0,'CPFFormula1','EE','T1','','','',0,0);
Insert into Formula Values('0912P1FA60$50ERO',1,0,0,'CPFFormula1','ER','T4','','','',0,0);
Insert into Formula Values('0912P1FA60$50ERA',1,0,0,'CPFFormula1','ER','T4','','','',0,0);
Insert into Formula Values('0912P1FA60$50EEO',1,0,0,'CPFFormula1','EE','T1','','','',0,0);
Insert into Formula Values('0912P1FA60$50EEA',1,0,0,'CPFFormula1','EE','T1','','','',0,0);
Insert into Formula Values('0912P1FA60$500ERO',1,0,0,'CPFFormula1','ER','T4','','','',0,0);
Insert into Formula Values('0912P1FA60$500ERA',1,0,0,'CPFFormula1','ER','T4','','','',0,0);
Insert into Formula Values('0912P1FA60$500EEO',1,0,0,'CPFFormula1','EE','T4','','','',0,0);
Insert into Formula Values('0912P1FA60$500EEA',1,0,0,'CPFFormula1','EE','T4','','','',0,0);
Insert into Formula Values('0912P1FA60$750ERO',1,0,0,'CPFFormula1','ER','T4','','','',0,0);
Insert into Formula Values('0912P1FA60$750ERA',1,0,0,'CPFFormula1','ER','T4','','','',0,0);
Insert into Formula Values('0912P1FA60$750EEO',1,0,0,'CPFFormula1','EE','T4','','','',0,0);
Insert into Formula Values('0912P1FA60$750EEA',1,0,0,'CPFFormula1','EE','T4','','','',0,0);
Insert into Formula Values('0912P1FA60$1200ERO',1,0,0,'CPFFormula1','ER','T4','','','',0,0);
Insert into Formula Values('0912P1FA60$1200ERA',1,0,0,'CPFFormula1','ER','T4','','','',0,0);
Insert into Formula Values('0912P1FA60$1200EEO',1,0,0,'CPFFormula1','EE','T4','','','',0,0);
Insert into Formula Values('0912P1FA60$1200EEA',1,0,0,'CPFFormula1','EE','T4','','','',0,0);
Insert into Formula Values('0912P1FA60$1500ERO',1,0,0,'CPFFormula1','ER','T3','','','',0,0);
Insert into Formula Values('0912P1FA60$1500ERA',1,0,0,'CPFFormula1','ER','T3','','','',0,0);
Insert into Formula Values('0912P1FA60$1500EEO',1,0,0,'CPFFormula1','EE','T3','','','',0,0);
Insert into Formula Values('0912P1FA60$1500EEA',1,0,0,'CPFFormula1','EE','T3','','','',0,0);
Insert into Formula Values('0912P1FA65$0ERO',1,0,0,'CPFFormula1','ER','T1','','','',0,0);
Insert into Formula Values('0912P1FA65$0ERA',1,0,0,'CPFFormula1','ER','T1','','','',0,0);
Insert into Formula Values('0912P1FA65$0EEO',1,0,0,'CPFFormula1','EE','T1','','','',0,0);
Insert into Formula Values('0912P1FA65$0EEA',1,0,0,'CPFFormula1','EE','T1','','','',0,0);
Insert into Formula Values('0912P1FA65$50ERO',1,0,0,'CPFFormula1','ER','T4','','','',0,0);
Insert into Formula Values('0912P1FA65$50ERA',1,0,0,'CPFFormula1','ER','T4','','','',0,0);
Insert into Formula Values('0912P1FA65$50EEO',1,0,0,'CPFFormula1','EE','T1','','','',0,0);
Insert into Formula Values('0912P1FA65$50EEA',1,0,0,'CPFFormula1','EE','T1','','','',0,0);
Insert into Formula Values('0912P1FA65$500ERO',1,0,0,'CPFFormula1','ER','T4','','','',0,0);
Insert into Formula Values('0912P1FA65$500ERA',1,0,0,'CPFFormula1','ER','T4','','','',0,0);
Insert into Formula Values('0912P1FA65$500EEO',1,0,0,'CPFFormula1','EE','T4','','','',0,0);
Insert into Formula Values('0912P1FA65$500EEA',1,0,0,'CPFFormula1','EE','T4','','','',0,0);
Insert into Formula Values('0912P1FA65$750ERO',1,0,0,'CPFFormula1','ER','T4','','','',0,0);
Insert into Formula Values('0912P1FA65$750ERA',1,0,0,'CPFFormula1','ER','T4','','','',0,0);
Insert into Formula Values('0912P1FA65$750EEO',1,0,0,'CPFFormula1','EE','T4','','','',0,0);
Insert into Formula Values('0912P1FA65$750EEA',1,0,0,'CPFFormula1','EE','T4','','','',0,0);
Insert into Formula Values('0912P1FA65$1200ERO',1,0,0,'CPFFormula1','ER','T4','','','',0,0);
Insert into Formula Values('0912P1FA65$1200ERA',1,0,0,'CPFFormula1','ER','T4','','','',0,0);
Insert into Formula Values('0912P1FA65$1200EEO',1,0,0,'CPFFormula1','EE','T4','','','',0,0);
Insert into Formula Values('0912P1FA65$1200EEA',1,0,0,'CPFFormula1','EE','T4','','','',0,0);
Insert into Formula Values('0912P1FA65$1500ERO',1,0,0,'CPFFormula1','ER','T3','','','',0,0);
Insert into Formula Values('0912P1FA65$1500ERA',1,0,0,'CPFFormula1','ER','T3','','','',0,0);
Insert into Formula Values('0912P1FA65$1500EEO',1,0,0,'CPFFormula1','EE','T3','','','',0,0);
Insert into Formula Values('0912P1FA65$1500EEA',1,0,0,'CPFFormula1','EE','T3','','','',0,0);
Insert into FormulaRange Values('0912P1FA0$0ERO',1,0,0,'(C1/100)*K2;',0,0,0,0,0,'CPFWage','OrdWage','AddWage','','','','','','','','','','','','','','','','','','','','','','','','','','','','','','','',''       );
Insert into FormulaRange Values('0912P1FA0$0ERA',1,0,0,'(C1/100)*K3;',0,0,0,0,0,'CPFWage','OrdWage','AddWage','','','','','','','','','','','','','','','','','','','','','','','','','','','','','','','',''       );
Insert into FormulaRange Values('0912P1FA0$0EEO',1,0,0,'(C1/100)*K2;',0,0,0,0,0,'CPFWage','OrdWage','AddWage','','','','','','','','','','','','','','','','','','','','','','','','','','','','','','','',''       );
Insert into FormulaRange Values('0912P1FA0$0EEA',1,0,0,'(C1/100)*K3;',0,0,0,0,0,'CPFWage','OrdWage','AddWage','','','','','','','','','','','','','','','','','','','','','','','','','','','','','','','',''       );
Insert into FormulaRange Values('0912P1FA0$50ERO',1,0,0,'(C1/100)*K2;',16,0,0,0,0,'CPFWage','OrdWage','AddWage','','','','','','','','','','','','','','','','','','','','','','','','','','','','','','','',''       );
Insert into FormulaRange Values('0912P1FA0$50ERA',1,0,0,'(C1/100)*K3;',16,0,0,0,0,'CPFWage','OrdWage','AddWage','','','','','','','','','','','','','','','','','','','','','','','','','','','','','','','',''       );
Insert into FormulaRange Values('0912P1FA0$50EEO',1,0,0,'(C1/100)*K2;',0,0,0,0,0,'CPFWage','OrdWage','AddWage','','','','','','','','','','','','','','','','','','','','','','','','','','','','','','','',''       );
Insert into FormulaRange Values('0912P1FA0$50EEA',1,0,0,'(C1/100)*K3;',0,0,0,0,0,'CPFWage','OrdWage','AddWage','','','','','','','','','','','','','','','','','','','','','','','','','','','','','','','',''       );
Insert into FormulaRange Values('0912P1FA0$500ERO',1,0,0,'(C1/100)*K2;',16,0,0,0,0,'CPFWage','OrdWage','AddWage','','','','','','','','','','','','','','','','','','','','','','','','','','','','','','','',''       );
Insert into FormulaRange Values('0912P1FA0$500ERA',1,0,0,'(C1/100)*K3;',16,0,0,0,0,'CPFWage','OrdWage','AddWage','','','','','','','','','','','','','','','','','','','','','','','','','','','','','','','',''       );
Insert into FormulaRange Values('0912P1FA0$500EEO',1,0,0,'(K2/K1)*(C1 * (K1 - C2) + C3);',0.12,500,0,0,0,'CPFWage','OrdWage','AddWage','','','','','','','','','','','','','','','','','','','','','','','','','','','','','','','',''       );
Insert into FormulaRange Values('0912P1FA0$500EEA',1,0,0,'(K3/K1)*(C1 * (K1 - C2) + C3);',0.12,500,0,0,0,'CPFWage','OrdWage','AddWage','','','','','','','','','','','','','','','','','','','','','','','','','','','','','','','',''       );
Insert into FormulaRange Values('0912P1FA0$750ERO',1,0,0,'(C1/100)*K2;',16,0,0,0,0,'CPFWage','OrdWage','AddWage','','','','','','','','','','','','','','','','','','','','','','','','','','','','','','','',''       );
Insert into FormulaRange Values('0912P1FA0$750ERA',1,0,0,'(C1/100)*K3;',16,0,0,0,0,'CPFWage','OrdWage','AddWage','','','','','','','','','','','','','','','','','','','','','','','','','','','','','','','',''       );
Insert into FormulaRange Values('0912P1FA0$750EEO',1,0,0,'(K2/K1)*(C1 * (K1 - C2) + C3);',0.06,750,30,0,0,'CPFWage','OrdWage','AddWage','','','','','','','','','','','','','','','','','','','','','','','','','','','','','','','',''       );
Insert into FormulaRange Values('0912P1FA0$750EEA',1,0,0,'(K3/K1)*(C1 * (K1 - C2) + C3);',0.06,750,30,0,0,'CPFWage','OrdWage','AddWage','','','','','','','','','','','','','','','','','','','','','','','','','','','','','','','',''       );
Insert into FormulaRange Values('0912P1FA0$1200ERO',1,0,0,'(C1/100)*K2;',16,0,0,0,0,'CPFWage','OrdWage','AddWage','','','','','','','','','','','','','','','','','','','','','','','','','','','','','','','',''       );
Insert into FormulaRange Values('0912P1FA0$1200ERA',1,0,0,'(C1/100)*K3;',16,0,0,0,0,'CPFWage','OrdWage','AddWage','','','','','','','','','','','','','','','','','','','','','','','','','','','','','','','',''       );
Insert into FormulaRange Values('0912P1FA0$1200EEO',1,0,0,'(K2/K1)*(C1 * (K1 - C2) + C3);',0.06,750,30,0,0,'CPFWage','OrdWage','AddWage','','','','','','','','','','','','','','','','','','','','','','','','','','','','','','','',''       );
Insert into FormulaRange Values('0912P1FA0$1200EEA',1,0,0,'(K3/K1)*(C1 * (K1 - C2) + C3);',0.06,750,30,0,0,'CPFWage','OrdWage','AddWage','','','','','','','','','','','','','','','','','','','','','','','','','','','','','','','',''       );
Insert into FormulaRange Values('0912P1FA0$1500ERO',1,0,0,'@MAX( (C1/100)*K2 , C2 );',16,800,0,0,0,'CPFWage','OrdWage','AddWage','','','','','','','','','','','','','','','','','','','','','','','','','','','','','','','',''       );
Insert into FormulaRange Values('0912P1FA0$1500ERA',1,0,0,' (C1/100)*K3;',16,0,0,0,0,'CPFWage','OrdWage','AddWage','','','','','','','','','','','','','','','','','','','','','','','','','','','','','','','',''       );
Insert into FormulaRange Values('0912P1FA0$1500EEO',1,0,0,'@MAX( (C1/100)*K2 , C2 );',5,250,0,0,0,'CPFWage','OrdWage','AddWage','','','','','','','','','','','','','','','','','','','','','','','','','','','','','','','',''       );
Insert into FormulaRange Values('0912P1FA0$1500EEA',1,0,0,' (C1/100)*K3;',5,0,0,0,0,'CPFWage','OrdWage','AddWage','','','','','','','','','','','','','','','','','','','','','','','','','','','','','','','',''       );
Insert into FormulaRange Values('0912P1FA35$0ERO',1,0,0,'(C1/100)*K2;',0,0,0,0,0,'CPFWage','OrdWage','AddWage','','','','','','','','','','','','','','','','','','','','','','','','','','','','','','','',''       );
Insert into FormulaRange Values('0912P1FA35$0ERA',1,0,0,'(C1/100)*K3;',0,0,0,0,0,'CPFWage','OrdWage','AddWage','','','','','','','','','','','','','','','','','','','','','','','','','','','','','','','',''       );
Insert into FormulaRange Values('0912P1FA35$0EEO',1,0,0,'(C1/100)*K2;',0,0,0,0,0,'CPFWage','OrdWage','AddWage','','','','','','','','','','','','','','','','','','','','','','','','','','','','','','','',''       );
Insert into FormulaRange Values('0912P1FA35$0EEA',1,0,0,'(C1/100)*K3;',0,0,0,0,0,'CPFWage','OrdWage','AddWage','','','','','','','','','','','','','','','','','','','','','','','','','','','','','','','',''       );
Insert into FormulaRange Values('0912P1FA35$50ERO',1,0,0,'(K2/K1)*(C1 * (K1 - C2) + C3);',0.1063,50,0,0,0,'CPFWage','OrdWage','AddWage','','','','','','','','','','','','','','','','','','','','','','','','','','','','','','','',''       );
Insert into FormulaRange Values('0912P1FA35$50ERA',1,0,0,'(K3/K1)*(C1 * (K1 - C2) + C3);',0.1063,50,0,0,0,'CPFWage','OrdWage','AddWage','','','','','','','','','','','','','','','','','','','','','','','','','','','','','','','',''       );
Insert into FormulaRange Values('0912P1FA35$50EEO',1,0,0,'(C1/100)*K2;',0,0,0,0,0,'CPFWage','OrdWage','AddWage','','','','','','','','','','','','','','','','','','','','','','','','','','','','','','','',''       );
Insert into FormulaRange Values('0912P1FA35$50EEA',1,0,0,'(C1/100)*K3;',0,0,0,0,0,'CPFWage','OrdWage','AddWage','','','','','','','','','','','','','','','','','','','','','','','','','','','','','','','',''       );
Insert into FormulaRange Values('0912P1FA35$500ERO',1,0,0,'(K2/K1)*(C1 * (K1 - C2) + C3);',0.1063,50,0,0,0,'CPFWage','OrdWage','AddWage','','','','','','','','','','','','','','','','','','','','','','','','','','','','','','','',''       );
Insert into FormulaRange Values('0912P1FA35$500ERA',1,0,0,'(K3/K1)*(C1 * (K1 - C2) + C3);',0.1063,50,0,0,0,'CPFWage','OrdWage','AddWage','','','','','','','','','','','','','','','','','','','','','','','','','','','','','','','',''       );
Insert into FormulaRange Values('0912P1FA35$500EEO',1,0,0,'(K2/K1)*(C1 * (K1 - C2) + C3);',0.12,500,0,0,0,'CPFWage','OrdWage','AddWage','','','','','','','','','','','','','','','','','','','','','','','','','','','','','','','',''       );
Insert into FormulaRange Values('0912P1FA35$500EEA',1,0,0,'(K3/K1)*(C1 * (K1 - C2) + C3);',0.12,500,0,0,0,'CPFWage','OrdWage','AddWage','','','','','','','','','','','','','','','','','','','','','','','','','','','','','','','',''       );
Insert into FormulaRange Values('0912P1FA35$750ERO',1,0,0,'(K2/K1)*(C1 * (K1 - C2) + C3);',0.2171,750,74.475,0,0,'CPFWage','OrdWage','AddWage','','','','','','','','','','','','','','','','','','','','','','','','','','','','','','','',''       );
Insert into FormulaRange Values('0912P1FA35$750ERA',1,0,0,'(K3/K1)*(C1 * (K1 - C2) + C3);',0.2171,750,74.475,0,0,'CPFWage','OrdWage','AddWage','','','','','','','','','','','','','','','','','','','','','','','','','','','','','','','',''       );
Insert into FormulaRange Values('0912P1FA35$750EEO',1,0,0,'(K2/K1)*(C1 * (K1 - C2) + C3);',0.06,750,30,0,0,'CPFWage','OrdWage','AddWage','','','','','','','','','','','','','','','','','','','','','','','','','','','','','','','',''       );
Insert into FormulaRange Values('0912P1FA35$750EEA',1,0,0,'(K3/K1)*(C1 * (K1 - C2) + C3);',0.06,750,30,0,0,'CPFWage','OrdWage','AddWage','','','','','','','','','','','','','','','','','','','','','','','','','','','','','','','',''       );
Insert into FormulaRange Values('0912P1FA35$1200ERO',1,0,0,'(K2/K1)*(C1 * (K1 - C2) + C3);',0.226,1200,172.2,0,0,'CPFWage','OrdWage','AddWage','','','','','','','','','','','','','','','','','','','','','','','','','','','','','','','',''       );
Insert into FormulaRange Values('0912P1FA35$1200ERA',1,0,0,'(K3/K1)*(C1 * (K1 - C2) + C3);',0.226,1200,172.2,0,0,'CPFWage','OrdWage','AddWage','','','','','','','','','','','','','','','','','','','','','','','','','','','','','','','',''       );
Insert into FormulaRange Values('0912P1FA35$1200EEO',1,0,0,'(K2/K1)*(C1 * (K1 - C2) + C3);',0.06,750,30,0,0,'CPFWage','OrdWage','AddWage','','','','','','','','','','','','','','','','','','','','','','','','','','','','','','','',''       );
Insert into FormulaRange Values('0912P1FA35$1200EEA',1,0,0,'(K3/K1)*(C1 * (K1 - C2) + C3);',0.06,750,30,0,0,'CPFWage','OrdWage','AddWage','','','','','','','','','','','','','','','','','','','','','','','','','','','','','','','',''       );
Insert into FormulaRange Values('0912P1FA35$1500ERO',1,0,0,'@MAX( (C1/100)*K2 , C2 );',16,800,0,0,0,'CPFWage','OrdWage','AddWage','','','','','','','','','','','','','','','','','','','','','','','','','','','','','','','',''       );
Insert into FormulaRange Values('0912P1FA35$1500ERA',1,0,0,' (C1/100)*K3;',16,0,0,0,0,'CPFWage','OrdWage','AddWage','','','','','','','','','','','','','','','','','','','','','','','','','','','','','','','',''       );
Insert into FormulaRange Values('0912P1FA35$1500EEO',1,0,0,'@MAX( (C1/100)*K2 , C2 );',5,250,0,0,0,'CPFWage','OrdWage','AddWage','','','','','','','','','','','','','','','','','','','','','','','','','','','','','','','',''       );
Insert into FormulaRange Values('0912P1FA35$1500EEA',1,0,0,' (C1/100)*K3;',5,0,0,0,0,'CPFWage','OrdWage','AddWage','','','','','','','','','','','','','','','','','','','','','','','','','','','','','','','',''       );
Insert into FormulaRange Values('0912P1FA50$0ERO',1,0,0,'(C1/100)*K2;',0,0,0,0,0,'CPFWage','OrdWage','AddWage','','','','','','','','','','','','','','','','','','','','','','','','','','','','','','','',''       );
Insert into FormulaRange Values('0912P1FA50$0ERA',1,0,0,'(C1/100)*K3;',0,0,0,0,0,'CPFWage','OrdWage','AddWage','','','','','','','','','','','','','','','','','','','','','','','','','','','','','','','',''       );
Insert into FormulaRange Values('0912P1FA50$0EEO',1,0,0,'(C1/100)*K2;',0,0,0,0,0,'CPFWage','OrdWage','AddWage','','','','','','','','','','','','','','','','','','','','','','','','','','','','','','','',''       );
Insert into FormulaRange Values('0912P1FA50$0EEA',1,0,0,'(C1/100)*K3;',0,0,0,0,0,'CPFWage','OrdWage','AddWage','','','','','','','','','','','','','','','','','','','','','','','','','','','','','','','',''       );
Insert into FormulaRange Values('0912P1FA50$50ERO',1,0,0,'(K2/K1)*(C1 * (K1 - C2) + C3);',0.0797,50,0,0,0,'CPFWage','OrdWage','AddWage','','','','','','','','','','','','','','','','','','','','','','','','','','','','','','','',''       );
Insert into FormulaRange Values('0912P1FA50$50ERA',1,0,0,'(K3/K1)*(C1 * (K1 - C2) + C3);',0.0797,50,0,0,0,'CPFWage','OrdWage','AddWage','','','','','','','','','','','','','','','','','','','','','','','','','','','','','','','',''       );
Insert into FormulaRange Values('0912P1FA50$50EEO',1,0,0,'(C1/100)*K2;',0,0,0,0,0,'CPFWage','OrdWage','AddWage','','','','','','','','','','','','','','','','','','','','','','','','','','','','','','','',''       );
Insert into FormulaRange Values('0912P1FA50$50EEA',1,0,0,'(C1/100)*K3;',0,0,0,0,0,'CPFWage','OrdWage','AddWage','','','','','','','','','','','','','','','','','','','','','','','','','','','','','','','',''       );
Insert into FormulaRange Values('0912P1FA50$500ERO',1,0,0,'(K2/K1)*(C1 * (K1 - C2) + C3);',0.0797,50,0,0,0,'CPFWage','OrdWage','AddWage','','','','','','','','','','','','','','','','','','','','','','','','','','','','','','','',''       );
Insert into FormulaRange Values('0912P1FA50$500ERA',1,0,0,'(K3/K1)*(C1 * (K1 - C2) + C3);',0.0797,50,0,0,0,'CPFWage','OrdWage','AddWage','','','','','','','','','','','','','','','','','','','','','','','','','','','','','','','',''       );
Insert into FormulaRange Values('0912P1FA50$500EEO',1,0,0,'(K2/K1)*(C1 * (K1 - C2) + C3);',0.12,500,0,0,0,'CPFWage','OrdWage','AddWage','','','','','','','','','','','','','','','','','','','','','','','','','','','','','','','',''       );
Insert into FormulaRange Values('0912P1FA50$500EEA',1,0,0,'(K3/K1)*(C1 * (K1 - C2) + C3);',0.12,500,0,0,0,'CPFWage','OrdWage','AddWage','','','','','','','','','','','','','','','','','','','','','','','','','','','','','','','',''       );
Insert into FormulaRange Values('0912P1FA50$750ERO',1,0,0,'(K2/K1)*(C1 * (K1 - C2) + C3);',0.1504,750,55.8,0,0,'CPFWage','OrdWage','AddWage','','','','','','','','','','','','','','','','','','','','','','','','','','','','','','','',''       );
Insert into FormulaRange Values('0912P1FA50$750ERA',1,0,0,'(K3/K1)*(C1 * (K1 - C2) + C3);',0.1504,750,55.8,0,0,'CPFWage','OrdWage','AddWage','','','','','','','','','','','','','','','','','','','','','','','','','','','','','','','',''       );
Insert into FormulaRange Values('0912P1FA50$750EEO',1,0,0,'(K2/K1)*(C1 * (K1 - C2) + C3);',0.06,750,30,0,0,'CPFWage','OrdWage','AddWage','','','','','','','','','','','','','','','','','','','','','','','','','','','','','','','',''       );
Insert into FormulaRange Values('0912P1FA50$750EEA',1,0,0,'(K3/K1)*(C1 * (K1 - C2) + C3);',0.06,750,30,0,0,'CPFWage','OrdWage','AddWage','','','','','','','','','','','','','','','','','','','','','','','','','','','','','','','',''       );
Insert into FormulaRange Values('0912P1FA50$1200ERO',1,0,0,'(K2/K1)*(C1 * (K1 - C2) + C3);',0.1884,1200,123.48,0,0,'CPFWage','OrdWage','AddWage','','','','','','','','','','','','','','','','','','','','','','','','','','','','','','','',''       );
Insert into FormulaRange Values('0912P1FA50$1200ERA',1,0,0,'(K3/K1)*(C1 * (K1 - C2) + C3);',0.1884,1200,123.48,0,0,'CPFWage','OrdWage','AddWage','','','','','','','','','','','','','','','','','','','','','','','','','','','','','','','',''       );
Insert into FormulaRange Values('0912P1FA50$1200EEO',1,0,0,'(K2/K1)*(C1 * (K1 - C2) + C3);',0.06,750,30,0,0,'CPFWage','OrdWage','AddWage','','','','','','','','','','','','','','','','','','','','','','','','','','','','','','','',''       );
Insert into FormulaRange Values('0912P1FA50$1200EEA',1,0,0,'(K3/K1)*(C1 * (K1 - C2) + C3);',0.06,750,30,0,0,'CPFWage','OrdWage','AddWage','','','','','','','','','','','','','','','','','','','','','','','','','','','','','','','',''       );
Insert into FormulaRange Values('0912P1FA50$1500ERO',1,0,0,'@MAX( (C1/100)*K2 , C2 );',12,600,0,0,0,'CPFWage','OrdWage','AddWage','','','','','','','','','','','','','','','','','','','','','','','','','','','','','','','',''       );
Insert into FormulaRange Values('0912P1FA50$1500ERA',1,0,0,' (C1/100)*K3;',12,0,0,0,0,'CPFWage','OrdWage','AddWage','','','','','','','','','','','','','','','','','','','','','','','','','','','','','','','',''       );
Insert into FormulaRange Values('0912P1FA50$1500EEO',1,0,0,'@MAX( (C1/100)*K2 , C2 );',5,250,0,0,0,'CPFWage','OrdWage','AddWage','','','','','','','','','','','','','','','','','','','','','','','','','','','','','','','',''       );
Insert into FormulaRange Values('0912P1FA50$1500EEA',1,0,0,' (C1/100)*K3;',5,0,0,0,0,'CPFWage','OrdWage','AddWage','','','','','','','','','','','','','','','','','','','','','','','','','','','','','','','',''       );
Insert into FormulaRange Values('0912P1FA55$0ERO',1,0,0,'(C1/100)*K2;',0,0,0,0,0,'CPFWage','OrdWage','AddWage','','','','','','','','','','','','','','','','','','','','','','','','','','','','','','','',''       );
Insert into FormulaRange Values('0912P1FA55$0ERA',1,0,0,'(C1/100)*K3;',0,0,0,0,0,'CPFWage','OrdWage','AddWage','','','','','','','','','','','','','','','','','','','','','','','','','','','','','','','',''       );
Insert into FormulaRange Values('0912P1FA55$0EEO',1,0,0,'(C1/100)*K2;',0,0,0,0,0,'CPFWage','OrdWage','AddWage','','','','','','','','','','','','','','','','','','','','','','','','','','','','','','','',''       );
Insert into FormulaRange Values('0912P1FA55$0EEA',1,0,0,'(C1/100)*K3;',0,0,0,0,0,'CPFWage','OrdWage','AddWage','','','','','','','','','','','','','','','','','','','','','','','','','','','','','','','',''       );
Insert into FormulaRange Values('0912P1FA55$50ERO',1,0,0,'(K2/K1)*(C1 * (K1 - C2) + C3);',0.0597,50,0,0,0,'CPFWage','OrdWage','AddWage','','','','','','','','','','','','','','','','','','','','','','','','','','','','','','','',''       );
Insert into FormulaRange Values('0912P1FA55$50ERA',1,0,0,'(K3/K1)*(C1 * (K1 - C2) + C3);',0.0597,50,0,0,0,'CPFWage','OrdWage','AddWage','','','','','','','','','','','','','','','','','','','','','','','','','','','','','','','',''       );
Insert into FormulaRange Values('0912P1FA55$50EEO',1,0,0,'(C1/100)*K2;',0,0,0,0,0,'CPFWage','OrdWage','AddWage','','','','','','','','','','','','','','','','','','','','','','','','','','','','','','','',''       );
Insert into FormulaRange Values('0912P1FA55$50EEA',1,0,0,'(C1/100)*K3;',0,0,0,0,0,'CPFWage','OrdWage','AddWage','','','','','','','','','','','','','','','','','','','','','','','','','','','','','','','',''       );
Insert into FormulaRange Values('0912P1FA55$500ERO',1,0,0,'(K2/K1)*(C1 * (K1 - C2) + C3);',0.0597,50,0,0,0,'CPFWage','OrdWage','AddWage','','','','','','','','','','','','','','','','','','','','','','','','','','','','','','','',''       );
Insert into FormulaRange Values('0912P1FA55$500ERA',1,0,0,'(K3/K1)*(C1 * (K1 - C2) + C3);',0.0597,50,0,0,0,'CPFWage','OrdWage','AddWage','','','','','','','','','','','','','','','','','','','','','','','','','','','','','','','',''       );
Insert into FormulaRange Values('0912P1FA55$500EEO',1,0,0,'(K2/K1)*(C1 * (K1 - C2) + C3);',0.12,500,0,0,0,'CPFWage','OrdWage','AddWage','','','','','','','','','','','','','','','','','','','','','','','','','','','','','','','',''       );
Insert into FormulaRange Values('0912P1FA55$500EEA',1,0,0,'(K3/K1)*(C1 * (K1 - C2) + C3);',0.12,500,0,0,0,'CPFWage','OrdWage','AddWage','','','','','','','','','','','','','','','','','','','','','','','','','','','','','','','',''       );
Insert into FormulaRange Values('0912P1FA55$750ERO',1,0,0,'(K2/K1)*(C1 * (K1 - C2) + C3);',0.099,750,41.85,0,0,'CPFWage','OrdWage','AddWage','','','','','','','','','','','','','','','','','','','','','','','','','','','','','','','',''       );
Insert into FormulaRange Values('0912P1FA55$750ERA',1,0,0,'(K3/K1)*(C1 * (K1 - C2) + C3);',0.099,750,41.85,0,0,'CPFWage','OrdWage','AddWage','','','','','','','','','','','','','','','','','','','','','','','','','','','','','','','',''       );
Insert into FormulaRange Values('0912P1FA55$750EEO',1,0,0,'(K2/K1)*(C1 * (K1 - C2) + C3);',0.06,750,30,0,0,'CPFWage','OrdWage','AddWage','','','','','','','','','','','','','','','','','','','','','','','','','','','','','','','',''       );
Insert into FormulaRange Values('0912P1FA55$750EEA',1,0,0,'(K3/K1)*(C1 * (K1 - C2) + C3);',0.06,750,30,0,0,'CPFWage','OrdWage','AddWage','','','','','','','','','','','','','','','','','','','','','','','','','','','','','','','',''       );
Insert into FormulaRange Values('0912P1FA55$1200ERO',1,0,0,'(K2/K1)*(C1 * (K1 - C2) + C3);',0.162,1200,86.4,0,0,'CPFWage','OrdWage','AddWage','','','','','','','','','','','','','','','','','','','','','','','','','','','','','','','',''       );
Insert into FormulaRange Values('0912P1FA55$1200ERA',1,0,0,'(K3/K1)*(C1 * (K1 - C2) + C3);',0.162,1200,86.4,0,0,'CPFWage','OrdWage','AddWage','','','','','','','','','','','','','','','','','','','','','','','','','','','','','','','',''       );
Insert into FormulaRange Values('0912P1FA55$1200EEO',1,0,0,'(K2/K1)*(C1 * (K1 - C2) + C3);',0.06,750,30,0,0,'CPFWage','OrdWage','AddWage','','','','','','','','','','','','','','','','','','','','','','','','','','','','','','','',''       );
Insert into FormulaRange Values('0912P1FA55$1200EEA',1,0,0,'(K3/K1)*(C1 * (K1 - C2) + C3);',0.06,750,30,0,0,'CPFWage','OrdWage','AddWage','','','','','','','','','','','','','','','','','','','','','','','','','','','','','','','',''       );
Insert into FormulaRange Values('0912P1FA55$1500ERO',1,0,0,'@MAX( (C1/100)*K2 , C2 );',9,450,0,0,0,'CPFWage','OrdWage','AddWage','','','','','','','','','','','','','','','','','','','','','','','','','','','','','','','',''       );
Insert into FormulaRange Values('0912P1FA55$1500ERA',1,0,0,' (C1/100)*K3;',9,0,0,0,0,'CPFWage','OrdWage','AddWage','','','','','','','','','','','','','','','','','','','','','','','','','','','','','','','',''       );
Insert into FormulaRange Values('0912P1FA55$1500EEO',1,0,0,'@MAX( (C1/100)*K2 , C2 );',5,250,0,0,0,'CPFWage','OrdWage','AddWage','','','','','','','','','','','','','','','','','','','','','','','','','','','','','','','',''       );
Insert into FormulaRange Values('0912P1FA55$1500EEA',1,0,0,' (C1/100)*K3;',5,0,0,0,0,'CPFWage','OrdWage','AddWage','','','','','','','','','','','','','','','','','','','','','','','','','','','','','','','',''       );
Insert into FormulaRange Values('0912P1FA60$0ERO',1,0,0,'(C1/100)*K2;',0,0,0,0,0,'CPFWage','OrdWage','AddWage','','','','','','','','','','','','','','','','','','','','','','','','','','','','','','','',''       );
Insert into FormulaRange Values('0912P1FA60$0ERA',1,0,0,'(C1/100)*K3;',0,0,0,0,0,'CPFWage','OrdWage','AddWage','','','','','','','','','','','','','','','','','','','','','','','','','','','','','','','',''       );
Insert into FormulaRange Values('0912P1FA60$0EEO',1,0,0,'(C1/100)*K2;',0,0,0,0,0,'CPFWage','OrdWage','AddWage','','','','','','','','','','','','','','','','','','','','','','','','','','','','','','','',''       );
Insert into FormulaRange Values('0912P1FA60$0EEA',1,0,0,'(C1/100)*K3;',0,0,0,0,0,'CPFWage','OrdWage','AddWage','','','','','','','','','','','','','','','','','','','','','','','','','','','','','','','',''       );
Insert into FormulaRange Values('0912P1FA60$50ERO',1,0,0,'(K2/K1)*(C1 * (K1 - C2) + C3);',0.0431,50,0,0,0,'CPFWage','OrdWage','AddWage','','','','','','','','','','','','','','','','','','','','','','','','','','','','','','','',''       );
Insert into FormulaRange Values('0912P1FA60$50ERA',1,0,0,'(K3/K1)*(C1 * (K1 - C2) + C3);',0.0431,50,0,0,0,'CPFWage','OrdWage','AddWage','','','','','','','','','','','','','','','','','','','','','','','','','','','','','','','',''       );
Insert into FormulaRange Values('0912P1FA60$50EEO',1,0,0,'(C1/100)*K2;',0,0,0,0,0,'CPFWage','OrdWage','AddWage','','','','','','','','','','','','','','','','','','','','','','','','','','','','','','','',''       );
Insert into FormulaRange Values('0912P1FA60$50EEA',1,0,0,'(C1/100)*K3;',0,0,0,0,0,'CPFWage','OrdWage','AddWage','','','','','','','','','','','','','','','','','','','','','','','','','','','','','','','',''       );
Insert into FormulaRange Values('0912P1FA60$500ERO',1,0,0,'(K2/K1)*(C1 * (K1 - C2) + C3);',0.0431,50,0,0,0,'CPFWage','OrdWage','AddWage','','','','','','','','','','','','','','','','','','','','','','','','','','','','','','','',''       );
Insert into FormulaRange Values('0912P1FA60$500ERA',1,0,0,'(K3/K1)*(C1 * (K1 - C2) + C3);',0.0431,50,0,0,0,'CPFWage','OrdWage','AddWage','','','','','','','','','','','','','','','','','','','','','','','','','','','','','','','',''       );
Insert into FormulaRange Values('0912P1FA60$500EEO',1,0,0,'(K2/K1)*(C1 * (K1 - C2) + C3);',0.12,500,0,0,0,'CPFWage','OrdWage','AddWage','','','','','','','','','','','','','','','','','','','','','','','','','','','','','','','',''       );
Insert into FormulaRange Values('0912P1FA60$500EEA',1,0,0,'(K3/K1)*(C1 * (K1 - C2) + C3);',0.12,500,0,0,0,'CPFWage','OrdWage','AddWage','','','','','','','','','','','','','','','','','','','','','','','','','','','','','','','',''       );
Insert into FormulaRange Values('0912P1FA60$750ERO',1,0,0,'(K2/K1)*(C1 * (K1 - C2) + C3);',0.0541,750,30.225,0,0,'CPFWage','OrdWage','AddWage','','','','','','','','','','','','','','','','','','','','','','','','','','','','','','','',''       );
Insert into FormulaRange Values('0912P1FA60$750ERA',1,0,0,'(K3/K1)*(C1 * (K1 - C2) + C3);',0.0541,750,30.225,0,0,'CPFWage','OrdWage','AddWage','','','','','','','','','','','','','','','','','','','','','','','','','','','','','','','',''       );
Insert into FormulaRange Values('0912P1FA60$750EEO',1,0,0,'(K2/K1)*(C1 * (K1 - C2) + C3);',0.06,750,30,0,0,'CPFWage','OrdWage','AddWage','','','','','','','','','','','','','','','','','','','','','','','','','','','','','','','',''       );
Insert into FormulaRange Values('0912P1FA60$750EEA',1,0,0,'(K3/K1)*(C1 * (K1 - C2) + C3);',0.06,750,30,0,0,'CPFWage','OrdWage','AddWage','','','','','','','','','','','','','','','','','','','','','','','','','','','','','','','',''       );
Insert into FormulaRange Values('0912P1FA60$1200ERO',1,0,0,'(K2/K1)*(C1 * (K1 - C2) + C3);',0.143,1200,54.6,0,0,'CPFWage','OrdWage','AddWage','','','','','','','','','','','','','','','','','','','','','','','','','','','','','','','',''       );
Insert into FormulaRange Values('0912P1FA60$1200ERA',1,0,0,'(K3/K1)*(C1 * (K1 - C2) + C3);',0.143,1200,54.6,0,0,'CPFWage','OrdWage','AddWage','','','','','','','','','','','','','','','','','','','','','','','','','','','','','','','',''       );
Insert into FormulaRange Values('0912P1FA60$1200EEO',1,0,0,'(K2/K1)*(C1 * (K1 - C2) + C3);',0.06,750,30,0,0,'CPFWage','OrdWage','AddWage','','','','','','','','','','','','','','','','','','','','','','','','','','','','','','','',''       );
Insert into FormulaRange Values('0912P1FA60$1200EEA',1,0,0,'(K3/K1)*(C1 * (K1 - C2) + C3);',0.06,750,30,0,0,'CPFWage','OrdWage','AddWage','','','','','','','','','','','','','','','','','','','','','','','','','','','','','','','',''       );
Insert into FormulaRange Values('0912P1FA60$1500ERO',1,0,0,'@MAX( (C1/100)*K2 , C2 );',6.5,325,0,0,0,'CPFWage','OrdWage','AddWage','','','','','','','','','','','','','','','','','','','','','','','','','','','','','','','',''       );
Insert into FormulaRange Values('0912P1FA60$1500ERA',1,0,0,' (C1/100)*K3;',6.5,0,0,0,0,'CPFWage','OrdWage','AddWage','','','','','','','','','','','','','','','','','','','','','','','','','','','','','','','',''       );
Insert into FormulaRange Values('0912P1FA60$1500EEO',1,0,0,'@MAX( (C1/100)*K2 , C2 );',5,250,0,0,0,'CPFWage','OrdWage','AddWage','','','','','','','','','','','','','','','','','','','','','','','','','','','','','','','',''       );
Insert into FormulaRange Values('0912P1FA60$1500EEA',1,0,0,' (C1/100)*K3;',5,0,0,0,0,'CPFWage','OrdWage','AddWage','','','','','','','','','','','','','','','','','','','','','','','','','','','','','','','',''       );
Insert into FormulaRange Values('0912P1FA65$0ERO',1,0,0,'(C1/100)*K2;',0,0,0,0,0,'CPFWage','OrdWage','AddWage','','','','','','','','','','','','','','','','','','','','','','','','','','','','','','','',''       );
Insert into FormulaRange Values('0912P1FA65$0ERA',1,0,0,'(C1/100)*K3;',0,0,0,0,0,'CPFWage','OrdWage','AddWage','','','','','','','','','','','','','','','','','','','','','','','','','','','','','','','',''       );
Insert into FormulaRange Values('0912P1FA65$0EEO',1,0,0,'(C1/100)*K2;',0,0,0,0,0,'CPFWage','OrdWage','AddWage','','','','','','','','','','','','','','','','','','','','','','','','','','','','','','','',''       );
Insert into FormulaRange Values('0912P1FA65$0EEA',1,0,0,'(C1/100)*K3;',0,0,0,0,0,'CPFWage','OrdWage','AddWage','','','','','','','','','','','','','','','','','','','','','','','','','','','','','','','',''       );
Insert into FormulaRange Values('0912P1FA65$50ERO',1,0,0,'(K2/K1)*(C1 * (K1 - C2) + C3);',0.0431,50,0,0,0,'CPFWage','OrdWage','AddWage','','','','','','','','','','','','','','','','','','','','','','','','','','','','','','','',''       );
Insert into FormulaRange Values('0912P1FA65$50ERA',1,0,0,'(K3/K1)*(C1 * (K1 - C2) + C3);',0.0431,50,0,0,0,'CPFWage','OrdWage','AddWage','','','','','','','','','','','','','','','','','','','','','','','','','','','','','','','',''       );
Insert into FormulaRange Values('0912P1FA65$50EEO',1,0,0,'(C1/100)*K2;',0,0,0,0,0,'CPFWage','OrdWage','AddWage','','','','','','','','','','','','','','','','','','','','','','','','','','','','','','','',''       );
Insert into FormulaRange Values('0912P1FA65$50EEA',1,0,0,'(C1/100)*K3;',0,0,0,0,0,'CPFWage','OrdWage','AddWage','','','','','','','','','','','','','','','','','','','','','','','','','','','','','','','',''       );
Insert into FormulaRange Values('0912P1FA65$500ERO',1,0,0,'(K2/K1)*(C1 * (K1 - C2) + C3);',0.0431,50,0,0,0,'CPFWage','OrdWage','AddWage','','','','','','','','','','','','','','','','','','','','','','','','','','','','','','','',''       );
Insert into FormulaRange Values('0912P1FA65$500ERA',1,0,0,'(K3/K1)*(C1 * (K1 - C2) + C3);',0.0431,50,0,0,0,'CPFWage','OrdWage','AddWage','','','','','','','','','','','','','','','','','','','','','','','','','','','','','','','',''       );
Insert into FormulaRange Values('0912P1FA65$500EEO',1,0,0,'(K2/K1)*(C1 * (K1 - C2) + C3);',0.12,500,0,0,0,'CPFWage','OrdWage','AddWage','','','','','','','','','','','','','','','','','','','','','','','','','','','','','','','',''       );
Insert into FormulaRange Values('0912P1FA65$500EEA',1,0,0,'(K3/K1)*(C1 * (K1 - C2) + C3);',0.12,500,0,0,0,'CPFWage','OrdWage','AddWage','','','','','','','','','','','','','','','','','','','','','','','','','','','','','','','',''       );
Insert into FormulaRange Values('0912P1FA65$750ERO',1,0,0,'(K2/K1)*(C1 * (K1 - C2) + C3);',0.0541,750,30.225,0,0,'CPFWage','OrdWage','AddWage','','','','','','','','','','','','','','','','','','','','','','','','','','','','','','','',''       );
Insert into FormulaRange Values('0912P1FA65$750ERA',1,0,0,'(K3/K1)*(C1 * (K1 - C2) + C3);',0.0541,750,30.225,0,0,'CPFWage','OrdWage','AddWage','','','','','','','','','','','','','','','','','','','','','','','','','','','','','','','',''       );
Insert into FormulaRange Values('0912P1FA65$750EEO',1,0,0,'(K2/K1)*(C1 * (K1 - C2) + C3);',0.06,750,30,0,0,'CPFWage','OrdWage','AddWage','','','','','','','','','','','','','','','','','','','','','','','','','','','','','','','',''       );
Insert into FormulaRange Values('0912P1FA65$750EEA',1,0,0,'(K3/K1)*(C1 * (K1 - C2) + C3);',0.06,750,30,0,0,'CPFWage','OrdWage','AddWage','','','','','','','','','','','','','','','','','','','','','','','','','','','','','','','',''       );
Insert into FormulaRange Values('0912P1FA65$1200ERO',1,0,0,'(K2/K1)*(C1 * (K1 - C2) + C3);',0.143,1200,54.6,0,0,'CPFWage','OrdWage','AddWage','','','','','','','','','','','','','','','','','','','','','','','','','','','','','','','',''       );
Insert into FormulaRange Values('0912P1FA65$1200ERA',1,0,0,'(K3/K1)*(C1 * (K1 - C2) + C3);',0.143,1200,54.6,0,0,'CPFWage','OrdWage','AddWage','','','','','','','','','','','','','','','','','','','','','','','','','','','','','','','',''       );
Insert into FormulaRange Values('0912P1FA65$1200EEO',1,0,0,'(K2/K1)*(C1 * (K1 - C2) + C3);',0.06,750,30,0,0,'CPFWage','OrdWage','AddWage','','','','','','','','','','','','','','','','','','','','','','','','','','','','','','','',''       );
Insert into FormulaRange Values('0912P1FA65$1200EEA',1,0,0,'(K3/K1)*(C1 * (K1 - C2) + C3);',0.06,750,30,0,0,'CPFWage','OrdWage','AddWage','','','','','','','','','','','','','','','','','','','','','','','','','','','','','','','',''       );
Insert into FormulaRange Values('0912P1FA65$1500ERO',1,0,0,'@MAX( (C1/100)*K2 , C2 );',6.5,325,0,0,0,'CPFWage','OrdWage','AddWage','','','','','','','','','','','','','','','','','','','','','','','','','','','','','','','',''       );
Insert into FormulaRange Values('0912P1FA65$1500ERA',1,0,0,' (C1/100)*K3;',6.5,0,0,0,0,'CPFWage','OrdWage','AddWage','','','','','','','','','','','','','','','','','','','','','','','','','','','','','','','',''       );
Insert into FormulaRange Values('0912P1FA65$1500EEO',1,0,0,'@MAX( (C1/100)*K2 , C2 );',5,250,0,0,0,'CPFWage','OrdWage','AddWage','','','','','','','','','','','','','','','','','','','','','','','','','','','','','','','',''       );
Insert into FormulaRange Values('0912P1FA65$1500EEA',1,0,0,' (C1/100)*K3;',5,0,0,0,0,'CPFWage','OrdWage','AddWage','','','','','','','','','','','','','','','','','','','','','','','','','','','','','','','',''       );
Insert Into  CPFTableComponent Values('0912P1F',0,0,'0912P1FA0$0EEO','0912P1FA0$0ERO',50,35,'0912P1FA0$0EEA','0912P1FA0$0ERA');
Insert Into  CPFTableComponent Values('0912P1F',50,0,'0912P1FA0$50EEO','0912P1FA0$50ERO',500,35,'0912P1FA0$50EEA','0912P1FA0$50ERA');
Insert Into  CPFTableComponent Values('0912P1F',500,0,'0912P1FA0$500EEO','0912P1FA0$500ERO',750,35,'0912P1FA0$500EEA','0912P1FA0$500ERA');
Insert Into  CPFTableComponent Values('0912P1F',750,0,'0912P1FA0$750EEO','0912P1FA0$750ERO',1200,35,'0912P1FA0$750EEA','0912P1FA0$750ERA');
Insert Into  CPFTableComponent Values('0912P1F',1200,0,'0912P1FA0$1200EEO','0912P1FA0$1200ERO',1500,35,'0912P1FA0$1200EEA','0912P1FA0$1200ERA');
Insert Into  CPFTableComponent Values('0912P1F',1500,0,'0912P1FA0$1500EEO','0912P1FA0$1500ERO',9999999,35,'0912P1FA0$1500EEA','0912P1FA0$1500ERA');
Insert Into  CPFTableComponent Values('0912P1F',0,35,'0912P1FA35$0EEO','0912P1FA35$0ERO',50,50,'0912P1FA35$0EEA','0912P1FA35$0ERA');
Insert Into  CPFTableComponent Values('0912P1F',50,35,'0912P1FA35$50EEO','0912P1FA35$50ERO',500,50,'0912P1FA35$50EEA','0912P1FA35$50ERA');
Insert Into  CPFTableComponent Values('0912P1F',500,35,'0912P1FA35$500EEO','0912P1FA35$500ERO',750,50,'0912P1FA35$500EEA','0912P1FA35$500ERA');
Insert Into  CPFTableComponent Values('0912P1F',750,35,'0912P1FA35$750EEO','0912P1FA35$750ERO',1200,50,'0912P1FA35$750EEA','0912P1FA35$750ERA');
Insert Into  CPFTableComponent Values('0912P1F',1200,35,'0912P1FA35$1200EEO','0912P1FA35$1200ERO',1500,50,'0912P1FA35$1200EEA','0912P1FA35$1200ERA');
Insert Into  CPFTableComponent Values('0912P1F',1500,35,'0912P1FA35$1500EEO','0912P1FA35$1500ERO',9999999,50,'0912P1FA35$1500EEA','0912P1FA35$1500ERA');
Insert Into  CPFTableComponent Values('0912P1F',0,50,'0912P1FA50$0EEO','0912P1FA50$0ERO',50,55,'0912P1FA50$0EEA','0912P1FA50$0ERA');
Insert Into  CPFTableComponent Values('0912P1F',50,50,'0912P1FA50$50EEO','0912P1FA50$50ERO',500,55,'0912P1FA50$50EEA','0912P1FA50$50ERA');
Insert Into  CPFTableComponent Values('0912P1F',500,50,'0912P1FA50$500EEO','0912P1FA50$500ERO',750,55,'0912P1FA50$500EEA','0912P1FA50$500ERA');
Insert Into  CPFTableComponent Values('0912P1F',750,50,'0912P1FA50$750EEO','0912P1FA50$750ERO',1200,55,'0912P1FA50$750EEA','0912P1FA50$750ERA');
Insert Into  CPFTableComponent Values('0912P1F',1200,50,'0912P1FA50$1200EEO','0912P1FA50$1200ERO',1500,55,'0912P1FA50$1200EEA','0912P1FA50$1200ERA');
Insert Into  CPFTableComponent Values('0912P1F',1500,50,'0912P1FA50$1500EEO','0912P1FA50$1500ERO',9999999,55,'0912P1FA50$1500EEA','0912P1FA50$1500ERA');
Insert Into  CPFTableComponent Values('0912P1F',0,55,'0912P1FA55$0EEO','0912P1FA55$0ERO',50,60,'0912P1FA55$0EEA','0912P1FA55$0ERA');
Insert Into  CPFTableComponent Values('0912P1F',50,55,'0912P1FA55$50EEO','0912P1FA55$50ERO',500,60,'0912P1FA55$50EEA','0912P1FA55$50ERA');
Insert Into  CPFTableComponent Values('0912P1F',500,55,'0912P1FA55$500EEO','0912P1FA55$500ERO',750,60,'0912P1FA55$500EEA','0912P1FA55$500ERA');
Insert Into  CPFTableComponent Values('0912P1F',750,55,'0912P1FA55$750EEO','0912P1FA55$750ERO',1200,60,'0912P1FA55$750EEA','0912P1FA55$750ERA');
Insert Into  CPFTableComponent Values('0912P1F',1200,55,'0912P1FA55$1200EEO','0912P1FA55$1200ERO',1500,60,'0912P1FA55$1200EEA','0912P1FA55$1200ERA');
Insert Into  CPFTableComponent Values('0912P1F',1500,55,'0912P1FA55$1500EEO','0912P1FA55$1500ERO',9999999,60,'0912P1FA55$1500EEA','0912P1FA55$1500ERA');
Insert Into  CPFTableComponent Values('0912P1F',0,60,'0912P1FA60$0EEO','0912P1FA60$0ERO',50,65,'0912P1FA60$0EEA','0912P1FA60$0ERA');
Insert Into  CPFTableComponent Values('0912P1F',50,60,'0912P1FA60$50EEO','0912P1FA60$50ERO',500,65,'0912P1FA60$50EEA','0912P1FA60$50ERA');
Insert Into  CPFTableComponent Values('0912P1F',500,60,'0912P1FA60$500EEO','0912P1FA60$500ERO',750,65,'0912P1FA60$500EEA','0912P1FA60$500ERA');
Insert Into  CPFTableComponent Values('0912P1F',750,60,'0912P1FA60$750EEO','0912P1FA60$750ERO',1200,65,'0912P1FA60$750EEA','0912P1FA60$750ERA');
Insert Into  CPFTableComponent Values('0912P1F',1200,60,'0912P1FA60$1200EEO','0912P1FA60$1200ERO',1500,65,'0912P1FA60$1200EEA','0912P1FA60$1200ERA');
Insert Into  CPFTableComponent Values('0912P1F',1500,60,'0912P1FA60$1500EEO','0912P1FA60$1500ERO',9999999,65,'0912P1FA60$1500EEA','0912P1FA60$1500ERA');
Insert Into  CPFTableComponent Values('0912P1F',0,65,'0912P1FA65$0EEO','0912P1FA65$0ERO',50,99,'0912P1FA65$0EEA','0912P1FA65$0ERA');
Insert Into  CPFTableComponent Values('0912P1F',50,65,'0912P1FA65$50EEO','0912P1FA65$50ERO',500,99,'0912P1FA65$50EEA','0912P1FA65$50ERA');
Insert Into  CPFTableComponent Values('0912P1F',500,65,'0912P1FA65$500EEO','0912P1FA65$500ERO',750,99,'0912P1FA65$500EEA','0912P1FA65$500ERA');
Insert Into  CPFTableComponent Values('0912P1F',750,65,'0912P1FA65$750EEO','0912P1FA65$750ERO',1200,99,'0912P1FA65$750EEA','0912P1FA65$750ERA');
Insert Into  CPFTableComponent Values('0912P1F',1200,65,'0912P1FA65$1200EEO','0912P1FA65$1200ERO',1500,99,'0912P1FA65$1200EEA','0912P1FA65$1200ERA');
Insert Into  CPFTableComponent Values('0912P1F',1500,65,'0912P1FA65$1500EEO','0912P1FA65$1500ERO',9999999,99,'0912P1FA65$1500EEA','0912P1FA65$1500ERA');

end if;

/*-----------------------------------------------------------------------------------------------------------
	PR 1 Graduated
-----------------------------------------------------------------------------------------------------------*/


if not exists(select * from Formula where Locate(FormulaId,'0912P1A') = 1 and FormulaCategory='CPFFormula1') then

Insert into Formula Values('0912P1A0$0ERO',1,0,0,'CPFFormula1','ER','T1','','','',0,0);
Insert into Formula Values('0912P1A0$0ERA',1,0,0,'CPFFormula1','ER','T1','','','',0,0);
Insert into Formula Values('0912P1A0$0EEO',1,0,0,'CPFFormula1','EE','T1','','','',0,0);
Insert into Formula Values('0912P1A0$0EEA',1,0,0,'CPFFormula1','EE','T1','','','',0,0);
Insert into Formula Values('0912P1A0$50ERO',1,0,0,'CPFFormula1','ER','T1','','','',0,0);
Insert into Formula Values('0912P1A0$50ERA',1,0,0,'CPFFormula1','ER','T1','','','',0,0);
Insert into Formula Values('0912P1A0$50EEO',1,0,0,'CPFFormula1','EE','T1','','','',0,0);
Insert into Formula Values('0912P1A0$50EEA',1,0,0,'CPFFormula1','EE','T1','','','',0,0);
Insert into Formula Values('0912P1A0$500ERO',1,0,0,'CPFFormula1','ER','T1','','','',0,0);
Insert into Formula Values('0912P1A0$500ERA',1,0,0,'CPFFormula1','ER','T1','','','',0,0);
Insert into Formula Values('0912P1A0$500EEO',1,0,0,'CPFFormula1','EE','T4','','','',0,0);
Insert into Formula Values('0912P1A0$500EEA',1,0,0,'CPFFormula1','EE','T4','','','',0,0);
Insert into Formula Values('0912P1A0$750ERO',1,0,0,'CPFFormula1','ER','T1','','','',0,0);
Insert into Formula Values('0912P1A0$750ERA',1,0,0,'CPFFormula1','ER','T1','','','',0,0);
Insert into Formula Values('0912P1A0$750EEO',1,0,0,'CPFFormula1','EE','T4','','','',0,0);
Insert into Formula Values('0912P1A0$750EEA',1,0,0,'CPFFormula1','EE','T4','','','',0,0);
Insert into Formula Values('0912P1A0$1200ERO',1,0,0,'CPFFormula1','ER','T1','','','',0,0);
Insert into Formula Values('0912P1A0$1200ERA',1,0,0,'CPFFormula1','ER','T1','','','',0,0);
Insert into Formula Values('0912P1A0$1200EEO',1,0,0,'CPFFormula1','EE','T4','','','',0,0);
Insert into Formula Values('0912P1A0$1200EEA',1,0,0,'CPFFormula1','EE','T4','','','',0,0);
Insert into Formula Values('0912P1A0$1500ERO',1,0,0,'CPFFormula1','ER','T3','','','',0,0);
Insert into Formula Values('0912P1A0$1500ERA',1,0,0,'CPFFormula1','ER','T3','','','',0,0);
Insert into Formula Values('0912P1A0$1500EEO',1,0,0,'CPFFormula1','EE','T3','','','',0,0);
Insert into Formula Values('0912P1A0$1500EEA',1,0,0,'CPFFormula1','EE','T3','','','',0,0);
Insert into Formula Values('0912P1A35$0ERO',1,0,0,'CPFFormula1','ER','T1','','','',0,0);
Insert into Formula Values('0912P1A35$0ERA',1,0,0,'CPFFormula1','ER','T1','','','',0,0);
Insert into Formula Values('0912P1A35$0EEO',1,0,0,'CPFFormula1','EE','T1','','','',0,0);
Insert into Formula Values('0912P1A35$0EEA',1,0,0,'CPFFormula1','EE','T1','','','',0,0);
Insert into Formula Values('0912P1A35$50ERO',1,0,0,'CPFFormula1','ER','T4','','','',0,0);
Insert into Formula Values('0912P1A35$50ERA',1,0,0,'CPFFormula1','ER','T4','','','',0,0);
Insert into Formula Values('0912P1A35$50EEO',1,0,0,'CPFFormula1','EE','T1','','','',0,0);
Insert into Formula Values('0912P1A35$50EEA',1,0,0,'CPFFormula1','EE','T1','','','',0,0);
Insert into Formula Values('0912P1A35$500ERO',1,0,0,'CPFFormula1','ER','T4','','','',0,0);
Insert into Formula Values('0912P1A35$500ERA',1,0,0,'CPFFormula1','ER','T4','','','',0,0);
Insert into Formula Values('0912P1A35$500EEO',1,0,0,'CPFFormula1','EE','T4','','','',0,0);
Insert into Formula Values('0912P1A35$500EEA',1,0,0,'CPFFormula1','EE','T4','','','',0,0);
Insert into Formula Values('0912P1A35$750ERO',1,0,0,'CPFFormula1','ER','T4','','','',0,0);
Insert into Formula Values('0912P1A35$750ERA',1,0,0,'CPFFormula1','ER','T4','','','',0,0);
Insert into Formula Values('0912P1A35$750EEO',1,0,0,'CPFFormula1','EE','T4','','','',0,0);
Insert into Formula Values('0912P1A35$750EEA',1,0,0,'CPFFormula1','EE','T4','','','',0,0);
Insert into Formula Values('0912P1A35$1200ERO',1,0,0,'CPFFormula1','ER','T4','','','',0,0);
Insert into Formula Values('0912P1A35$1200ERA',1,0,0,'CPFFormula1','ER','T4','','','',0,0);
Insert into Formula Values('0912P1A35$1200EEO',1,0,0,'CPFFormula1','EE','T4','','','',0,0);
Insert into Formula Values('0912P1A35$1200EEA',1,0,0,'CPFFormula1','EE','T4','','','',0,0);
Insert into Formula Values('0912P1A35$1500ERO',1,0,0,'CPFFormula1','ER','T3','','','',0,0);
Insert into Formula Values('0912P1A35$1500ERA',1,0,0,'CPFFormula1','ER','T3','','','',0,0);
Insert into Formula Values('0912P1A35$1500EEO',1,0,0,'CPFFormula1','EE','T3','','','',0,0);
Insert into Formula Values('0912P1A35$1500EEA',1,0,0,'CPFFormula1','EE','T3','','','',0,0);
Insert into Formula Values('0912P1A50$0ERO',1,0,0,'CPFFormula1','ER','T1','','','',0,0);
Insert into Formula Values('0912P1A50$0ERA',1,0,0,'CPFFormula1','ER','T1','','','',0,0);
Insert into Formula Values('0912P1A50$0EEO',1,0,0,'CPFFormula1','EE','T1','','','',0,0);
Insert into Formula Values('0912P1A50$0EEA',1,0,0,'CPFFormula1','EE','T1','','','',0,0);
Insert into Formula Values('0912P1A50$50ERO',1,0,0,'CPFFormula1','ER','T4','','','',0,0);
Insert into Formula Values('0912P1A50$50ERA',1,0,0,'CPFFormula1','ER','T4','','','',0,0);
Insert into Formula Values('0912P1A50$50EEO',1,0,0,'CPFFormula1','EE','T1','','','',0,0);
Insert into Formula Values('0912P1A50$50EEA',1,0,0,'CPFFormula1','EE','T1','','','',0,0);
Insert into Formula Values('0912P1A50$500ERO',1,0,0,'CPFFormula1','ER','T4','','','',0,0);
Insert into Formula Values('0912P1A50$500ERA',1,0,0,'CPFFormula1','ER','T4','','','',0,0);
Insert into Formula Values('0912P1A50$500EEO',1,0,0,'CPFFormula1','EE','T4','','','',0,0);
Insert into Formula Values('0912P1A50$500EEA',1,0,0,'CPFFormula1','EE','T4','','','',0,0);
Insert into Formula Values('0912P1A50$750ERO',1,0,0,'CPFFormula1','ER','T4','','','',0,0);
Insert into Formula Values('0912P1A50$750ERA',1,0,0,'CPFFormula1','ER','T4','','','',0,0);
Insert into Formula Values('0912P1A50$750EEO',1,0,0,'CPFFormula1','EE','T4','','','',0,0);
Insert into Formula Values('0912P1A50$750EEA',1,0,0,'CPFFormula1','EE','T4','','','',0,0);
Insert into Formula Values('0912P1A50$1200ERO',1,0,0,'CPFFormula1','ER','T4','','','',0,0);
Insert into Formula Values('0912P1A50$1200ERA',1,0,0,'CPFFormula1','ER','T4','','','',0,0);
Insert into Formula Values('0912P1A50$1200EEO',1,0,0,'CPFFormula1','EE','T4','','','',0,0);
Insert into Formula Values('0912P1A50$1200EEA',1,0,0,'CPFFormula1','EE','T4','','','',0,0);
Insert into Formula Values('0912P1A50$1500ERO',1,0,0,'CPFFormula1','ER','T3','','','',0,0);
Insert into Formula Values('0912P1A50$1500ERA',1,0,0,'CPFFormula1','ER','T3','','','',0,0);
Insert into Formula Values('0912P1A50$1500EEO',1,0,0,'CPFFormula1','EE','T3','','','',0,0);
Insert into Formula Values('0912P1A50$1500EEA',1,0,0,'CPFFormula1','EE','T3','','','',0,0);
Insert into Formula Values('0912P1A55$0ERO',1,0,0,'CPFFormula1','ER','T1','','','',0,0);
Insert into Formula Values('0912P1A55$0ERA',1,0,0,'CPFFormula1','ER','T1','','','',0,0);
Insert into Formula Values('0912P1A55$0EEO',1,0,0,'CPFFormula1','EE','T1','','','',0,0);
Insert into Formula Values('0912P1A55$0EEA',1,0,0,'CPFFormula1','EE','T1','','','',0,0);
Insert into Formula Values('0912P1A55$50ERO',1,0,0,'CPFFormula1','ER','T4','','','',0,0);
Insert into Formula Values('0912P1A55$50ERA',1,0,0,'CPFFormula1','ER','T4','','','',0,0);
Insert into Formula Values('0912P1A55$50EEO',1,0,0,'CPFFormula1','EE','T1','','','',0,0);
Insert into Formula Values('0912P1A55$50EEA',1,0,0,'CPFFormula1','EE','T1','','','',0,0);
Insert into Formula Values('0912P1A55$500ERO',1,0,0,'CPFFormula1','ER','T4','','','',0,0);
Insert into Formula Values('0912P1A55$500ERA',1,0,0,'CPFFormula1','ER','T4','','','',0,0);
Insert into Formula Values('0912P1A55$500EEO',1,0,0,'CPFFormula1','EE','T4','','','',0,0);
Insert into Formula Values('0912P1A55$500EEA',1,0,0,'CPFFormula1','EE','T4','','','',0,0);
Insert into Formula Values('0912P1A55$750ERO',1,0,0,'CPFFormula1','ER','T4','','','',0,0);
Insert into Formula Values('0912P1A55$750ERA',1,0,0,'CPFFormula1','ER','T4','','','',0,0);
Insert into Formula Values('0912P1A55$750EEO',1,0,0,'CPFFormula1','EE','T4','','','',0,0);
Insert into Formula Values('0912P1A55$750EEA',1,0,0,'CPFFormula1','EE','T4','','','',0,0);
Insert into Formula Values('0912P1A55$1200ERO',1,0,0,'CPFFormula1','ER','T4','','','',0,0);
Insert into Formula Values('0912P1A55$1200ERA',1,0,0,'CPFFormula1','ER','T4','','','',0,0);
Insert into Formula Values('0912P1A55$1200EEO',1,0,0,'CPFFormula1','EE','T4','','','',0,0);
Insert into Formula Values('0912P1A55$1200EEA',1,0,0,'CPFFormula1','EE','T4','','','',0,0);
Insert into Formula Values('0912P1A55$1500ERO',1,0,0,'CPFFormula1','ER','T3','','','',0,0);
Insert into Formula Values('0912P1A55$1500ERA',1,0,0,'CPFFormula1','ER','T3','','','',0,0);
Insert into Formula Values('0912P1A55$1500EEO',1,0,0,'CPFFormula1','EE','T3','','','',0,0);
Insert into Formula Values('0912P1A55$1500EEA',1,0,0,'CPFFormula1','EE','T3','','','',0,0);
Insert into Formula Values('0912P1A60$0ERO',1,0,0,'CPFFormula1','ER','T1','','','',0,0);
Insert into Formula Values('0912P1A60$0ERA',1,0,0,'CPFFormula1','ER','T1','','','',0,0);
Insert into Formula Values('0912P1A60$0EEO',1,0,0,'CPFFormula1','EE','T1','','','',0,0);
Insert into Formula Values('0912P1A60$0EEA',1,0,0,'CPFFormula1','EE','T1','','','',0,0);
Insert into Formula Values('0912P1A60$50ERO',1,0,0,'CPFFormula1','ER','T4','','','',0,0);
Insert into Formula Values('0912P1A60$50ERA',1,0,0,'CPFFormula1','ER','T4','','','',0,0);
Insert into Formula Values('0912P1A60$50EEO',1,0,0,'CPFFormula1','EE','T1','','','',0,0);
Insert into Formula Values('0912P1A60$50EEA',1,0,0,'CPFFormula1','EE','T1','','','',0,0);
Insert into Formula Values('0912P1A60$500ERO',1,0,0,'CPFFormula1','ER','T4','','','',0,0);
Insert into Formula Values('0912P1A60$500ERA',1,0,0,'CPFFormula1','ER','T4','','','',0,0);
Insert into Formula Values('0912P1A60$500EEO',1,0,0,'CPFFormula1','EE','T4','','','',0,0);
Insert into Formula Values('0912P1A60$500EEA',1,0,0,'CPFFormula1','EE','T4','','','',0,0);
Insert into Formula Values('0912P1A60$750ERO',1,0,0,'CPFFormula1','ER','T4','','','',0,0);
Insert into Formula Values('0912P1A60$750ERA',1,0,0,'CPFFormula1','ER','T4','','','',0,0);
Insert into Formula Values('0912P1A60$750EEO',1,0,0,'CPFFormula1','EE','T4','','','',0,0);
Insert into Formula Values('0912P1A60$750EEA',1,0,0,'CPFFormula1','EE','T4','','','',0,0);
Insert into Formula Values('0912P1A60$1200ERO',1,0,0,'CPFFormula1','ER','T4','','','',0,0);
Insert into Formula Values('0912P1A60$1200ERA',1,0,0,'CPFFormula1','ER','T4','','','',0,0);
Insert into Formula Values('0912P1A60$1200EEO',1,0,0,'CPFFormula1','EE','T4','','','',0,0);
Insert into Formula Values('0912P1A60$1200EEA',1,0,0,'CPFFormula1','EE','T4','','','',0,0);
Insert into Formula Values('0912P1A60$1500ERO',1,0,0,'CPFFormula1','ER','T3','','','',0,0);
Insert into Formula Values('0912P1A60$1500ERA',1,0,0,'CPFFormula1','ER','T3','','','',0,0);
Insert into Formula Values('0912P1A60$1500EEO',1,0,0,'CPFFormula1','EE','T3','','','',0,0);
Insert into Formula Values('0912P1A60$1500EEA',1,0,0,'CPFFormula1','EE','T3','','','',0,0);
Insert into Formula Values('0912P1A65$0ERO',1,0,0,'CPFFormula1','ER','T1','','','',0,0);
Insert into Formula Values('0912P1A65$0ERA',1,0,0,'CPFFormula1','ER','T1','','','',0,0);
Insert into Formula Values('0912P1A65$0EEO',1,0,0,'CPFFormula1','EE','T1','','','',0,0);
Insert into Formula Values('0912P1A65$0EEA',1,0,0,'CPFFormula1','EE','T1','','','',0,0);
Insert into Formula Values('0912P1A65$50ERO',1,0,0,'CPFFormula1','ER','T4','','','',0,0);
Insert into Formula Values('0912P1A65$50ERA',1,0,0,'CPFFormula1','ER','T4','','','',0,0);
Insert into Formula Values('0912P1A65$50EEO',1,0,0,'CPFFormula1','EE','T1','','','',0,0);
Insert into Formula Values('0912P1A65$50EEA',1,0,0,'CPFFormula1','EE','T1','','','',0,0);
Insert into Formula Values('0912P1A65$500ERO',1,0,0,'CPFFormula1','ER','T4','','','',0,0);
Insert into Formula Values('0912P1A65$500ERA',1,0,0,'CPFFormula1','ER','T4','','','',0,0);
Insert into Formula Values('0912P1A65$500EEO',1,0,0,'CPFFormula1','EE','T4','','','',0,0);
Insert into Formula Values('0912P1A65$500EEA',1,0,0,'CPFFormula1','EE','T4','','','',0,0);
Insert into Formula Values('0912P1A65$750ERO',1,0,0,'CPFFormula1','ER','T4','','','',0,0);
Insert into Formula Values('0912P1A65$750ERA',1,0,0,'CPFFormula1','ER','T4','','','',0,0);
Insert into Formula Values('0912P1A65$750EEO',1,0,0,'CPFFormula1','EE','T4','','','',0,0);
Insert into Formula Values('0912P1A65$750EEA',1,0,0,'CPFFormula1','EE','T4','','','',0,0);
Insert into Formula Values('0912P1A65$1200ERO',1,0,0,'CPFFormula1','ER','T4','','','',0,0);
Insert into Formula Values('0912P1A65$1200ERA',1,0,0,'CPFFormula1','ER','T4','','','',0,0);
Insert into Formula Values('0912P1A65$1200EEO',1,0,0,'CPFFormula1','EE','T4','','','',0,0);
Insert into Formula Values('0912P1A65$1200EEA',1,0,0,'CPFFormula1','EE','T4','','','',0,0);
Insert into Formula Values('0912P1A65$1500ERO',1,0,0,'CPFFormula1','ER','T3','','','',0,0);
Insert into Formula Values('0912P1A65$1500ERA',1,0,0,'CPFFormula1','ER','T3','','','',0,0);
Insert into Formula Values('0912P1A65$1500EEO',1,0,0,'CPFFormula1','EE','T3','','','',0,0);
Insert into Formula Values('0912P1A65$1500EEA',1,0,0,'CPFFormula1','EE','T3','','','',0,0);
Insert into FormulaRange Values('0912P1A0$0ERO',1,0,0,'(C1/100)*K2;',0,0,0,0,0,'CPFWage','OrdWage','AddWage','','','','','','','','','','','','','','','','','','','','','','','','','','','','','','','',''       );
Insert into FormulaRange Values('0912P1A0$0ERA',1,0,0,'(C1/100)*K3;',0,0,0,0,0,'CPFWage','OrdWage','AddWage','','','','','','','','','','','','','','','','','','','','','','','','','','','','','','','',''       );
Insert into FormulaRange Values('0912P1A0$0EEO',1,0,0,'(C1/100)*K2;',0,0,0,0,0,'CPFWage','OrdWage','AddWage','','','','','','','','','','','','','','','','','','','','','','','','','','','','','','','',''       );
Insert into FormulaRange Values('0912P1A0$0EEA',1,0,0,'(C1/100)*K3;',0,0,0,0,0,'CPFWage','OrdWage','AddWage','','','','','','','','','','','','','','','','','','','','','','','','','','','','','','','',''       );
Insert into FormulaRange Values('0912P1A0$50ERO',1,0,0,'(C1/100)*K2;',4,0,0,0,0,'CPFWage','OrdWage','AddWage','','','','','','','','','','','','','','','','','','','','','','','','','','','','','','','',''       );
Insert into FormulaRange Values('0912P1A0$50ERA',1,0,0,'(C1/100)*K3;',4,0,0,0,0,'CPFWage','OrdWage','AddWage','','','','','','','','','','','','','','','','','','','','','','','','','','','','','','','',''       );
Insert into FormulaRange Values('0912P1A0$50EEO',1,0,0,'(C1/100)*K2;',0,0,0,0,0,'CPFWage','OrdWage','AddWage','','','','','','','','','','','','','','','','','','','','','','','','','','','','','','','',''       );
Insert into FormulaRange Values('0912P1A0$50EEA',1,0,0,'(C1/100)*K3;',0,0,0,0,0,'CPFWage','OrdWage','AddWage','','','','','','','','','','','','','','','','','','','','','','','','','','','','','','','',''       );
Insert into FormulaRange Values('0912P1A0$500ERO',1,0,0,'(C1/100)*K2;',4,0,0,0,0,'CPFWage','OrdWage','AddWage','','','','','','','','','','','','','','','','','','','','','','','','','','','','','','','',''       );
Insert into FormulaRange Values('0912P1A0$500ERA',1,0,0,'(C1/100)*K3;',4,0,0,0,0,'CPFWage','OrdWage','AddWage','','','','','','','','','','','','','','','','','','','','','','','','','','','','','','','',''       );
Insert into FormulaRange Values('0912P1A0$500EEO',1,0,0,'(K2/K1)*(C1 * (K1 - C2) + C3);',0.12,500,0,0,0,'CPFWage','OrdWage','AddWage','','','','','','','','','','','','','','','','','','','','','','','','','','','','','','','',''       );
Insert into FormulaRange Values('0912P1A0$500EEA',1,0,0,'(K3/K1)*(C1 * (K1 - C2) + C3);',0.12,500,0,0,0,'CPFWage','OrdWage','AddWage','','','','','','','','','','','','','','','','','','','','','','','','','','','','','','','',''       );
Insert into FormulaRange Values('0912P1A0$750ERO',1,0,0,'(C1/100)*K2;',4,0,0,0,0,'CPFWage','OrdWage','AddWage','','','','','','','','','','','','','','','','','','','','','','','','','','','','','','','',''       );
Insert into FormulaRange Values('0912P1A0$750ERA',1,0,0,'(C1/100)*K3;',4,0,0,0,0,'CPFWage','OrdWage','AddWage','','','','','','','','','','','','','','','','','','','','','','','','','','','','','','','',''       );
Insert into FormulaRange Values('0912P1A0$750EEO',1,0,0,'(K2/K1)*(C1 * (K1 - C2) + C3);',0.06,750,30,0,0,'CPFWage','OrdWage','AddWage','','','','','','','','','','','','','','','','','','','','','','','','','','','','','','','',''       );
Insert into FormulaRange Values('0912P1A0$750EEA',1,0,0,'(K3/K1)*(C1 * (K1 - C2) + C3);',0.06,750,30,0,0,'CPFWage','OrdWage','AddWage','','','','','','','','','','','','','','','','','','','','','','','','','','','','','','','',''       );
Insert into FormulaRange Values('0912P1A0$1200ERO',1,0,0,'(C1/100)*K2;',4,0,0,0,0,'CPFWage','OrdWage','AddWage','','','','','','','','','','','','','','','','','','','','','','','','','','','','','','','',''       );
Insert into FormulaRange Values('0912P1A0$1200ERA',1,0,0,'(C1/100)*K3;',4,0,0,0,0,'CPFWage','OrdWage','AddWage','','','','','','','','','','','','','','','','','','','','','','','','','','','','','','','',''       );
Insert into FormulaRange Values('0912P1A0$1200EEO',1,0,0,'(K2/K1)*(C1 * (K1 - C2) + C3);',0.06,750,30,0,0,'CPFWage','OrdWage','AddWage','','','','','','','','','','','','','','','','','','','','','','','','','','','','','','','',''       );
Insert into FormulaRange Values('0912P1A0$1200EEA',1,0,0,'(K3/K1)*(C1 * (K1 - C2) + C3);',0.06,750,30,0,0,'CPFWage','OrdWage','AddWage','','','','','','','','','','','','','','','','','','','','','','','','','','','','','','','',''       );
Insert into FormulaRange Values('0912P1A0$1500ERO',1,0,0,'@MAX( (C1/100)*K2 , C2 );',4,200,0,0,0,'CPFWage','OrdWage','AddWage','','','','','','','','','','','','','','','','','','','','','','','','','','','','','','','',''       );
Insert into FormulaRange Values('0912P1A0$1500ERA',1,0,0,' (C1/100)*K3;',4,0,0,0,0,'CPFWage','OrdWage','AddWage','','','','','','','','','','','','','','','','','','','','','','','','','','','','','','','',''       );
Insert into FormulaRange Values('0912P1A0$1500EEO',1,0,0,'@MAX( (C1/100)*K2 , C2 );',5,250,0,0,0,'CPFWage','OrdWage','AddWage','','','','','','','','','','','','','','','','','','','','','','','','','','','','','','','',''       );
Insert into FormulaRange Values('0912P1A0$1500EEA',1,0,0,' (C1/100)*K3;',5,0,0,0,0,'CPFWage','OrdWage','AddWage','','','','','','','','','','','','','','','','','','','','','','','','','','','','','','','',''       );
Insert into FormulaRange Values('0912P1A35$0ERO',1,0,0,'(C1/100)*K2;',0,0,0,0,0,'CPFWage','OrdWage','AddWage','','','','','','','','','','','','','','','','','','','','','','','','','','','','','','','',''       );
Insert into FormulaRange Values('0912P1A35$0ERA',1,0,0,'(C1/100)*K3;',0,0,0,0,0,'CPFWage','OrdWage','AddWage','','','','','','','','','','','','','','','','','','','','','','','','','','','','','','','',''       );
Insert into FormulaRange Values('0912P1A35$0EEO',1,0,0,'(C1/100)*K2;',0,0,0,0,0,'CPFWage','OrdWage','AddWage','','','','','','','','','','','','','','','','','','','','','','','','','','','','','','','',''       );
Insert into FormulaRange Values('0912P1A35$0EEA',1,0,0,'(C1/100)*K3;',0,0,0,0,0,'CPFWage','OrdWage','AddWage','','','','','','','','','','','','','','','','','','','','','','','','','','','','','','','',''       );
Insert into FormulaRange Values('0912P1A35$50ERO',1,0,0,'(K2/K1)*(C1 * (K1 - C2) + C3);',0.0265,50,0,0,0,'CPFWage','OrdWage','AddWage','','','','','','','','','','','','','','','','','','','','','','','','','','','','','','','',''       );
Insert into FormulaRange Values('0912P1A35$50ERA',1,0,0,'(K3/K1)*(C1 * (K1 - C2) + C3);',0.0265,50,0,0,0,'CPFWage','OrdWage','AddWage','','','','','','','','','','','','','','','','','','','','','','','','','','','','','','','',''       );
Insert into FormulaRange Values('0912P1A35$50EEO',1,0,0,'(C1/100)*K2;',0,0,0,0,0,'CPFWage','OrdWage','AddWage','','','','','','','','','','','','','','','','','','','','','','','','','','','','','','','',''       );
Insert into FormulaRange Values('0912P1A35$50EEA',1,0,0,'(C1/100)*K3;',0,0,0,0,0,'CPFWage','OrdWage','AddWage','','','','','','','','','','','','','','','','','','','','','','','','','','','','','','','',''       );
Insert into FormulaRange Values('0912P1A35$500ERO',1,0,0,'(K2/K1)*(C1 * (K1 - C2) + C3);',0.0265,50,0,0,0,'CPFWage','OrdWage','AddWage','','','','','','','','','','','','','','','','','','','','','','','','','','','','','','','',''       );
Insert into FormulaRange Values('0912P1A35$500ERA',1,0,0,'(K3/K1)*(C1 * (K1 - C2) + C3);',0.0265,50,0,0,0,'CPFWage','OrdWage','AddWage','','','','','','','','','','','','','','','','','','','','','','','','','','','','','','','',''       );
Insert into FormulaRange Values('0912P1A35$500EEO',1,0,0,'(K2/K1)*(C1 * (K1 - C2) + C3);',0.12,500,0,0,0,'CPFWage','OrdWage','AddWage','','','','','','','','','','','','','','','','','','','','','','','','','','','','','','','',''       );
Insert into FormulaRange Values('0912P1A35$500EEA',1,0,0,'(K3/K1)*(C1 * (K1 - C2) + C3);',0.12,500,0,0,0,'CPFWage','OrdWage','AddWage','','','','','','','','','','','','','','','','','','','','','','','','','','','','','','','',''       );
Insert into FormulaRange Values('0912P1A35$750ERO',1,0,0,'(K2/K1)*(C1 * (K1 - C2) + C3);',0.0541,750,18.6,0,0,'CPFWage','OrdWage','AddWage','','','','','','','','','','','','','','','','','','','','','','','','','','','','','','','',''       );
Insert into FormulaRange Values('0912P1A35$750ERA',1,0,0,'(K3/K1)*(C1 * (K1 - C2) + C3);',0.0541,750,18.6,0,0,'CPFWage','OrdWage','AddWage','','','','','','','','','','','','','','','','','','','','','','','','','','','','','','','',''       );
Insert into FormulaRange Values('0912P1A35$750EEO',1,0,0,'(K2/K1)*(C1 * (K1 - C2) + C3);',0.06,750,30,0,0,'CPFWage','OrdWage','AddWage','','','','','','','','','','','','','','','','','','','','','','','','','','','','','','','',''       );
Insert into FormulaRange Values('0912P1A35$750EEA',1,0,0,'(K3/K1)*(C1 * (K1 - C2) + C3);',0.06,750,30,0,0,'CPFWage','OrdWage','AddWage','','','','','','','','','','','','','','','','','','','','','','','','','','','','','','','',''       );
Insert into FormulaRange Values('0912P1A35$1200ERO',1,0,0,'(K2/K1)*(C1 * (K1 - C2) + C3);',0.0568,1200,42.96,0,0,'CPFWage','OrdWage','AddWage','','','','','','','','','','','','','','','','','','','','','','','','','','','','','','','',''       );
Insert into FormulaRange Values('0912P1A35$1200ERA',1,0,0,'(K3/K1)*(C1 * (K1 - C2) + C3);',0.0568,1200,42.96,0,0,'CPFWage','OrdWage','AddWage','','','','','','','','','','','','','','','','','','','','','','','','','','','','','','','',''       );
Insert into FormulaRange Values('0912P1A35$1200EEO',1,0,0,'(K2/K1)*(C1 * (K1 - C2) + C3);',0.06,750,30,0,0,'CPFWage','OrdWage','AddWage','','','','','','','','','','','','','','','','','','','','','','','','','','','','','','','',''       );
Insert into FormulaRange Values('0912P1A35$1200EEA',1,0,0,'(K3/K1)*(C1 * (K1 - C2) + C3);',0.06,750,30,0,0,'CPFWage','OrdWage','AddWage','','','','','','','','','','','','','','','','','','','','','','','','','','','','','','','',''       );
Insert into FormulaRange Values('0912P1A35$1500ERO',1,0,0,'@MAX( (C1/100)*K2 , C2 );',4,200,0,0,0,'CPFWage','OrdWage','AddWage','','','','','','','','','','','','','','','','','','','','','','','','','','','','','','','',''       );
Insert into FormulaRange Values('0912P1A35$1500ERA',1,0,0,' (C1/100)*K3;',4,0,0,0,0,'CPFWage','OrdWage','AddWage','','','','','','','','','','','','','','','','','','','','','','','','','','','','','','','',''       );
Insert into FormulaRange Values('0912P1A35$1500EEO',1,0,0,'@MAX( (C1/100)*K2 , C2 );',5,250,0,0,0,'CPFWage','OrdWage','AddWage','','','','','','','','','','','','','','','','','','','','','','','','','','','','','','','',''       );
Insert into FormulaRange Values('0912P1A35$1500EEA',1,0,0,' (C1/100)*K3;',5,0,0,0,0,'CPFWage','OrdWage','AddWage','','','','','','','','','','','','','','','','','','','','','','','','','','','','','','','',''       );
Insert into FormulaRange Values('0912P1A50$0ERO',1,0,0,'(C1/100)*K2;',0,0,0,0,0,'CPFWage','OrdWage','AddWage','','','','','','','','','','','','','','','','','','','','','','','','','','','','','','','',''       );
Insert into FormulaRange Values('0912P1A50$0ERA',1,0,0,'(C1/100)*K3;',0,0,0,0,0,'CPFWage','OrdWage','AddWage','','','','','','','','','','','','','','','','','','','','','','','','','','','','','','','',''       );
Insert into FormulaRange Values('0912P1A50$0EEO',1,0,0,'(C1/100)*K2;',0,0,0,0,0,'CPFWage','OrdWage','AddWage','','','','','','','','','','','','','','','','','','','','','','','','','','','','','','','',''       );
Insert into FormulaRange Values('0912P1A50$0EEA',1,0,0,'(C1/100)*K3;',0,0,0,0,0,'CPFWage','OrdWage','AddWage','','','','','','','','','','','','','','','','','','','','','','','','','','','','','','','',''       );
Insert into FormulaRange Values('0912P1A50$50ERO',1,0,0,'(K2/K1)*(C1 * (K1 - C2) + C3);',0.0265,50,0,0,0,'CPFWage','OrdWage','AddWage','','','','','','','','','','','','','','','','','','','','','','','','','','','','','','','',''       );
Insert into FormulaRange Values('0912P1A50$50ERA',1,0,0,'(K3/K1)*(C1 * (K1 - C2) + C3);',0.0265,50,0,0,0,'CPFWage','OrdWage','AddWage','','','','','','','','','','','','','','','','','','','','','','','','','','','','','','','',''       );
Insert into FormulaRange Values('0912P1A50$50EEO',1,0,0,'(C1/100)*K2;',0,0,0,0,0,'CPFWage','OrdWage','AddWage','','','','','','','','','','','','','','','','','','','','','','','','','','','','','','','',''       );
Insert into FormulaRange Values('0912P1A50$50EEA',1,0,0,'(C1/100)*K3;',0,0,0,0,0,'CPFWage','OrdWage','AddWage','','','','','','','','','','','','','','','','','','','','','','','','','','','','','','','',''       );
Insert into FormulaRange Values('0912P1A50$500ERO',1,0,0,'(K2/K1)*(C1 * (K1 - C2) + C3);',0.0265,50,0,0,0,'CPFWage','OrdWage','AddWage','','','','','','','','','','','','','','','','','','','','','','','','','','','','','','','',''       );
Insert into FormulaRange Values('0912P1A50$500ERA',1,0,0,'(K3/K1)*(C1 * (K1 - C2) + C3);',0.0265,50,0,0,0,'CPFWage','OrdWage','AddWage','','','','','','','','','','','','','','','','','','','','','','','','','','','','','','','',''       );
Insert into FormulaRange Values('0912P1A50$500EEO',1,0,0,'(K2/K1)*(C1 * (K1 - C2) + C3);',0.12,500,0,0,0,'CPFWage','OrdWage','AddWage','','','','','','','','','','','','','','','','','','','','','','','','','','','','','','','',''       );
Insert into FormulaRange Values('0912P1A50$500EEA',1,0,0,'(K3/K1)*(C1 * (K1 - C2) + C3);',0.12,500,0,0,0,'CPFWage','OrdWage','AddWage','','','','','','','','','','','','','','','','','','','','','','','','','','','','','','','',''       );
Insert into FormulaRange Values('0912P1A50$750ERO',1,0,0,'(K2/K1)*(C1 * (K1 - C2) + C3);',0.0498,750,18.6,0,0,'CPFWage','OrdWage','AddWage','','','','','','','','','','','','','','','','','','','','','','','','','','','','','','','',''       );
Insert into FormulaRange Values('0912P1A50$750ERA',1,0,0,'(K3/K1)*(C1 * (K1 - C2) + C3);',0.0498,750,18.6,0,0,'CPFWage','OrdWage','AddWage','','','','','','','','','','','','','','','','','','','','','','','','','','','','','','','',''       );
Insert into FormulaRange Values('0912P1A50$750EEO',1,0,0,'(K2/K1)*(C1 * (K1 - C2) + C3);',0.06,750,30,0,0,'CPFWage','OrdWage','AddWage','','','','','','','','','','','','','','','','','','','','','','','','','','','','','','','',''       );
Insert into FormulaRange Values('0912P1A50$750EEA',1,0,0,'(K3/K1)*(C1 * (K1 - C2) + C3);',0.06,750,30,0,0,'CPFWage','OrdWage','AddWage','','','','','','','','','','','','','','','','','','','','','','','','','','','','','','','',''       );
Insert into FormulaRange Values('0912P1A50$1200ERO',1,0,0,'(K2/K1)*(C1 * (K1 - C2) + C3);',0.0632,1200,41.04,0,0,'CPFWage','OrdWage','AddWage','','','','','','','','','','','','','','','','','','','','','','','','','','','','','','','',''       );
Insert into FormulaRange Values('0912P1A50$1200ERA',1,0,0,'(K3/K1)*(C1 * (K1 - C2) + C3);',0.0632,1200,41.04,0,0,'CPFWage','OrdWage','AddWage','','','','','','','','','','','','','','','','','','','','','','','','','','','','','','','',''       );
Insert into FormulaRange Values('0912P1A50$1200EEO',1,0,0,'(K2/K1)*(C1 * (K1 - C2) + C3);',0.06,750,30,0,0,'CPFWage','OrdWage','AddWage','','','','','','','','','','','','','','','','','','','','','','','','','','','','','','','',''       );
Insert into FormulaRange Values('0912P1A50$1200EEA',1,0,0,'(K3/K1)*(C1 * (K1 - C2) + C3);',0.06,750,30,0,0,'CPFWage','OrdWage','AddWage','','','','','','','','','','','','','','','','','','','','','','','','','','','','','','','',''       );
Insert into FormulaRange Values('0912P1A50$1500ERO',1,0,0,'@MAX( (C1/100)*K2 , C2 );',4,200,0,0,0,'CPFWage','OrdWage','AddWage','','','','','','','','','','','','','','','','','','','','','','','','','','','','','','','',''       );
Insert into FormulaRange Values('0912P1A50$1500ERA',1,0,0,' (C1/100)*K3;',4,0,0,0,0,'CPFWage','OrdWage','AddWage','','','','','','','','','','','','','','','','','','','','','','','','','','','','','','','',''       );
Insert into FormulaRange Values('0912P1A50$1500EEO',1,0,0,'@MAX( (C1/100)*K2 , C2 );',5,250,0,0,0,'CPFWage','OrdWage','AddWage','','','','','','','','','','','','','','','','','','','','','','','','','','','','','','','',''       );
Insert into FormulaRange Values('0912P1A50$1500EEA',1,0,0,' (C1/100)*K3;',5,0,0,0,0,'CPFWage','OrdWage','AddWage','','','','','','','','','','','','','','','','','','','','','','','','','','','','','','','',''       );
Insert into FormulaRange Values('0912P1A55$0ERO',1,0,0,'(C1/100)*K2;',0,0,0,0,0,'CPFWage','OrdWage','AddWage','','','','','','','','','','','','','','','','','','','','','','','','','','','','','','','',''       );
Insert into FormulaRange Values('0912P1A55$0ERA',1,0,0,'(C1/100)*K3;',0,0,0,0,0,'CPFWage','OrdWage','AddWage','','','','','','','','','','','','','','','','','','','','','','','','','','','','','','','',''       );
Insert into FormulaRange Values('0912P1A55$0EEO',1,0,0,'(C1/100)*K2;',0,0,0,0,0,'CPFWage','OrdWage','AddWage','','','','','','','','','','','','','','','','','','','','','','','','','','','','','','','',''       );
Insert into FormulaRange Values('0912P1A55$0EEA',1,0,0,'(C1/100)*K3;',0,0,0,0,0,'CPFWage','OrdWage','AddWage','','','','','','','','','','','','','','','','','','','','','','','','','','','','','','','',''       );
Insert into FormulaRange Values('0912P1A55$50ERO',1,0,0,'(K2/K1)*(C1 * (K1 - C2) + C3);',0.0265,50,0,0,0,'CPFWage','OrdWage','AddWage','','','','','','','','','','','','','','','','','','','','','','','','','','','','','','','',''       );
Insert into FormulaRange Values('0912P1A55$50ERA',1,0,0,'(K3/K1)*(C1 * (K1 - C2) + C3);',0.0265,50,0,0,0,'CPFWage','OrdWage','AddWage','','','','','','','','','','','','','','','','','','','','','','','','','','','','','','','',''       );
Insert into FormulaRange Values('0912P1A55$50EEO',1,0,0,'(C1/100)*K2;',0,0,0,0,0,'CPFWage','OrdWage','AddWage','','','','','','','','','','','','','','','','','','','','','','','','','','','','','','','',''       );
Insert into FormulaRange Values('0912P1A55$50EEA',1,0,0,'(C1/100)*K3;',0,0,0,0,0,'CPFWage','OrdWage','AddWage','','','','','','','','','','','','','','','','','','','','','','','','','','','','','','','',''       );
Insert into FormulaRange Values('0912P1A55$500ERO',1,0,0,'(K2/K1)*(C1 * (K1 - C2) + C3);',0.0265,50,0,0,0,'CPFWage','OrdWage','AddWage','','','','','','','','','','','','','','','','','','','','','','','','','','','','','','','',''       );
Insert into FormulaRange Values('0912P1A55$500ERA',1,0,0,'(K3/K1)*(C1 * (K1 - C2) + C3);',0.0265,50,0,0,0,'CPFWage','OrdWage','AddWage','','','','','','','','','','','','','','','','','','','','','','','','','','','','','','','',''       );
Insert into FormulaRange Values('0912P1A55$500EEO',1,0,0,'(K2/K1)*(C1 * (K1 - C2) + C3);',0.12,500,0,0,0,'CPFWage','OrdWage','AddWage','','','','','','','','','','','','','','','','','','','','','','','','','','','','','','','',''       );
Insert into FormulaRange Values('0912P1A55$500EEA',1,0,0,'(K3/K1)*(C1 * (K1 - C2) + C3);',0.12,500,0,0,0,'CPFWage','OrdWage','AddWage','','','','','','','','','','','','','','','','','','','','','','','','','','','','','','','',''       );
Insert into FormulaRange Values('0912P1A55$750ERO',1,0,0,'(K2/K1)*(C1 * (K1 - C2) + C3);',0.044,750,18.6,0,0,'CPFWage','OrdWage','AddWage','','','','','','','','','','','','','','','','','','','','','','','','','','','','','','','',''       );
Insert into FormulaRange Values('0912P1A55$750ERA',1,0,0,'(K3/K1)*(C1 * (K1 - C2) + C3);',0.044,750,18.6,0,0,'CPFWage','OrdWage','AddWage','','','','','','','','','','','','','','','','','','','','','','','','','','','','','','','',''       );
Insert into FormulaRange Values('0912P1A55$750EEO',1,0,0,'(K2/K1)*(C1 * (K1 - C2) + C3);',0.06,750,30,0,0,'CPFWage','OrdWage','AddWage','','','','','','','','','','','','','','','','','','','','','','','','','','','','','','','',''       );
Insert into FormulaRange Values('0912P1A55$750EEA',1,0,0,'(K3/K1)*(C1 * (K1 - C2) + C3);',0.06,750,30,0,0,'CPFWage','OrdWage','AddWage','','','','','','','','','','','','','','','','','','','','','','','','','','','','','','','',''       );
Insert into FormulaRange Values('0912P1A55$1200ERO',1,0,0,'(K2/K1)*(C1 * (K1 - C2) + C3);',0.072,1200,38.4,0,0,'CPFWage','OrdWage','AddWage','','','','','','','','','','','','','','','','','','','','','','','','','','','','','','','',''       );
Insert into FormulaRange Values('0912P1A55$1200ERA',1,0,0,'(K3/K1)*(C1 * (K1 - C2) + C3);',0.072,1200,38.4,0,0,'CPFWage','OrdWage','AddWage','','','','','','','','','','','','','','','','','','','','','','','','','','','','','','','',''       );
Insert into FormulaRange Values('0912P1A55$1200EEO',1,0,0,'(K2/K1)*(C1 * (K1 - C2) + C3);',0.06,750,30,0,0,'CPFWage','OrdWage','AddWage','','','','','','','','','','','','','','','','','','','','','','','','','','','','','','','',''       );
Insert into FormulaRange Values('0912P1A55$1200EEA',1,0,0,'(K3/K1)*(C1 * (K1 - C2) + C3);',0.06,750,30,0,0,'CPFWage','OrdWage','AddWage','','','','','','','','','','','','','','','','','','','','','','','','','','','','','','','',''       );
Insert into FormulaRange Values('0912P1A55$1500ERO',1,0,0,'@MAX( (C1/100)*K2 , C2 );',4,200,0,0,0,'CPFWage','OrdWage','AddWage','','','','','','','','','','','','','','','','','','','','','','','','','','','','','','','',''       );
Insert into FormulaRange Values('0912P1A55$1500ERA',1,0,0,' (C1/100)*K3;',4,0,0,0,0,'CPFWage','OrdWage','AddWage','','','','','','','','','','','','','','','','','','','','','','','','','','','','','','','',''       );
Insert into FormulaRange Values('0912P1A55$1500EEO',1,0,0,'@MAX( (C1/100)*K2 , C2 );',5,250,0,0,0,'CPFWage','OrdWage','AddWage','','','','','','','','','','','','','','','','','','','','','','','','','','','','','','','',''       );
Insert into FormulaRange Values('0912P1A55$1500EEA',1,0,0,' (C1/100)*K3;',5,0,0,0,0,'CPFWage','OrdWage','AddWage','','','','','','','','','','','','','','','','','','','','','','','','','','','','','','','',''       );
Insert into FormulaRange Values('0912P1A60$0ERO',1,0,0,'(C1/100)*K2;',0,0,0,0,0,'CPFWage','OrdWage','AddWage','','','','','','','','','','','','','','','','','','','','','','','','','','','','','','','',''       );
Insert into FormulaRange Values('0912P1A60$0ERA',1,0,0,'(C1/100)*K3;',0,0,0,0,0,'CPFWage','OrdWage','AddWage','','','','','','','','','','','','','','','','','','','','','','','','','','','','','','','',''       );
Insert into FormulaRange Values('0912P1A60$0EEO',1,0,0,'(C1/100)*K2;',0,0,0,0,0,'CPFWage','OrdWage','AddWage','','','','','','','','','','','','','','','','','','','','','','','','','','','','','','','',''       );
Insert into FormulaRange Values('0912P1A60$0EEA',1,0,0,'(C1/100)*K3;',0,0,0,0,0,'CPFWage','OrdWage','AddWage','','','','','','','','','','','','','','','','','','','','','','','','','','','','','','','',''       );
Insert into FormulaRange Values('0912P1A60$50ERO',1,0,0,'(K2/K1)*(C1 * (K1 - C2) + C3);',0.0232,50,0,0,0,'CPFWage','OrdWage','AddWage','','','','','','','','','','','','','','','','','','','','','','','','','','','','','','','',''       );
Insert into FormulaRange Values('0912P1A60$50ERA',1,0,0,'(K3/K1)*(C1 * (K1 - C2) + C3);',0.0232,50,0,0,0,'CPFWage','OrdWage','AddWage','','','','','','','','','','','','','','','','','','','','','','','','','','','','','','','',''       );
Insert into FormulaRange Values('0912P1A60$50EEO',1,0,0,'(C1/100)*K2;',0,0,0,0,0,'CPFWage','OrdWage','AddWage','','','','','','','','','','','','','','','','','','','','','','','','','','','','','','','',''       );
Insert into FormulaRange Values('0912P1A60$50EEA',1,0,0,'(C1/100)*K3;',0,0,0,0,0,'CPFWage','OrdWage','AddWage','','','','','','','','','','','','','','','','','','','','','','','','','','','','','','','',''       );
Insert into FormulaRange Values('0912P1A60$500ERO',1,0,0,'(K2/K1)*(C1 * (K1 - C2) + C3);',0.0232,50,0,0,0,'CPFWage','OrdWage','AddWage','','','','','','','','','','','','','','','','','','','','','','','','','','','','','','','',''       );
Insert into FormulaRange Values('0912P1A60$500ERA',1,0,0,'(K3/K1)*(C1 * (K1 - C2) + C3);',0.0232,50,0,0,0,'CPFWage','OrdWage','AddWage','','','','','','','','','','','','','','','','','','','','','','','','','','','','','','','',''       );
Insert into FormulaRange Values('0912P1A60$500EEO',1,0,0,'(K2/K1)*(C1 * (K1 - C2) + C3);',0.12,500,0,0,0,'CPFWage','OrdWage','AddWage','','','','','','','','','','','','','','','','','','','','','','','','','','','','','','','',''       );
Insert into FormulaRange Values('0912P1A60$500EEA',1,0,0,'(K3/K1)*(C1 * (K1 - C2) + C3);',0.12,500,0,0,0,'CPFWage','OrdWage','AddWage','','','','','','','','','','','','','','','','','','','','','','','','','','','','','','','',''       );
Insert into FormulaRange Values('0912P1A60$750ERO',1,0,0,'(K2/K1)*(C1 * (K1 - C2) + C3);',0.0291,750,16.275,0,0,'CPFWage','OrdWage','AddWage','','','','','','','','','','','','','','','','','','','','','','','','','','','','','','','',''       );
Insert into FormulaRange Values('0912P1A60$750ERA',1,0,0,'(K3/K1)*(C1 * (K1 - C2) + C3);',0.0291,750,16.275,0,0,'CPFWage','OrdWage','AddWage','','','','','','','','','','','','','','','','','','','','','','','','','','','','','','','',''       );
Insert into FormulaRange Values('0912P1A60$750EEO',1,0,0,'(K2/K1)*(C1 * (K1 - C2) + C3);',0.06,750,30,0,0,'CPFWage','OrdWage','AddWage','','','','','','','','','','','','','','','','','','','','','','','','','','','','','','','',''       );
Insert into FormulaRange Values('0912P1A60$750EEA',1,0,0,'(K3/K1)*(C1 * (K1 - C2) + C3);',0.06,750,30,0,0,'CPFWage','OrdWage','AddWage','','','','','','','','','','','','','','','','','','','','','','','','','','','','','','','',''       );
Insert into FormulaRange Values('0912P1A60$1200ERO',1,0,0,'(K2/K1)*(C1 * (K1 - C2) + C3);',0.077,1200,29.4,0,0,'CPFWage','OrdWage','AddWage','','','','','','','','','','','','','','','','','','','','','','','','','','','','','','','',''       );
Insert into FormulaRange Values('0912P1A60$1200ERA',1,0,0,'(K3/K1)*(C1 * (K1 - C2) + C3);',0.077,1200,29.4,0,0,'CPFWage','OrdWage','AddWage','','','','','','','','','','','','','','','','','','','','','','','','','','','','','','','',''       );
Insert into FormulaRange Values('0912P1A60$1200EEO',1,0,0,'(K2/K1)*(C1 * (K1 - C2) + C3);',0.06,750,30,0,0,'CPFWage','OrdWage','AddWage','','','','','','','','','','','','','','','','','','','','','','','','','','','','','','','',''       );
Insert into FormulaRange Values('0912P1A60$1200EEA',1,0,0,'(K3/K1)*(C1 * (K1 - C2) + C3);',0.06,750,30,0,0,'CPFWage','OrdWage','AddWage','','','','','','','','','','','','','','','','','','','','','','','','','','','','','','','',''       );
Insert into FormulaRange Values('0912P1A60$1500ERO',1,0,0,'@MAX( (C1/100)*K2 , C2 );',3.5,175,0,0,0,'CPFWage','OrdWage','AddWage','','','','','','','','','','','','','','','','','','','','','','','','','','','','','','','',''       );
Insert into FormulaRange Values('0912P1A60$1500ERA',1,0,0,' (C1/100)*K3;',3.5,0,0,0,0,'CPFWage','OrdWage','AddWage','','','','','','','','','','','','','','','','','','','','','','','','','','','','','','','',''       );
Insert into FormulaRange Values('0912P1A60$1500EEO',1,0,0,'@MAX( (C1/100)*K2 , C2 );',5,250,0,0,0,'CPFWage','OrdWage','AddWage','','','','','','','','','','','','','','','','','','','','','','','','','','','','','','','',''       );
Insert into FormulaRange Values('0912P1A60$1500EEA',1,0,0,' (C1/100)*K3;',5,0,0,0,0,'CPFWage','OrdWage','AddWage','','','','','','','','','','','','','','','','','','','','','','','','','','','','','','','',''       );
Insert into FormulaRange Values('0912P1A65$0ERO',1,0,0,'(C1/100)*K2;',0,0,0,0,0,'CPFWage','OrdWage','AddWage','','','','','','','','','','','','','','','','','','','','','','','','','','','','','','','',''       );
Insert into FormulaRange Values('0912P1A65$0ERA',1,0,0,'(C1/100)*K3;',0,0,0,0,0,'CPFWage','OrdWage','AddWage','','','','','','','','','','','','','','','','','','','','','','','','','','','','','','','',''       );
Insert into FormulaRange Values('0912P1A65$0EEO',1,0,0,'(C1/100)*K2;',0,0,0,0,0,'CPFWage','OrdWage','AddWage','','','','','','','','','','','','','','','','','','','','','','','','','','','','','','','',''       );
Insert into FormulaRange Values('0912P1A65$0EEA',1,0,0,'(C1/100)*K3;',0,0,0,0,0,'CPFWage','OrdWage','AddWage','','','','','','','','','','','','','','','','','','','','','','','','','','','','','','','',''       );
Insert into FormulaRange Values('0912P1A65$50ERO',1,0,0,'(K2/K1)*(C1 * (K1 - C2) + C3);',0.0232,50,0,0,0,'CPFWage','OrdWage','AddWage','','','','','','','','','','','','','','','','','','','','','','','','','','','','','','','',''       );
Insert into FormulaRange Values('0912P1A65$50ERA',1,0,0,'(K3/K1)*(C1 * (K1 - C2) + C3);',0.0232,50,0,0,0,'CPFWage','OrdWage','AddWage','','','','','','','','','','','','','','','','','','','','','','','','','','','','','','','',''       );
Insert into FormulaRange Values('0912P1A65$50EEO',1,0,0,'(C1/100)*K2;',0,0,0,0,0,'CPFWage','OrdWage','AddWage','','','','','','','','','','','','','','','','','','','','','','','','','','','','','','','',''       );
Insert into FormulaRange Values('0912P1A65$50EEA',1,0,0,'(C1/100)*K3;',0,0,0,0,0,'CPFWage','OrdWage','AddWage','','','','','','','','','','','','','','','','','','','','','','','','','','','','','','','',''       );
Insert into FormulaRange Values('0912P1A65$500ERO',1,0,0,'(K2/K1)*(C1 * (K1 - C2) + C3);',0.0232,50,0,0,0,'CPFWage','OrdWage','AddWage','','','','','','','','','','','','','','','','','','','','','','','','','','','','','','','',''       );
Insert into FormulaRange Values('0912P1A65$500ERA',1,0,0,'(K3/K1)*(C1 * (K1 - C2) + C3);',0.0232,50,0,0,0,'CPFWage','OrdWage','AddWage','','','','','','','','','','','','','','','','','','','','','','','','','','','','','','','',''       );
Insert into FormulaRange Values('0912P1A65$500EEO',1,0,0,'(K2/K1)*(C1 * (K1 - C2) + C3);',0.12,500,0,0,0,'CPFWage','OrdWage','AddWage','','','','','','','','','','','','','','','','','','','','','','','','','','','','','','','',''       );
Insert into FormulaRange Values('0912P1A65$500EEA',1,0,0,'(K3/K1)*(C1 * (K1 - C2) + C3);',0.12,500,0,0,0,'CPFWage','OrdWage','AddWage','','','','','','','','','','','','','','','','','','','','','','','','','','','','','','','',''       );
Insert into FormulaRange Values('0912P1A65$750ERO',1,0,0,'(K2/K1)*(C1 * (K1 - C2) + C3);',0.0291,750,16.275,0,0,'CPFWage','OrdWage','AddWage','','','','','','','','','','','','','','','','','','','','','','','','','','','','','','','',''       );
Insert into FormulaRange Values('0912P1A65$750ERA',1,0,0,'(K3/K1)*(C1 * (K1 - C2) + C3);',0.0291,750,16.275,0,0,'CPFWage','OrdWage','AddWage','','','','','','','','','','','','','','','','','','','','','','','','','','','','','','','',''       );
Insert into FormulaRange Values('0912P1A65$750EEO',1,0,0,'(K2/K1)*(C1 * (K1 - C2) + C3);',0.06,750,30,0,0,'CPFWage','OrdWage','AddWage','','','','','','','','','','','','','','','','','','','','','','','','','','','','','','','',''       );
Insert into FormulaRange Values('0912P1A65$750EEA',1,0,0,'(K3/K1)*(C1 * (K1 - C2) + C3);',0.06,750,30,0,0,'CPFWage','OrdWage','AddWage','','','','','','','','','','','','','','','','','','','','','','','','','','','','','','','',''       );
Insert into FormulaRange Values('0912P1A65$1200ERO',1,0,0,'(K2/K1)*(C1 * (K1 - C2) + C3);',0.077,1200,29.4,0,0,'CPFWage','OrdWage','AddWage','','','','','','','','','','','','','','','','','','','','','','','','','','','','','','','',''       );
Insert into FormulaRange Values('0912P1A65$1200ERA',1,0,0,'(K3/K1)*(C1 * (K1 - C2) + C3);',0.077,1200,29.4,0,0,'CPFWage','OrdWage','AddWage','','','','','','','','','','','','','','','','','','','','','','','','','','','','','','','',''       );
Insert into FormulaRange Values('0912P1A65$1200EEO',1,0,0,'(K2/K1)*(C1 * (K1 - C2) + C3);',0.06,750,30,0,0,'CPFWage','OrdWage','AddWage','','','','','','','','','','','','','','','','','','','','','','','','','','','','','','','',''       );
Insert into FormulaRange Values('0912P1A65$1200EEA',1,0,0,'(K3/K1)*(C1 * (K1 - C2) + C3);',0.06,750,30,0,0,'CPFWage','OrdWage','AddWage','','','','','','','','','','','','','','','','','','','','','','','','','','','','','','','',''       );
Insert into FormulaRange Values('0912P1A65$1500ERO',1,0,0,'@MAX( (C1/100)*K2 , C2 );',3.5,175,0,0,0,'CPFWage','OrdWage','AddWage','','','','','','','','','','','','','','','','','','','','','','','','','','','','','','','',''       );
Insert into FormulaRange Values('0912P1A65$1500ERA',1,0,0,' (C1/100)*K3;',3.5,0,0,0,0,'CPFWage','OrdWage','AddWage','','','','','','','','','','','','','','','','','','','','','','','','','','','','','','','',''       );
Insert into FormulaRange Values('0912P1A65$1500EEO',1,0,0,'@MAX( (C1/100)*K2 , C2 );',5,250,0,0,0,'CPFWage','OrdWage','AddWage','','','','','','','','','','','','','','','','','','','','','','','','','','','','','','','',''       );
Insert into FormulaRange Values('0912P1A65$1500EEA',1,0,0,' (C1/100)*K3;',5,0,0,0,0,'CPFWage','OrdWage','AddWage','','','','','','','','','','','','','','','','','','','','','','','','','','','','','','','',''       );
Insert Into  CPFTableComponent Values('0912P1',0,0,'0912P1A0$0EEO','0912P1A0$0ERO',50,35,'0912P1A0$0EEA','0912P1A0$0ERA');
Insert Into  CPFTableComponent Values('0912P1',50,0,'0912P1A0$50EEO','0912P1A0$50ERO',500,35,'0912P1A0$50EEA','0912P1A0$50ERA');
Insert Into  CPFTableComponent Values('0912P1',500,0,'0912P1A0$500EEO','0912P1A0$500ERO',750,35,'0912P1A0$500EEA','0912P1A0$500ERA');
Insert Into  CPFTableComponent Values('0912P1',750,0,'0912P1A0$750EEO','0912P1A0$750ERO',1200,35,'0912P1A0$750EEA','0912P1A0$750ERA');
Insert Into  CPFTableComponent Values('0912P1',1200,0,'0912P1A0$1200EEO','0912P1A0$1200ERO',1500,35,'0912P1A0$1200EEA','0912P1A0$1200ERA');
Insert Into  CPFTableComponent Values('0912P1',1500,0,'0912P1A0$1500EEO','0912P1A0$1500ERO',9999999,35,'0912P1A0$1500EEA','0912P1A0$1500ERA');
Insert Into  CPFTableComponent Values('0912P1',0,35,'0912P1A35$0EEO','0912P1A35$0ERO',50,50,'0912P1A35$0EEA','0912P1A35$0ERA');
Insert Into  CPFTableComponent Values('0912P1',50,35,'0912P1A35$50EEO','0912P1A35$50ERO',500,50,'0912P1A35$50EEA','0912P1A35$50ERA');
Insert Into  CPFTableComponent Values('0912P1',500,35,'0912P1A35$500EEO','0912P1A35$500ERO',750,50,'0912P1A35$500EEA','0912P1A35$500ERA');
Insert Into  CPFTableComponent Values('0912P1',750,35,'0912P1A35$750EEO','0912P1A35$750ERO',1200,50,'0912P1A35$750EEA','0912P1A35$750ERA');
Insert Into  CPFTableComponent Values('0912P1',1200,35,'0912P1A35$1200EEO','0912P1A35$1200ERO',1500,50,'0912P1A35$1200EEA','0912P1A35$1200ERA');
Insert Into  CPFTableComponent Values('0912P1',1500,35,'0912P1A35$1500EEO','0912P1A35$1500ERO',9999999,50,'0912P1A35$1500EEA','0912P1A35$1500ERA');
Insert Into  CPFTableComponent Values('0912P1',0,50,'0912P1A50$0EEO','0912P1A50$0ERO',50,55,'0912P1A50$0EEA','0912P1A50$0ERA');
Insert Into  CPFTableComponent Values('0912P1',50,50,'0912P1A50$50EEO','0912P1A50$50ERO',500,55,'0912P1A50$50EEA','0912P1A50$50ERA');
Insert Into  CPFTableComponent Values('0912P1',500,50,'0912P1A50$500EEO','0912P1A50$500ERO',750,55,'0912P1A50$500EEA','0912P1A50$500ERA');
Insert Into  CPFTableComponent Values('0912P1',750,50,'0912P1A50$750EEO','0912P1A50$750ERO',1200,55,'0912P1A50$750EEA','0912P1A50$750ERA');
Insert Into  CPFTableComponent Values('0912P1',1200,50,'0912P1A50$1200EEO','0912P1A50$1200ERO',1500,55,'0912P1A50$1200EEA','0912P1A50$1200ERA');
Insert Into  CPFTableComponent Values('0912P1',1500,50,'0912P1A50$1500EEO','0912P1A50$1500ERO',9999999,55,'0912P1A50$1500EEA','0912P1A50$1500ERA');
Insert Into  CPFTableComponent Values('0912P1',0,55,'0912P1A55$0EEO','0912P1A55$0ERO',50,60,'0912P1A55$0EEA','0912P1A55$0ERA');
Insert Into  CPFTableComponent Values('0912P1',50,55,'0912P1A55$50EEO','0912P1A55$50ERO',500,60,'0912P1A55$50EEA','0912P1A55$50ERA');
Insert Into  CPFTableComponent Values('0912P1',500,55,'0912P1A55$500EEO','0912P1A55$500ERO',750,60,'0912P1A55$500EEA','0912P1A55$500ERA');
Insert Into  CPFTableComponent Values('0912P1',750,55,'0912P1A55$750EEO','0912P1A55$750ERO',1200,60,'0912P1A55$750EEA','0912P1A55$750ERA');
Insert Into  CPFTableComponent Values('0912P1',1200,55,'0912P1A55$1200EEO','0912P1A55$1200ERO',1500,60,'0912P1A55$1200EEA','0912P1A55$1200ERA');
Insert Into  CPFTableComponent Values('0912P1',1500,55,'0912P1A55$1500EEO','0912P1A55$1500ERO',9999999,60,'0912P1A55$1500EEA','0912P1A55$1500ERA');
Insert Into  CPFTableComponent Values('0912P1',0,60,'0912P1A60$0EEO','0912P1A60$0ERO',50,65,'0912P1A60$0EEA','0912P1A60$0ERA');
Insert Into  CPFTableComponent Values('0912P1',50,60,'0912P1A60$50EEO','0912P1A60$50ERO',500,65,'0912P1A60$50EEA','0912P1A60$50ERA');
Insert Into  CPFTableComponent Values('0912P1',500,60,'0912P1A60$500EEO','0912P1A60$500ERO',750,65,'0912P1A60$500EEA','0912P1A60$500ERA');
Insert Into  CPFTableComponent Values('0912P1',750,60,'0912P1A60$750EEO','0912P1A60$750ERO',1200,65,'0912P1A60$750EEA','0912P1A60$750ERA');
Insert Into  CPFTableComponent Values('0912P1',1200,60,'0912P1A60$1200EEO','0912P1A60$1200ERO',1500,65,'0912P1A60$1200EEA','0912P1A60$1200ERA');
Insert Into  CPFTableComponent Values('0912P1',1500,60,'0912P1A60$1500EEO','0912P1A60$1500ERO',9999999,65,'0912P1A60$1500EEA','0912P1A60$1500ERA');
Insert Into  CPFTableComponent Values('0912P1',0,65,'0912P1A65$0EEO','0912P1A65$0ERO',50,99,'0912P1A65$0EEA','0912P1A65$0ERA');
Insert Into  CPFTableComponent Values('0912P1',50,65,'0912P1A65$50EEO','0912P1A65$50ERO',500,99,'0912P1A65$50EEA','0912P1A65$50ERA');
Insert Into  CPFTableComponent Values('0912P1',500,65,'0912P1A65$500EEO','0912P1A65$500ERO',750,99,'0912P1A65$500EEA','0912P1A65$500ERA');
Insert Into  CPFTableComponent Values('0912P1',750,65,'0912P1A65$750EEO','0912P1A65$750ERO',1200,99,'0912P1A65$750EEA','0912P1A65$750ERA');
Insert Into  CPFTableComponent Values('0912P1',1200,65,'0912P1A65$1200EEO','0912P1A65$1200ERO',1500,99,'0912P1A65$1200EEA','0912P1A65$1200ERA');
Insert Into  CPFTableComponent Values('0912P1',1500,65,'0912P1A65$1500EEO','0912P1A65$1500ERO',9999999,99,'0912P1A65$1500EEA','0912P1A65$1500ERA');

end if;

/*-----------------------------------------------------------------------------------------------------------
	PR 2 Full
-----------------------------------------------------------------------------------------------------------*/

if not exists(select * from Formula where Locate(FormulaId,'0912P2FA') = 1 and FormulaCategory='CPFFormula1') then

Insert into Formula Values('0912P2FA0$0ERO',1,0,0,'CPFFormula1','ER','T1','','','',0,0);
Insert into Formula Values('0912P2FA0$0ERA',1,0,0,'CPFFormula1','ER','T1','','','',0,0);
Insert into Formula Values('0912P2FA0$0EEO',1,0,0,'CPFFormula1','EE','T1','','','',0,0);
Insert into Formula Values('0912P2FA0$0EEA',1,0,0,'CPFFormula1','EE','T1','','','',0,0);
Insert into Formula Values('0912P2FA0$50ERO',1,0,0,'CPFFormula1','ER','T1','','','',0,0);
Insert into Formula Values('0912P2FA0$50ERA',1,0,0,'CPFFormula1','ER','T1','','','',0,0);
Insert into Formula Values('0912P2FA0$50EEO',1,0,0,'CPFFormula1','EE','T1','','','',0,0);
Insert into Formula Values('0912P2FA0$50EEA',1,0,0,'CPFFormula1','EE','T1','','','',0,0);
Insert into Formula Values('0912P2FA0$500ERO',1,0,0,'CPFFormula1','ER','T1','','','',0,0);
Insert into Formula Values('0912P2FA0$500ERA',1,0,0,'CPFFormula1','ER','T1','','','',0,0);
Insert into Formula Values('0912P2FA0$500EEO',1,0,0,'CPFFormula1','EE','T4','','','',0,0);
Insert into Formula Values('0912P2FA0$500EEA',1,0,0,'CPFFormula1','EE','T4','','','',0,0);
Insert into Formula Values('0912P2FA0$750ERO',1,0,0,'CPFFormula1','ER','T1','','','',0,0);
Insert into Formula Values('0912P2FA0$750ERA',1,0,0,'CPFFormula1','ER','T1','','','',0,0);
Insert into Formula Values('0912P2FA0$750EEO',1,0,0,'CPFFormula1','EE','T4','','','',0,0);
Insert into Formula Values('0912P2FA0$750EEA',1,0,0,'CPFFormula1','EE','T4','','','',0,0);
Insert into Formula Values('0912P2FA0$1200ERO',1,0,0,'CPFFormula1','ER','T1','','','',0,0);
Insert into Formula Values('0912P2FA0$1200ERA',1,0,0,'CPFFormula1','ER','T1','','','',0,0);
Insert into Formula Values('0912P2FA0$1200EEO',1,0,0,'CPFFormula1','EE','T4','','','',0,0);
Insert into Formula Values('0912P2FA0$1200EEA',1,0,0,'CPFFormula1','EE','T4','','','',0,0);
Insert into Formula Values('0912P2FA0$1500ERO',1,0,0,'CPFFormula1','ER','T3','','','',0,0);
Insert into Formula Values('0912P2FA0$1500ERA',1,0,0,'CPFFormula1','ER','T3','','','',0,0);
Insert into Formula Values('0912P2FA0$1500EEO',1,0,0,'CPFFormula1','EE','T3','','','',0,0);
Insert into Formula Values('0912P2FA0$1500EEA',1,0,0,'CPFFormula1','EE','T3','','','',0,0);
Insert into Formula Values('0912P2FA35$0ERO',1,0,0,'CPFFormula1','ER','T1','','','',0,0);
Insert into Formula Values('0912P2FA35$0ERA',1,0,0,'CPFFormula1','ER','T1','','','',0,0);
Insert into Formula Values('0912P2FA35$0EEO',1,0,0,'CPFFormula1','EE','T1','','','',0,0);
Insert into Formula Values('0912P2FA35$0EEA',1,0,0,'CPFFormula1','EE','T1','','','',0,0);
Insert into Formula Values('0912P2FA35$50ERO',1,0,0,'CPFFormula1','ER','T4','','','',0,0);
Insert into Formula Values('0912P2FA35$50ERA',1,0,0,'CPFFormula1','ER','T4','','','',0,0);
Insert into Formula Values('0912P2FA35$50EEO',1,0,0,'CPFFormula1','EE','T1','','','',0,0);
Insert into Formula Values('0912P2FA35$50EEA',1,0,0,'CPFFormula1','EE','T1','','','',0,0);
Insert into Formula Values('0912P2FA35$500ERO',1,0,0,'CPFFormula1','ER','T4','','','',0,0);
Insert into Formula Values('0912P2FA35$500ERA',1,0,0,'CPFFormula1','ER','T4','','','',0,0);
Insert into Formula Values('0912P2FA35$500EEO',1,0,0,'CPFFormula1','EE','T4','','','',0,0);
Insert into Formula Values('0912P2FA35$500EEA',1,0,0,'CPFFormula1','EE','T4','','','',0,0);
Insert into Formula Values('0912P2FA35$750ERO',1,0,0,'CPFFormula1','ER','T4','','','',0,0);
Insert into Formula Values('0912P2FA35$750ERA',1,0,0,'CPFFormula1','ER','T4','','','',0,0);
Insert into Formula Values('0912P2FA35$750EEO',1,0,0,'CPFFormula1','EE','T4','','','',0,0);
Insert into Formula Values('0912P2FA35$750EEA',1,0,0,'CPFFormula1','EE','T4','','','',0,0);
Insert into Formula Values('0912P2FA35$1200ERO',1,0,0,'CPFFormula1','ER','T4','','','',0,0);
Insert into Formula Values('0912P2FA35$1200ERA',1,0,0,'CPFFormula1','ER','T4','','','',0,0);
Insert into Formula Values('0912P2FA35$1200EEO',1,0,0,'CPFFormula1','EE','T4','','','',0,0);
Insert into Formula Values('0912P2FA35$1200EEA',1,0,0,'CPFFormula1','EE','T4','','','',0,0);
Insert into Formula Values('0912P2FA35$1500ERO',1,0,0,'CPFFormula1','ER','T3','','','',0,0);
Insert into Formula Values('0912P2FA35$1500ERA',1,0,0,'CPFFormula1','ER','T3','','','',0,0);
Insert into Formula Values('0912P2FA35$1500EEO',1,0,0,'CPFFormula1','EE','T3','','','',0,0);
Insert into Formula Values('0912P2FA35$1500EEA',1,0,0,'CPFFormula1','EE','T3','','','',0,0);
Insert into Formula Values('0912P2FA50$0ERO',1,0,0,'CPFFormula1','ER','T1','','','',0,0);
Insert into Formula Values('0912P2FA50$0ERA',1,0,0,'CPFFormula1','ER','T1','','','',0,0);
Insert into Formula Values('0912P2FA50$0EEO',1,0,0,'CPFFormula1','EE','T1','','','',0,0);
Insert into Formula Values('0912P2FA50$0EEA',1,0,0,'CPFFormula1','EE','T1','','','',0,0);
Insert into Formula Values('0912P2FA50$50ERO',1,0,0,'CPFFormula1','ER','T4','','','',0,0);
Insert into Formula Values('0912P2FA50$50ERA',1,0,0,'CPFFormula1','ER','T4','','','',0,0);
Insert into Formula Values('0912P2FA50$50EEO',1,0,0,'CPFFormula1','EE','T1','','','',0,0);
Insert into Formula Values('0912P2FA50$50EEA',1,0,0,'CPFFormula1','EE','T1','','','',0,0);
Insert into Formula Values('0912P2FA50$500ERO',1,0,0,'CPFFormula1','ER','T4','','','',0,0);
Insert into Formula Values('0912P2FA50$500ERA',1,0,0,'CPFFormula1','ER','T4','','','',0,0);
Insert into Formula Values('0912P2FA50$500EEO',1,0,0,'CPFFormula1','EE','T4','','','',0,0);
Insert into Formula Values('0912P2FA50$500EEA',1,0,0,'CPFFormula1','EE','T4','','','',0,0);
Insert into Formula Values('0912P2FA50$750ERO',1,0,0,'CPFFormula1','ER','T4','','','',0,0);
Insert into Formula Values('0912P2FA50$750ERA',1,0,0,'CPFFormula1','ER','T4','','','',0,0);
Insert into Formula Values('0912P2FA50$750EEO',1,0,0,'CPFFormula1','EE','T4','','','',0,0);
Insert into Formula Values('0912P2FA50$750EEA',1,0,0,'CPFFormula1','EE','T4','','','',0,0);
Insert into Formula Values('0912P2FA50$1200ERO',1,0,0,'CPFFormula1','ER','T4','','','',0,0);
Insert into Formula Values('0912P2FA50$1200ERA',1,0,0,'CPFFormula1','ER','T4','','','',0,0);
Insert into Formula Values('0912P2FA50$1200EEO',1,0,0,'CPFFormula1','EE','T4','','','',0,0);
Insert into Formula Values('0912P2FA50$1200EEA',1,0,0,'CPFFormula1','EE','T4','','','',0,0);
Insert into Formula Values('0912P2FA50$1500ERO',1,0,0,'CPFFormula1','ER','T3','','','',0,0);
Insert into Formula Values('0912P2FA50$1500ERA',1,0,0,'CPFFormula1','ER','T3','','','',0,0);
Insert into Formula Values('0912P2FA50$1500EEO',1,0,0,'CPFFormula1','EE','T3','','','',0,0);
Insert into Formula Values('0912P2FA50$1500EEA',1,0,0,'CPFFormula1','EE','T3','','','',0,0);
Insert into Formula Values('0912P2FA55$0ERO',1,0,0,'CPFFormula1','ER','T1','','','',0,0);
Insert into Formula Values('0912P2FA55$0ERA',1,0,0,'CPFFormula1','ER','T1','','','',0,0);
Insert into Formula Values('0912P2FA55$0EEO',1,0,0,'CPFFormula1','EE','T1','','','',0,0);
Insert into Formula Values('0912P2FA55$0EEA',1,0,0,'CPFFormula1','EE','T1','','','',0,0);
Insert into Formula Values('0912P2FA55$50ERO',1,0,0,'CPFFormula1','ER','T4','','','',0,0);
Insert into Formula Values('0912P2FA55$50ERA',1,0,0,'CPFFormula1','ER','T4','','','',0,0);
Insert into Formula Values('0912P2FA55$50EEO',1,0,0,'CPFFormula1','EE','T1','','','',0,0);
Insert into Formula Values('0912P2FA55$50EEA',1,0,0,'CPFFormula1','EE','T1','','','',0,0);
Insert into Formula Values('0912P2FA55$500ERO',1,0,0,'CPFFormula1','ER','T4','','','',0,0);
Insert into Formula Values('0912P2FA55$500ERA',1,0,0,'CPFFormula1','ER','T4','','','',0,0);
Insert into Formula Values('0912P2FA55$500EEO',1,0,0,'CPFFormula1','EE','T4','','','',0,0);
Insert into Formula Values('0912P2FA55$500EEA',1,0,0,'CPFFormula1','EE','T4','','','',0,0);
Insert into Formula Values('0912P2FA55$750ERO',1,0,0,'CPFFormula1','ER','T4','','','',0,0);
Insert into Formula Values('0912P2FA55$750ERA',1,0,0,'CPFFormula1','ER','T4','','','',0,0);
Insert into Formula Values('0912P2FA55$750EEO',1,0,0,'CPFFormula1','EE','T4','','','',0,0);
Insert into Formula Values('0912P2FA55$750EEA',1,0,0,'CPFFormula1','EE','T4','','','',0,0);
Insert into Formula Values('0912P2FA55$1200ERO',1,0,0,'CPFFormula1','ER','T4','','','',0,0);
Insert into Formula Values('0912P2FA55$1200ERA',1,0,0,'CPFFormula1','ER','T4','','','',0,0);
Insert into Formula Values('0912P2FA55$1200EEO',1,0,0,'CPFFormula1','EE','T4','','','',0,0);
Insert into Formula Values('0912P2FA55$1200EEA',1,0,0,'CPFFormula1','EE','T4','','','',0,0);
Insert into Formula Values('0912P2FA55$1500ERO',1,0,0,'CPFFormula1','ER','T3','','','',0,0);
Insert into Formula Values('0912P2FA55$1500ERA',1,0,0,'CPFFormula1','ER','T3','','','',0,0);
Insert into Formula Values('0912P2FA55$1500EEO',1,0,0,'CPFFormula1','EE','T3','','','',0,0);
Insert into Formula Values('0912P2FA55$1500EEA',1,0,0,'CPFFormula1','EE','T3','','','',0,0);
Insert into Formula Values('0912P2FA60$0ERO',1,0,0,'CPFFormula1','ER','T1','','','',0,0);
Insert into Formula Values('0912P2FA60$0ERA',1,0,0,'CPFFormula1','ER','T1','','','',0,0);
Insert into Formula Values('0912P2FA60$0EEO',1,0,0,'CPFFormula1','EE','T1','','','',0,0);
Insert into Formula Values('0912P2FA60$0EEA',1,0,0,'CPFFormula1','EE','T1','','','',0,0);
Insert into Formula Values('0912P2FA60$50ERO',1,0,0,'CPFFormula1','ER','T4','','','',0,0);
Insert into Formula Values('0912P2FA60$50ERA',1,0,0,'CPFFormula1','ER','T4','','','',0,0);
Insert into Formula Values('0912P2FA60$50EEO',1,0,0,'CPFFormula1','EE','T1','','','',0,0);
Insert into Formula Values('0912P2FA60$50EEA',1,0,0,'CPFFormula1','EE','T1','','','',0,0);
Insert into Formula Values('0912P2FA60$500ERO',1,0,0,'CPFFormula1','ER','T4','','','',0,0);
Insert into Formula Values('0912P2FA60$500ERA',1,0,0,'CPFFormula1','ER','T4','','','',0,0);
Insert into Formula Values('0912P2FA60$500EEO',1,0,0,'CPFFormula1','EE','T4','','','',0,0);
Insert into Formula Values('0912P2FA60$500EEA',1,0,0,'CPFFormula1','EE','T4','','','',0,0);
Insert into Formula Values('0912P2FA60$750ERO',1,0,0,'CPFFormula1','ER','T4','','','',0,0);
Insert into Formula Values('0912P2FA60$750ERA',1,0,0,'CPFFormula1','ER','T4','','','',0,0);
Insert into Formula Values('0912P2FA60$750EEO',1,0,0,'CPFFormula1','EE','T4','','','',0,0);
Insert into Formula Values('0912P2FA60$750EEA',1,0,0,'CPFFormula1','EE','T4','','','',0,0);
Insert into Formula Values('0912P2FA60$1200ERO',1,0,0,'CPFFormula1','ER','T4','','','',0,0);
Insert into Formula Values('0912P2FA60$1200ERA',1,0,0,'CPFFormula1','ER','T4','','','',0,0);
Insert into Formula Values('0912P2FA60$1200EEO',1,0,0,'CPFFormula1','EE','T4','','','',0,0);
Insert into Formula Values('0912P2FA60$1200EEA',1,0,0,'CPFFormula1','EE','T4','','','',0,0);
Insert into Formula Values('0912P2FA60$1500ERO',1,0,0,'CPFFormula1','ER','T3','','','',0,0);
Insert into Formula Values('0912P2FA60$1500ERA',1,0,0,'CPFFormula1','ER','T3','','','',0,0);
Insert into Formula Values('0912P2FA60$1500EEO',1,0,0,'CPFFormula1','EE','T3','','','',0,0);
Insert into Formula Values('0912P2FA60$1500EEA',1,0,0,'CPFFormula1','EE','T3','','','',0,0);
Insert into Formula Values('0912P2FA65$0ERO',1,0,0,'CPFFormula1','ER','T1','','','',0,0);
Insert into Formula Values('0912P2FA65$0ERA',1,0,0,'CPFFormula1','ER','T1','','','',0,0);
Insert into Formula Values('0912P2FA65$0EEO',1,0,0,'CPFFormula1','EE','T1','','','',0,0);
Insert into Formula Values('0912P2FA65$0EEA',1,0,0,'CPFFormula1','EE','T1','','','',0,0);
Insert into Formula Values('0912P2FA65$50ERO',1,0,0,'CPFFormula1','ER','T4','','','',0,0);
Insert into Formula Values('0912P2FA65$50ERA',1,0,0,'CPFFormula1','ER','T4','','','',0,0);
Insert into Formula Values('0912P2FA65$50EEO',1,0,0,'CPFFormula1','EE','T1','','','',0,0);
Insert into Formula Values('0912P2FA65$50EEA',1,0,0,'CPFFormula1','EE','T1','','','',0,0);
Insert into Formula Values('0912P2FA65$500ERO',1,0,0,'CPFFormula1','ER','T4','','','',0,0);
Insert into Formula Values('0912P2FA65$500ERA',1,0,0,'CPFFormula1','ER','T4','','','',0,0);
Insert into Formula Values('0912P2FA65$500EEO',1,0,0,'CPFFormula1','EE','T4','','','',0,0);
Insert into Formula Values('0912P2FA65$500EEA',1,0,0,'CPFFormula1','EE','T4','','','',0,0);
Insert into Formula Values('0912P2FA65$750ERO',1,0,0,'CPFFormula1','ER','T4','','','',0,0);
Insert into Formula Values('0912P2FA65$750ERA',1,0,0,'CPFFormula1','ER','T4','','','',0,0);
Insert into Formula Values('0912P2FA65$750EEO',1,0,0,'CPFFormula1','EE','T4','','','',0,0);
Insert into Formula Values('0912P2FA65$750EEA',1,0,0,'CPFFormula1','EE','T4','','','',0,0);
Insert into Formula Values('0912P2FA65$1200ERO',1,0,0,'CPFFormula1','ER','T4','','','',0,0);
Insert into Formula Values('0912P2FA65$1200ERA',1,0,0,'CPFFormula1','ER','T4','','','',0,0);
Insert into Formula Values('0912P2FA65$1200EEO',1,0,0,'CPFFormula1','EE','T4','','','',0,0);
Insert into Formula Values('0912P2FA65$1200EEA',1,0,0,'CPFFormula1','EE','T4','','','',0,0);
Insert into Formula Values('0912P2FA65$1500ERO',1,0,0,'CPFFormula1','ER','T3','','','',0,0);
Insert into Formula Values('0912P2FA65$1500ERA',1,0,0,'CPFFormula1','ER','T3','','','',0,0);
Insert into Formula Values('0912P2FA65$1500EEO',1,0,0,'CPFFormula1','EE','T3','','','',0,0);
Insert into Formula Values('0912P2FA65$1500EEA',1,0,0,'CPFFormula1','EE','T3','','','',0,0);
Insert into FormulaRange Values('0912P2FA0$0ERO',1,0,0,'(C1/100)*K2;',0,0,0,0,0,'CPFWage','OrdWage','AddWage','','','','','','','','','','','','','','','','','','','','','','','','','','','','','','','',''       );
Insert into FormulaRange Values('0912P2FA0$0ERA',1,0,0,'(C1/100)*K3;',0,0,0,0,0,'CPFWage','OrdWage','AddWage','','','','','','','','','','','','','','','','','','','','','','','','','','','','','','','',''       );
Insert into FormulaRange Values('0912P2FA0$0EEO',1,0,0,'(C1/100)*K2;',0,0,0,0,0,'CPFWage','OrdWage','AddWage','','','','','','','','','','','','','','','','','','','','','','','','','','','','','','','',''       );
Insert into FormulaRange Values('0912P2FA0$0EEA',1,0,0,'(C1/100)*K3;',0,0,0,0,0,'CPFWage','OrdWage','AddWage','','','','','','','','','','','','','','','','','','','','','','','','','','','','','','','',''       );
Insert into FormulaRange Values('0912P2FA0$50ERO',1,0,0,'(C1/100)*K2;',16,0,0,0,0,'CPFWage','OrdWage','AddWage','','','','','','','','','','','','','','','','','','','','','','','','','','','','','','','',''       );
Insert into FormulaRange Values('0912P2FA0$50ERA',1,0,0,'(C1/100)*K3;',16,0,0,0,0,'CPFWage','OrdWage','AddWage','','','','','','','','','','','','','','','','','','','','','','','','','','','','','','','',''       );
Insert into FormulaRange Values('0912P2FA0$50EEO',1,0,0,'(C1/100)*K2;',0,0,0,0,0,'CPFWage','OrdWage','AddWage','','','','','','','','','','','','','','','','','','','','','','','','','','','','','','','',''       );
Insert into FormulaRange Values('0912P2FA0$50EEA',1,0,0,'(C1/100)*K3;',0,0,0,0,0,'CPFWage','OrdWage','AddWage','','','','','','','','','','','','','','','','','','','','','','','','','','','','','','','',''       );
Insert into FormulaRange Values('0912P2FA0$500ERO',1,0,0,'(C1/100)*K2;',16,0,0,0,0,'CPFWage','OrdWage','AddWage','','','','','','','','','','','','','','','','','','','','','','','','','','','','','','','',''       );
Insert into FormulaRange Values('0912P2FA0$500ERA',1,0,0,'(C1/100)*K3;',16,0,0,0,0,'CPFWage','OrdWage','AddWage','','','','','','','','','','','','','','','','','','','','','','','','','','','','','','','',''       );
Insert into FormulaRange Values('0912P2FA0$500EEO',1,0,0,'(K2/K1)*(C1 * (K1 - C2) + C3);',0.36,500,0,0,0,'CPFWage','OrdWage','AddWage','','','','','','','','','','','','','','','','','','','','','','','','','','','','','','','',''       );
Insert into FormulaRange Values('0912P2FA0$500EEA',1,0,0,'(K3/K1)*(C1 * (K1 - C2) + C3);',0.36,500,0,0,0,'CPFWage','OrdWage','AddWage','','','','','','','','','','','','','','','','','','','','','','','','','','','','','','','',''       );
Insert into FormulaRange Values('0912P2FA0$750ERO',1,0,0,'(C1/100)*K2;',16,0,0,0,0,'CPFWage','OrdWage','AddWage','','','','','','','','','','','','','','','','','','','','','','','','','','','','','','','',''       );
Insert into FormulaRange Values('0912P2FA0$750ERA',1,0,0,'(C1/100)*K3;',16,0,0,0,0,'CPFWage','OrdWage','AddWage','','','','','','','','','','','','','','','','','','','','','','','','','','','','','','','',''       );
Insert into FormulaRange Values('0912P2FA0$750EEO',1,0,0,'(K2/K1)*(C1 * (K1 - C2) + C3);',0.18,750,90,0,0,'CPFWage','OrdWage','AddWage','','','','','','','','','','','','','','','','','','','','','','','','','','','','','','','',''       );
Insert into FormulaRange Values('0912P2FA0$750EEA',1,0,0,'(K3/K1)*(C1 * (K1 - C2) + C3);',0.18,750,90,0,0,'CPFWage','OrdWage','AddWage','','','','','','','','','','','','','','','','','','','','','','','','','','','','','','','',''       );
Insert into FormulaRange Values('0912P2FA0$1200ERO',1,0,0,'(C1/100)*K2;',16,0,0,0,0,'CPFWage','OrdWage','AddWage','','','','','','','','','','','','','','','','','','','','','','','','','','','','','','','',''       );
Insert into FormulaRange Values('0912P2FA0$1200ERA',1,0,0,'(C1/100)*K3;',16,0,0,0,0,'CPFWage','OrdWage','AddWage','','','','','','','','','','','','','','','','','','','','','','','','','','','','','','','',''       );
Insert into FormulaRange Values('0912P2FA0$1200EEO',1,0,0,'(K2/K1)*(C1 * (K1 - C2) + C3);',0.18,750,90,0,0,'CPFWage','OrdWage','AddWage','','','','','','','','','','','','','','','','','','','','','','','','','','','','','','','',''       );
Insert into FormulaRange Values('0912P2FA0$1200EEA',1,0,0,'(K3/K1)*(C1 * (K1 - C2) + C3);',0.18,750,90,0,0,'CPFWage','OrdWage','AddWage','','','','','','','','','','','','','','','','','','','','','','','','','','','','','','','',''       );
Insert into FormulaRange Values('0912P2FA0$1500ERO',1,0,0,'@MAX( (C1/100)*K2 , C2 );',16,800,0,0,0,'CPFWage','OrdWage','AddWage','','','','','','','','','','','','','','','','','','','','','','','','','','','','','','','',''       );
Insert into FormulaRange Values('0912P2FA0$1500ERA',1,0,0,' (C1/100)*K3;',16,0,0,0,0,'CPFWage','OrdWage','AddWage','','','','','','','','','','','','','','','','','','','','','','','','','','','','','','','',''       );
Insert into FormulaRange Values('0912P2FA0$1500EEO',1,0,0,'@MAX( (C1/100)*K2 , C2 );',15,750,0,0,0,'CPFWage','OrdWage','AddWage','','','','','','','','','','','','','','','','','','','','','','','','','','','','','','','',''       );
Insert into FormulaRange Values('0912P2FA0$1500EEA',1,0,0,' (C1/100)*K3;',15,0,0,0,0,'CPFWage','OrdWage','AddWage','','','','','','','','','','','','','','','','','','','','','','','','','','','','','','','',''       );
Insert into FormulaRange Values('0912P2FA35$0ERO',1,0,0,'(C1/100)*K2;',0,0,0,0,0,'CPFWage','OrdWage','AddWage','','','','','','','','','','','','','','','','','','','','','','','','','','','','','','','',''       );
Insert into FormulaRange Values('0912P2FA35$0ERA',1,0,0,'(C1/100)*K3;',0,0,0,0,0,'CPFWage','OrdWage','AddWage','','','','','','','','','','','','','','','','','','','','','','','','','','','','','','','',''       );
Insert into FormulaRange Values('0912P2FA35$0EEO',1,0,0,'(C1/100)*K2;',0,0,0,0,0,'CPFWage','OrdWage','AddWage','','','','','','','','','','','','','','','','','','','','','','','','','','','','','','','',''       );
Insert into FormulaRange Values('0912P2FA35$0EEA',1,0,0,'(C1/100)*K3;',0,0,0,0,0,'CPFWage','OrdWage','AddWage','','','','','','','','','','','','','','','','','','','','','','','','','','','','','','','',''       );
Insert into FormulaRange Values('0912P2FA35$50ERO',1,0,0,'(K2/K1)*(C1 * (K1 - C2) + C3);',0.1063,50,0,0,0,'CPFWage','OrdWage','AddWage','','','','','','','','','','','','','','','','','','','','','','','','','','','','','','','',''       );
Insert into FormulaRange Values('0912P2FA35$50ERA',1,0,0,'(K3/K1)*(C1 * (K1 - C2) + C3);',0.1063,50,0,0,0,'CPFWage','OrdWage','AddWage','','','','','','','','','','','','','','','','','','','','','','','','','','','','','','','',''       );
Insert into FormulaRange Values('0912P2FA35$50EEO',1,0,0,'(C1/100)*K2;',0,0,0,0,0,'CPFWage','OrdWage','AddWage','','','','','','','','','','','','','','','','','','','','','','','','','','','','','','','',''       );
Insert into FormulaRange Values('0912P2FA35$50EEA',1,0,0,'(C1/100)*K3;',0,0,0,0,0,'CPFWage','OrdWage','AddWage','','','','','','','','','','','','','','','','','','','','','','','','','','','','','','','',''       );
Insert into FormulaRange Values('0912P2FA35$500ERO',1,0,0,'(K2/K1)*(C1 * (K1 - C2) + C3);',0.1063,50,0,0,0,'CPFWage','OrdWage','AddWage','','','','','','','','','','','','','','','','','','','','','','','','','','','','','','','',''       );
Insert into FormulaRange Values('0912P2FA35$500ERA',1,0,0,'(K3/K1)*(C1 * (K1 - C2) + C3);',0.1063,50,0,0,0,'CPFWage','OrdWage','AddWage','','','','','','','','','','','','','','','','','','','','','','','','','','','','','','','',''       );
Insert into FormulaRange Values('0912P2FA35$500EEO',1,0,0,'(K2/K1)*(C1 * (K1 - C2) + C3);',0.36,500,0,0,0,'CPFWage','OrdWage','AddWage','','','','','','','','','','','','','','','','','','','','','','','','','','','','','','','',''       );
Insert into FormulaRange Values('0912P2FA35$500EEA',1,0,0,'(K3/K1)*(C1 * (K1 - C2) + C3);',0.36,500,0,0,0,'CPFWage','OrdWage','AddWage','','','','','','','','','','','','','','','','','','','','','','','','','','','','','','','',''       );
Insert into FormulaRange Values('0912P2FA35$750ERO',1,0,0,'(K2/K1)*(C1 * (K1 - C2) + C3);',0.2171,750,74.475,0,0,'CPFWage','OrdWage','AddWage','','','','','','','','','','','','','','','','','','','','','','','','','','','','','','','',''       );
Insert into FormulaRange Values('0912P2FA35$750ERA',1,0,0,'(K3/K1)*(C1 * (K1 - C2) + C3);',0.2171,750,74.475,0,0,'CPFWage','OrdWage','AddWage','','','','','','','','','','','','','','','','','','','','','','','','','','','','','','','',''       );
Insert into FormulaRange Values('0912P2FA35$750EEO',1,0,0,'(K2/K1)*(C1 * (K1 - C2) + C3);',0.18,750,90,0,0,'CPFWage','OrdWage','AddWage','','','','','','','','','','','','','','','','','','','','','','','','','','','','','','','',''       );
Insert into FormulaRange Values('0912P2FA35$750EEA',1,0,0,'(K3/K1)*(C1 * (K1 - C2) + C3);',0.18,750,90,0,0,'CPFWage','OrdWage','AddWage','','','','','','','','','','','','','','','','','','','','','','','','','','','','','','','',''       );
Insert into FormulaRange Values('0912P2FA35$1200ERO',1,0,0,'(K2/K1)*(C1 * (K1 - C2) + C3);',0.226,1200,172.2,0,0,'CPFWage','OrdWage','AddWage','','','','','','','','','','','','','','','','','','','','','','','','','','','','','','','',''       );
Insert into FormulaRange Values('0912P2FA35$1200ERA',1,0,0,'(K3/K1)*(C1 * (K1 - C2) + C3);',0.226,1200,172.2,0,0,'CPFWage','OrdWage','AddWage','','','','','','','','','','','','','','','','','','','','','','','','','','','','','','','',''       );
Insert into FormulaRange Values('0912P2FA35$1200EEO',1,0,0,'(K2/K1)*(C1 * (K1 - C2) + C3);',0.18,750,90,0,0,'CPFWage','OrdWage','AddWage','','','','','','','','','','','','','','','','','','','','','','','','','','','','','','','',''       );
Insert into FormulaRange Values('0912P2FA35$1200EEA',1,0,0,'(K3/K1)*(C1 * (K1 - C2) + C3);',0.18,750,90,0,0,'CPFWage','OrdWage','AddWage','','','','','','','','','','','','','','','','','','','','','','','','','','','','','','','',''       );
Insert into FormulaRange Values('0912P2FA35$1500ERO',1,0,0,'@MAX( (C1/100)*K2 , C2 );',16,800,0,0,0,'CPFWage','OrdWage','AddWage','','','','','','','','','','','','','','','','','','','','','','','','','','','','','','','',''       );
Insert into FormulaRange Values('0912P2FA35$1500ERA',1,0,0,' (C1/100)*K3;',16,0,0,0,0,'CPFWage','OrdWage','AddWage','','','','','','','','','','','','','','','','','','','','','','','','','','','','','','','',''       );
Insert into FormulaRange Values('0912P2FA35$1500EEO',1,0,0,'@MAX( (C1/100)*K2 , C2 );',15,750,0,0,0,'CPFWage','OrdWage','AddWage','','','','','','','','','','','','','','','','','','','','','','','','','','','','','','','',''       );
Insert into FormulaRange Values('0912P2FA35$1500EEA',1,0,0,' (C1/100)*K3;',15,0,0,0,0,'CPFWage','OrdWage','AddWage','','','','','','','','','','','','','','','','','','','','','','','','','','','','','','','',''       );
Insert into FormulaRange Values('0912P2FA50$0ERO',1,0,0,'(C1/100)*K2;',0,0,0,0,0,'CPFWage','OrdWage','AddWage','','','','','','','','','','','','','','','','','','','','','','','','','','','','','','','',''       );
Insert into FormulaRange Values('0912P2FA50$0ERA',1,0,0,'(C1/100)*K3;',0,0,0,0,0,'CPFWage','OrdWage','AddWage','','','','','','','','','','','','','','','','','','','','','','','','','','','','','','','',''       );
Insert into FormulaRange Values('0912P2FA50$0EEO',1,0,0,'(C1/100)*K2;',0,0,0,0,0,'CPFWage','OrdWage','AddWage','','','','','','','','','','','','','','','','','','','','','','','','','','','','','','','',''       );
Insert into FormulaRange Values('0912P2FA50$0EEA',1,0,0,'(C1/100)*K3;',0,0,0,0,0,'CPFWage','OrdWage','AddWage','','','','','','','','','','','','','','','','','','','','','','','','','','','','','','','',''       );
Insert into FormulaRange Values('0912P2FA50$50ERO',1,0,0,'(K2/K1)*(C1 * (K1 - C2) + C3);',0.0797,50,0,0,0,'CPFWage','OrdWage','AddWage','','','','','','','','','','','','','','','','','','','','','','','','','','','','','','','',''       );
Insert into FormulaRange Values('0912P2FA50$50ERA',1,0,0,'(K3/K1)*(C1 * (K1 - C2) + C3);',0.0797,50,0,0,0,'CPFWage','OrdWage','AddWage','','','','','','','','','','','','','','','','','','','','','','','','','','','','','','','',''       );
Insert into FormulaRange Values('0912P2FA50$50EEO',1,0,0,'(C1/100)*K2;',0,0,0,0,0,'CPFWage','OrdWage','AddWage','','','','','','','','','','','','','','','','','','','','','','','','','','','','','','','',''       );
Insert into FormulaRange Values('0912P2FA50$50EEA',1,0,0,'(C1/100)*K3;',0,0,0,0,0,'CPFWage','OrdWage','AddWage','','','','','','','','','','','','','','','','','','','','','','','','','','','','','','','',''       );
Insert into FormulaRange Values('0912P2FA50$500ERO',1,0,0,'(K2/K1)*(C1 * (K1 - C2) + C3);',0.0797,50,0,0,0,'CPFWage','OrdWage','AddWage','','','','','','','','','','','','','','','','','','','','','','','','','','','','','','','',''       );
Insert into FormulaRange Values('0912P2FA50$500ERA',1,0,0,'(K3/K1)*(C1 * (K1 - C2) + C3);',0.0797,50,0,0,0,'CPFWage','OrdWage','AddWage','','','','','','','','','','','','','','','','','','','','','','','','','','','','','','','',''       );
Insert into FormulaRange Values('0912P2FA50$500EEO',1,0,0,'(K2/K1)*(C1 * (K1 - C2) + C3);',0.36,500,0,0,0,'CPFWage','OrdWage','AddWage','','','','','','','','','','','','','','','','','','','','','','','','','','','','','','','',''       );
Insert into FormulaRange Values('0912P2FA50$500EEA',1,0,0,'(K3/K1)*(C1 * (K1 - C2) + C3);',0.36,500,0,0,0,'CPFWage','OrdWage','AddWage','','','','','','','','','','','','','','','','','','','','','','','','','','','','','','','',''       );
Insert into FormulaRange Values('0912P2FA50$750ERO',1,0,0,'(K2/K1)*(C1 * (K1 - C2) + C3);',0.1504,750,55.8,0,0,'CPFWage','OrdWage','AddWage','','','','','','','','','','','','','','','','','','','','','','','','','','','','','','','',''       );
Insert into FormulaRange Values('0912P2FA50$750ERA',1,0,0,'(K3/K1)*(C1 * (K1 - C2) + C3);',0.1504,750,55.8,0,0,'CPFWage','OrdWage','AddWage','','','','','','','','','','','','','','','','','','','','','','','','','','','','','','','',''       );
Insert into FormulaRange Values('0912P2FA50$750EEO',1,0,0,'(K2/K1)*(C1 * (K1 - C2) + C3);',0.18,750,90,0,0,'CPFWage','OrdWage','AddWage','','','','','','','','','','','','','','','','','','','','','','','','','','','','','','','',''       );
Insert into FormulaRange Values('0912P2FA50$750EEA',1,0,0,'(K3/K1)*(C1 * (K1 - C2) + C3);',0.18,750,90,0,0,'CPFWage','OrdWage','AddWage','','','','','','','','','','','','','','','','','','','','','','','','','','','','','','','',''       );
Insert into FormulaRange Values('0912P2FA50$1200ERO',1,0,0,'(K2/K1)*(C1 * (K1 - C2) + C3);',0.1884,1200,123.48,0,0,'CPFWage','OrdWage','AddWage','','','','','','','','','','','','','','','','','','','','','','','','','','','','','','','',''       );
Insert into FormulaRange Values('0912P2FA50$1200ERA',1,0,0,'(K3/K1)*(C1 * (K1 - C2) + C3);',0.1884,1200,123.48,0,0,'CPFWage','OrdWage','AddWage','','','','','','','','','','','','','','','','','','','','','','','','','','','','','','','',''       );
Insert into FormulaRange Values('0912P2FA50$1200EEO',1,0,0,'(K2/K1)*(C1 * (K1 - C2) + C3);',0.18,750,90,0,0,'CPFWage','OrdWage','AddWage','','','','','','','','','','','','','','','','','','','','','','','','','','','','','','','',''       );
Insert into FormulaRange Values('0912P2FA50$1200EEA',1,0,0,'(K3/K1)*(C1 * (K1 - C2) + C3);',0.18,750,90,0,0,'CPFWage','OrdWage','AddWage','','','','','','','','','','','','','','','','','','','','','','','','','','','','','','','',''       );
Insert into FormulaRange Values('0912P2FA50$1500ERO',1,0,0,'@MAX( (C1/100)*K2 , C2 );',12,600,0,0,0,'CPFWage','OrdWage','AddWage','','','','','','','','','','','','','','','','','','','','','','','','','','','','','','','',''       );
Insert into FormulaRange Values('0912P2FA50$1500ERA',1,0,0,' (C1/100)*K3;',12,0,0,0,0,'CPFWage','OrdWage','AddWage','','','','','','','','','','','','','','','','','','','','','','','','','','','','','','','',''       );
Insert into FormulaRange Values('0912P2FA50$1500EEO',1,0,0,'@MAX( (C1/100)*K2 , C2 );',15,750,0,0,0,'CPFWage','OrdWage','AddWage','','','','','','','','','','','','','','','','','','','','','','','','','','','','','','','',''       );
Insert into FormulaRange Values('0912P2FA50$1500EEA',1,0,0,' (C1/100)*K3;',15,0,0,0,0,'CPFWage','OrdWage','AddWage','','','','','','','','','','','','','','','','','','','','','','','','','','','','','','','',''       );
Insert into FormulaRange Values('0912P2FA55$0ERO',1,0,0,'(C1/100)*K2;',0,0,0,0,0,'CPFWage','OrdWage','AddWage','','','','','','','','','','','','','','','','','','','','','','','','','','','','','','','',''       );
Insert into FormulaRange Values('0912P2FA55$0ERA',1,0,0,'(C1/100)*K3;',0,0,0,0,0,'CPFWage','OrdWage','AddWage','','','','','','','','','','','','','','','','','','','','','','','','','','','','','','','',''       );
Insert into FormulaRange Values('0912P2FA55$0EEO',1,0,0,'(C1/100)*K2;',0,0,0,0,0,'CPFWage','OrdWage','AddWage','','','','','','','','','','','','','','','','','','','','','','','','','','','','','','','',''       );
Insert into FormulaRange Values('0912P2FA55$0EEA',1,0,0,'(C1/100)*K3;',0,0,0,0,0,'CPFWage','OrdWage','AddWage','','','','','','','','','','','','','','','','','','','','','','','','','','','','','','','',''       );
Insert into FormulaRange Values('0912P2FA55$50ERO',1,0,0,'(K2/K1)*(C1 * (K1 - C2) + C3);',0.0597,50,0,0,0,'CPFWage','OrdWage','AddWage','','','','','','','','','','','','','','','','','','','','','','','','','','','','','','','',''       );
Insert into FormulaRange Values('0912P2FA55$50ERA',1,0,0,'(K3/K1)*(C1 * (K1 - C2) + C3);',0.0597,50,0,0,0,'CPFWage','OrdWage','AddWage','','','','','','','','','','','','','','','','','','','','','','','','','','','','','','','',''       );
Insert into FormulaRange Values('0912P2FA55$50EEO',1,0,0,'(C1/100)*K2;',0,0,0,0,0,'CPFWage','OrdWage','AddWage','','','','','','','','','','','','','','','','','','','','','','','','','','','','','','','',''       );
Insert into FormulaRange Values('0912P2FA55$50EEA',1,0,0,'(C1/100)*K3;',0,0,0,0,0,'CPFWage','OrdWage','AddWage','','','','','','','','','','','','','','','','','','','','','','','','','','','','','','','',''       );
Insert into FormulaRange Values('0912P2FA55$500ERO',1,0,0,'(K2/K1)*(C1 * (K1 - C2) + C3);',0.0597,50,0,0,0,'CPFWage','OrdWage','AddWage','','','','','','','','','','','','','','','','','','','','','','','','','','','','','','','',''       );
Insert into FormulaRange Values('0912P2FA55$500ERA',1,0,0,'(K3/K1)*(C1 * (K1 - C2) + C3);',0.0597,50,0,0,0,'CPFWage','OrdWage','AddWage','','','','','','','','','','','','','','','','','','','','','','','','','','','','','','','',''       );
Insert into FormulaRange Values('0912P2FA55$500EEO',1,0,0,'(K2/K1)*(C1 * (K1 - C2) + C3);',0.3,500,0,0,0,'CPFWage','OrdWage','AddWage','','','','','','','','','','','','','','','','','','','','','','','','','','','','','','','',''       );
Insert into FormulaRange Values('0912P2FA55$500EEA',1,0,0,'(K3/K1)*(C1 * (K1 - C2) + C3);',0.3,500,0,0,0,'CPFWage','OrdWage','AddWage','','','','','','','','','','','','','','','','','','','','','','','','','','','','','','','',''       );
Insert into FormulaRange Values('0912P2FA55$750ERO',1,0,0,'(K2/K1)*(C1 * (K1 - C2) + C3);',0.099,750,41.85,0,0,'CPFWage','OrdWage','AddWage','','','','','','','','','','','','','','','','','','','','','','','','','','','','','','','',''       );
Insert into FormulaRange Values('0912P2FA55$750ERA',1,0,0,'(K3/K1)*(C1 * (K1 - C2) + C3);',0.099,750,41.85,0,0,'CPFWage','OrdWage','AddWage','','','','','','','','','','','','','','','','','','','','','','','','','','','','','','','',''       );
Insert into FormulaRange Values('0912P2FA55$750EEO',1,0,0,'(K2/K1)*(C1 * (K1 - C2) + C3);',0.15,750,75,0,0,'CPFWage','OrdWage','AddWage','','','','','','','','','','','','','','','','','','','','','','','','','','','','','','','',''       );
Insert into FormulaRange Values('0912P2FA55$750EEA',1,0,0,'(K3/K1)*(C1 * (K1 - C2) + C3);',0.15,750,75,0,0,'CPFWage','OrdWage','AddWage','','','','','','','','','','','','','','','','','','','','','','','','','','','','','','','',''       );
Insert into FormulaRange Values('0912P2FA55$1200ERO',1,0,0,'(K2/K1)*(C1 * (K1 - C2) + C3);',0.162,1200,86.4,0,0,'CPFWage','OrdWage','AddWage','','','','','','','','','','','','','','','','','','','','','','','','','','','','','','','',''       );
Insert into FormulaRange Values('0912P2FA55$1200ERA',1,0,0,'(K3/K1)*(C1 * (K1 - C2) + C3);',0.162,1200,86.4,0,0,'CPFWage','OrdWage','AddWage','','','','','','','','','','','','','','','','','','','','','','','','','','','','','','','',''       );
Insert into FormulaRange Values('0912P2FA55$1200EEO',1,0,0,'(K2/K1)*(C1 * (K1 - C2) + C3);',0.15,750,75,0,0,'CPFWage','OrdWage','AddWage','','','','','','','','','','','','','','','','','','','','','','','','','','','','','','','',''       );
Insert into FormulaRange Values('0912P2FA55$1200EEA',1,0,0,'(K3/K1)*(C1 * (K1 - C2) + C3);',0.15,750,75,0,0,'CPFWage','OrdWage','AddWage','','','','','','','','','','','','','','','','','','','','','','','','','','','','','','','',''       );
Insert into FormulaRange Values('0912P2FA55$1500ERO',1,0,0,'@MAX( (C1/100)*K2 , C2 );',9,450,0,0,0,'CPFWage','OrdWage','AddWage','','','','','','','','','','','','','','','','','','','','','','','','','','','','','','','',''       );
Insert into FormulaRange Values('0912P2FA55$1500ERA',1,0,0,' (C1/100)*K3;',9,0,0,0,0,'CPFWage','OrdWage','AddWage','','','','','','','','','','','','','','','','','','','','','','','','','','','','','','','',''       );
Insert into FormulaRange Values('0912P2FA55$1500EEO',1,0,0,'@MAX( (C1/100)*K2 , C2 );',12.5,625,0,0,0,'CPFWage','OrdWage','AddWage','','','','','','','','','','','','','','','','','','','','','','','','','','','','','','','',''       );
Insert into FormulaRange Values('0912P2FA55$1500EEA',1,0,0,' (C1/100)*K3;',12.5,0,0,0,0,'CPFWage','OrdWage','AddWage','','','','','','','','','','','','','','','','','','','','','','','','','','','','','','','',''       );
Insert into FormulaRange Values('0912P2FA60$0ERO',1,0,0,'(C1/100)*K2;',0,0,0,0,0,'CPFWage','OrdWage','AddWage','','','','','','','','','','','','','','','','','','','','','','','','','','','','','','','',''       );
Insert into FormulaRange Values('0912P2FA60$0ERA',1,0,0,'(C1/100)*K3;',0,0,0,0,0,'CPFWage','OrdWage','AddWage','','','','','','','','','','','','','','','','','','','','','','','','','','','','','','','',''       );
Insert into FormulaRange Values('0912P2FA60$0EEO',1,0,0,'(C1/100)*K2;',0,0,0,0,0,'CPFWage','OrdWage','AddWage','','','','','','','','','','','','','','','','','','','','','','','','','','','','','','','',''       );
Insert into FormulaRange Values('0912P2FA60$0EEA',1,0,0,'(C1/100)*K3;',0,0,0,0,0,'CPFWage','OrdWage','AddWage','','','','','','','','','','','','','','','','','','','','','','','','','','','','','','','',''       );
Insert into FormulaRange Values('0912P2FA60$50ERO',1,0,0,'(K2/K1)*(C1 * (K1 - C2) + C3);',0.0431,50,0,0,0,'CPFWage','OrdWage','AddWage','','','','','','','','','','','','','','','','','','','','','','','','','','','','','','','',''       );
Insert into FormulaRange Values('0912P2FA60$50ERA',1,0,0,'(K3/K1)*(C1 * (K1 - C2) + C3);',0.0431,50,0,0,0,'CPFWage','OrdWage','AddWage','','','','','','','','','','','','','','','','','','','','','','','','','','','','','','','',''       );
Insert into FormulaRange Values('0912P2FA60$50EEO',1,0,0,'(C1/100)*K2;',0,0,0,0,0,'CPFWage','OrdWage','AddWage','','','','','','','','','','','','','','','','','','','','','','','','','','','','','','','',''       );
Insert into FormulaRange Values('0912P2FA60$50EEA',1,0,0,'(C1/100)*K3;',0,0,0,0,0,'CPFWage','OrdWage','AddWage','','','','','','','','','','','','','','','','','','','','','','','','','','','','','','','',''       );
Insert into FormulaRange Values('0912P2FA60$500ERO',1,0,0,'(K2/K1)*(C1 * (K1 - C2) + C3);',0.0431,50,0,0,0,'CPFWage','OrdWage','AddWage','','','','','','','','','','','','','','','','','','','','','','','','','','','','','','','',''       );
Insert into FormulaRange Values('0912P2FA60$500ERA',1,0,0,'(K3/K1)*(C1 * (K1 - C2) + C3);',0.0431,50,0,0,0,'CPFWage','OrdWage','AddWage','','','','','','','','','','','','','','','','','','','','','','','','','','','','','','','',''       );
Insert into FormulaRange Values('0912P2FA60$500EEO',1,0,0,'(K2/K1)*(C1 * (K1 - C2) + C3);',0.18,500,0,0,0,'CPFWage','OrdWage','AddWage','','','','','','','','','','','','','','','','','','','','','','','','','','','','','','','',''       );
Insert into FormulaRange Values('0912P2FA60$500EEA',1,0,0,'(K3/K1)*(C1 * (K1 - C2) + C3);',0.18,500,0,0,0,'CPFWage','OrdWage','AddWage','','','','','','','','','','','','','','','','','','','','','','','','','','','','','','','',''       );
Insert into FormulaRange Values('0912P2FA60$750ERO',1,0,0,'(K2/K1)*(C1 * (K1 - C2) + C3);',0.0541,750,30.225,0,0,'CPFWage','OrdWage','AddWage','','','','','','','','','','','','','','','','','','','','','','','','','','','','','','','',''       );
Insert into FormulaRange Values('0912P2FA60$750ERA',1,0,0,'(K3/K1)*(C1 * (K1 - C2) + C3);',0.0541,750,30.225,0,0,'CPFWage','OrdWage','AddWage','','','','','','','','','','','','','','','','','','','','','','','','','','','','','','','',''       );
Insert into FormulaRange Values('0912P2FA60$750EEO',1,0,0,'(K2/K1)*(C1 * (K1 - C2) + C3);',0.09,750,45,0,0,'CPFWage','OrdWage','AddWage','','','','','','','','','','','','','','','','','','','','','','','','','','','','','','','',''       );
Insert into FormulaRange Values('0912P2FA60$750EEA',1,0,0,'(K3/K1)*(C1 * (K1 - C2) + C3);',0.09,750,45,0,0,'CPFWage','OrdWage','AddWage','','','','','','','','','','','','','','','','','','','','','','','','','','','','','','','',''       );
Insert into FormulaRange Values('0912P2FA60$1200ERO',1,0,0,'(K2/K1)*(C1 * (K1 - C2) + C3);',0.143,1200,54.6,0,0,'CPFWage','OrdWage','AddWage','','','','','','','','','','','','','','','','','','','','','','','','','','','','','','','',''       );
Insert into FormulaRange Values('0912P2FA60$1200ERA',1,0,0,'(K3/K1)*(C1 * (K1 - C2) + C3);',0.143,1200,54.6,0,0,'CPFWage','OrdWage','AddWage','','','','','','','','','','','','','','','','','','','','','','','','','','','','','','','',''       );
Insert into FormulaRange Values('0912P2FA60$1200EEO',1,0,0,'(K2/K1)*(C1 * (K1 - C2) + C3);',0.09,750,45,0,0,'CPFWage','OrdWage','AddWage','','','','','','','','','','','','','','','','','','','','','','','','','','','','','','','',''       );
Insert into FormulaRange Values('0912P2FA60$1200EEA',1,0,0,'(K3/K1)*(C1 * (K1 - C2) + C3);',0.09,750,45,0,0,'CPFWage','OrdWage','AddWage','','','','','','','','','','','','','','','','','','','','','','','','','','','','','','','',''       );
Insert into FormulaRange Values('0912P2FA60$1500ERO',1,0,0,'@MAX( (C1/100)*K2 , C2 );',6.5,325,0,0,0,'CPFWage','OrdWage','AddWage','','','','','','','','','','','','','','','','','','','','','','','','','','','','','','','',''       );
Insert into FormulaRange Values('0912P2FA60$1500ERA',1,0,0,' (C1/100)*K3;',6.5,0,0,0,0,'CPFWage','OrdWage','AddWage','','','','','','','','','','','','','','','','','','','','','','','','','','','','','','','',''       );
Insert into FormulaRange Values('0912P2FA60$1500EEO',1,0,0,'@MAX( (C1/100)*K2 , C2 );',7.5,375,0,0,0,'CPFWage','OrdWage','AddWage','','','','','','','','','','','','','','','','','','','','','','','','','','','','','','','',''       );
Insert into FormulaRange Values('0912P2FA60$1500EEA',1,0,0,' (C1/100)*K3;',7.5,0,0,0,0,'CPFWage','OrdWage','AddWage','','','','','','','','','','','','','','','','','','','','','','','','','','','','','','','',''       );
Insert into FormulaRange Values('0912P2FA65$0ERO',1,0,0,'(C1/100)*K2;',0,0,0,0,0,'CPFWage','OrdWage','AddWage','','','','','','','','','','','','','','','','','','','','','','','','','','','','','','','',''       );
Insert into FormulaRange Values('0912P2FA65$0ERA',1,0,0,'(C1/100)*K3;',0,0,0,0,0,'CPFWage','OrdWage','AddWage','','','','','','','','','','','','','','','','','','','','','','','','','','','','','','','',''       );
Insert into FormulaRange Values('0912P2FA65$0EEO',1,0,0,'(C1/100)*K2;',0,0,0,0,0,'CPFWage','OrdWage','AddWage','','','','','','','','','','','','','','','','','','','','','','','','','','','','','','','',''       );
Insert into FormulaRange Values('0912P2FA65$0EEA',1,0,0,'(C1/100)*K3;',0,0,0,0,0,'CPFWage','OrdWage','AddWage','','','','','','','','','','','','','','','','','','','','','','','','','','','','','','','',''       );
Insert into FormulaRange Values('0912P2FA65$50ERO',1,0,0,'(K2/K1)*(C1 * (K1 - C2) + C3);',0.0431,50,0,0,0,'CPFWage','OrdWage','AddWage','','','','','','','','','','','','','','','','','','','','','','','','','','','','','','','',''       );
Insert into FormulaRange Values('0912P2FA65$50ERA',1,0,0,'(K3/K1)*(C1 * (K1 - C2) + C3);',0.0431,50,0,0,0,'CPFWage','OrdWage','AddWage','','','','','','','','','','','','','','','','','','','','','','','','','','','','','','','',''       );
Insert into FormulaRange Values('0912P2FA65$50EEO',1,0,0,'(C1/100)*K2;',0,0,0,0,0,'CPFWage','OrdWage','AddWage','','','','','','','','','','','','','','','','','','','','','','','','','','','','','','','',''       );
Insert into FormulaRange Values('0912P2FA65$50EEA',1,0,0,'(C1/100)*K3;',0,0,0,0,0,'CPFWage','OrdWage','AddWage','','','','','','','','','','','','','','','','','','','','','','','','','','','','','','','',''       );
Insert into FormulaRange Values('0912P2FA65$500ERO',1,0,0,'(K2/K1)*(C1 * (K1 - C2) + C3);',0.0431,50,0,0,0,'CPFWage','OrdWage','AddWage','','','','','','','','','','','','','','','','','','','','','','','','','','','','','','','',''       );
Insert into FormulaRange Values('0912P2FA65$500ERA',1,0,0,'(K3/K1)*(C1 * (K1 - C2) + C3);',0.0431,50,0,0,0,'CPFWage','OrdWage','AddWage','','','','','','','','','','','','','','','','','','','','','','','','','','','','','','','',''       );
Insert into FormulaRange Values('0912P2FA65$500EEO',1,0,0,'(K2/K1)*(C1 * (K1 - C2) + C3);',0.12,500,0,0,0,'CPFWage','OrdWage','AddWage','','','','','','','','','','','','','','','','','','','','','','','','','','','','','','','',''       );
Insert into FormulaRange Values('0912P2FA65$500EEA',1,0,0,'(K3/K1)*(C1 * (K1 - C2) + C3);',0.12,500,0,0,0,'CPFWage','OrdWage','AddWage','','','','','','','','','','','','','','','','','','','','','','','','','','','','','','','',''       );
Insert into FormulaRange Values('0912P2FA65$750ERO',1,0,0,'(K2/K1)*(C1 * (K1 - C2) + C3);',0.0541,750,30.225,0,0,'CPFWage','OrdWage','AddWage','','','','','','','','','','','','','','','','','','','','','','','','','','','','','','','',''       );
Insert into FormulaRange Values('0912P2FA65$750ERA',1,0,0,'(K3/K1)*(C1 * (K1 - C2) + C3);',0.0541,750,30.225,0,0,'CPFWage','OrdWage','AddWage','','','','','','','','','','','','','','','','','','','','','','','','','','','','','','','',''       );
Insert into FormulaRange Values('0912P2FA65$750EEO',1,0,0,'(K2/K1)*(C1 * (K1 - C2) + C3);',0.06,750,30,0,0,'CPFWage','OrdWage','AddWage','','','','','','','','','','','','','','','','','','','','','','','','','','','','','','','',''       );
Insert into FormulaRange Values('0912P2FA65$750EEA',1,0,0,'(K3/K1)*(C1 * (K1 - C2) + C3);',0.06,750,30,0,0,'CPFWage','OrdWage','AddWage','','','','','','','','','','','','','','','','','','','','','','','','','','','','','','','',''       );
Insert into FormulaRange Values('0912P2FA65$1200ERO',1,0,0,'(K2/K1)*(C1 * (K1 - C2) + C3);',0.143,1200,54.6,0,0,'CPFWage','OrdWage','AddWage','','','','','','','','','','','','','','','','','','','','','','','','','','','','','','','',''       );
Insert into FormulaRange Values('0912P2FA65$1200ERA',1,0,0,'(K3/K1)*(C1 * (K1 - C2) + C3);',0.143,1200,54.6,0,0,'CPFWage','OrdWage','AddWage','','','','','','','','','','','','','','','','','','','','','','','','','','','','','','','',''       );
Insert into FormulaRange Values('0912P2FA65$1200EEO',1,0,0,'(K2/K1)*(C1 * (K1 - C2) + C3);',0.06,750,30,0,0,'CPFWage','OrdWage','AddWage','','','','','','','','','','','','','','','','','','','','','','','','','','','','','','','',''       );
Insert into FormulaRange Values('0912P2FA65$1200EEA',1,0,0,'(K3/K1)*(C1 * (K1 - C2) + C3);',0.06,750,30,0,0,'CPFWage','OrdWage','AddWage','','','','','','','','','','','','','','','','','','','','','','','','','','','','','','','',''       );
Insert into FormulaRange Values('0912P2FA65$1500ERO',1,0,0,'@MAX( (C1/100)*K2 , C2 );',6.5,325,0,0,0,'CPFWage','OrdWage','AddWage','','','','','','','','','','','','','','','','','','','','','','','','','','','','','','','',''       );
Insert into FormulaRange Values('0912P2FA65$1500ERA',1,0,0,' (C1/100)*K3;',6.5,0,0,0,0,'CPFWage','OrdWage','AddWage','','','','','','','','','','','','','','','','','','','','','','','','','','','','','','','',''       );
Insert into FormulaRange Values('0912P2FA65$1500EEO',1,0,0,'@MAX( (C1/100)*K2 , C2 );',5,250,0,0,0,'CPFWage','OrdWage','AddWage','','','','','','','','','','','','','','','','','','','','','','','','','','','','','','','',''       );
Insert into FormulaRange Values('0912P2FA65$1500EEA',1,0,0,' (C1/100)*K3;',5,0,0,0,0,'CPFWage','OrdWage','AddWage','','','','','','','','','','','','','','','','','','','','','','','','','','','','','','','',''       );
Insert Into  CPFTableComponent Values('0912P2F',0,0,'0912P2FA0$0EEO','0912P2FA0$0ERO',50,35,'0912P2FA0$0EEA','0912P2FA0$0ERA');
Insert Into  CPFTableComponent Values('0912P2F',50,0,'0912P2FA0$50EEO','0912P2FA0$50ERO',500,35,'0912P2FA0$50EEA','0912P2FA0$50ERA');
Insert Into  CPFTableComponent Values('0912P2F',500,0,'0912P2FA0$500EEO','0912P2FA0$500ERO',750,35,'0912P2FA0$500EEA','0912P2FA0$500ERA');
Insert Into  CPFTableComponent Values('0912P2F',750,0,'0912P2FA0$750EEO','0912P2FA0$750ERO',1200,35,'0912P2FA0$750EEA','0912P2FA0$750ERA');
Insert Into  CPFTableComponent Values('0912P2F',1200,0,'0912P2FA0$1200EEO','0912P2FA0$1200ERO',1500,35,'0912P2FA0$1200EEA','0912P2FA0$1200ERA');
Insert Into  CPFTableComponent Values('0912P2F',1500,0,'0912P2FA0$1500EEO','0912P2FA0$1500ERO',9999999,35,'0912P2FA0$1500EEA','0912P2FA0$1500ERA');
Insert Into  CPFTableComponent Values('0912P2F',0,35,'0912P2FA35$0EEO','0912P2FA35$0ERO',50,50,'0912P2FA35$0EEA','0912P2FA35$0ERA');
Insert Into  CPFTableComponent Values('0912P2F',50,35,'0912P2FA35$50EEO','0912P2FA35$50ERO',500,50,'0912P2FA35$50EEA','0912P2FA35$50ERA');
Insert Into  CPFTableComponent Values('0912P2F',500,35,'0912P2FA35$500EEO','0912P2FA35$500ERO',750,50,'0912P2FA35$500EEA','0912P2FA35$500ERA');
Insert Into  CPFTableComponent Values('0912P2F',750,35,'0912P2FA35$750EEO','0912P2FA35$750ERO',1200,50,'0912P2FA35$750EEA','0912P2FA35$750ERA');
Insert Into  CPFTableComponent Values('0912P2F',1200,35,'0912P2FA35$1200EEO','0912P2FA35$1200ERO',1500,50,'0912P2FA35$1200EEA','0912P2FA35$1200ERA');
Insert Into  CPFTableComponent Values('0912P2F',1500,35,'0912P2FA35$1500EEO','0912P2FA35$1500ERO',9999999,50,'0912P2FA35$1500EEA','0912P2FA35$1500ERA');
Insert Into  CPFTableComponent Values('0912P2F',0,50,'0912P2FA50$0EEO','0912P2FA50$0ERO',50,55,'0912P2FA50$0EEA','0912P2FA50$0ERA');
Insert Into  CPFTableComponent Values('0912P2F',50,50,'0912P2FA50$50EEO','0912P2FA50$50ERO',500,55,'0912P2FA50$50EEA','0912P2FA50$50ERA');
Insert Into  CPFTableComponent Values('0912P2F',500,50,'0912P2FA50$500EEO','0912P2FA50$500ERO',750,55,'0912P2FA50$500EEA','0912P2FA50$500ERA');
Insert Into  CPFTableComponent Values('0912P2F',750,50,'0912P2FA50$750EEO','0912P2FA50$750ERO',1200,55,'0912P2FA50$750EEA','0912P2FA50$750ERA');
Insert Into  CPFTableComponent Values('0912P2F',1200,50,'0912P2FA50$1200EEO','0912P2FA50$1200ERO',1500,55,'0912P2FA50$1200EEA','0912P2FA50$1200ERA');
Insert Into  CPFTableComponent Values('0912P2F',1500,50,'0912P2FA50$1500EEO','0912P2FA50$1500ERO',9999999,55,'0912P2FA50$1500EEA','0912P2FA50$1500ERA');
Insert Into  CPFTableComponent Values('0912P2F',0,55,'0912P2FA55$0EEO','0912P2FA55$0ERO',50,60,'0912P2FA55$0EEA','0912P2FA55$0ERA');
Insert Into  CPFTableComponent Values('0912P2F',50,55,'0912P2FA55$50EEO','0912P2FA55$50ERO',500,60,'0912P2FA55$50EEA','0912P2FA55$50ERA');
Insert Into  CPFTableComponent Values('0912P2F',500,55,'0912P2FA55$500EEO','0912P2FA55$500ERO',750,60,'0912P2FA55$500EEA','0912P2FA55$500ERA');
Insert Into  CPFTableComponent Values('0912P2F',750,55,'0912P2FA55$750EEO','0912P2FA55$750ERO',1200,60,'0912P2FA55$750EEA','0912P2FA55$750ERA');
Insert Into  CPFTableComponent Values('0912P2F',1200,55,'0912P2FA55$1200EEO','0912P2FA55$1200ERO',1500,60,'0912P2FA55$1200EEA','0912P2FA55$1200ERA');
Insert Into  CPFTableComponent Values('0912P2F',1500,55,'0912P2FA55$1500EEO','0912P2FA55$1500ERO',9999999,60,'0912P2FA55$1500EEA','0912P2FA55$1500ERA');
Insert Into  CPFTableComponent Values('0912P2F',0,60,'0912P2FA60$0EEO','0912P2FA60$0ERO',50,65,'0912P2FA60$0EEA','0912P2FA60$0ERA');
Insert Into  CPFTableComponent Values('0912P2F',50,60,'0912P2FA60$50EEO','0912P2FA60$50ERO',500,65,'0912P2FA60$50EEA','0912P2FA60$50ERA');
Insert Into  CPFTableComponent Values('0912P2F',500,60,'0912P2FA60$500EEO','0912P2FA60$500ERO',750,65,'0912P2FA60$500EEA','0912P2FA60$500ERA');
Insert Into  CPFTableComponent Values('0912P2F',750,60,'0912P2FA60$750EEO','0912P2FA60$750ERO',1200,65,'0912P2FA60$750EEA','0912P2FA60$750ERA');
Insert Into  CPFTableComponent Values('0912P2F',1200,60,'0912P2FA60$1200EEO','0912P2FA60$1200ERO',1500,65,'0912P2FA60$1200EEA','0912P2FA60$1200ERA');
Insert Into  CPFTableComponent Values('0912P2F',1500,60,'0912P2FA60$1500EEO','0912P2FA60$1500ERO',9999999,65,'0912P2FA60$1500EEA','0912P2FA60$1500ERA');
Insert Into  CPFTableComponent Values('0912P2F',0,65,'0912P2FA65$0EEO','0912P2FA65$0ERO',50,99,'0912P2FA65$0EEA','0912P2FA65$0ERA');
Insert Into  CPFTableComponent Values('0912P2F',50,65,'0912P2FA65$50EEO','0912P2FA65$50ERO',500,99,'0912P2FA65$50EEA','0912P2FA65$50ERA');
Insert Into  CPFTableComponent Values('0912P2F',500,65,'0912P2FA65$500EEO','0912P2FA65$500ERO',750,99,'0912P2FA65$500EEA','0912P2FA65$500ERA');
Insert Into  CPFTableComponent Values('0912P2F',750,65,'0912P2FA65$750EEO','0912P2FA65$750ERO',1200,99,'0912P2FA65$750EEA','0912P2FA65$750ERA');
Insert Into  CPFTableComponent Values('0912P2F',1200,65,'0912P2FA65$1200EEO','0912P2FA65$1200ERO',1500,99,'0912P2FA65$1200EEA','0912P2FA65$1200ERA');
Insert Into  CPFTableComponent Values('0912P2F',1500,65,'0912P2FA65$1500EEO','0912P2FA65$1500ERO',9999999,99,'0912P2FA65$1500EEA','0912P2FA65$1500ERA');

end if;

/*-----------------------------------------------------------------------------------------------------------
	PR 2 Graduated
-----------------------------------------------------------------------------------------------------------*/

if not exists(select * from Formula where Locate(FormulaId,'0912P2A') = 1 and FormulaCategory='CPFFormula1') then

Insert into Formula Values('0912P2A0$0ERO',1,0,0,'CPFFormula1','ER','T1','','','',0,0);
Insert into Formula Values('0912P2A0$0ERA',1,0,0,'CPFFormula1','ER','T1','','','',0,0);
Insert into Formula Values('0912P2A0$0EEO',1,0,0,'CPFFormula1','EE','T1','','','',0,0);
Insert into Formula Values('0912P2A0$0EEA',1,0,0,'CPFFormula1','EE','T1','','','',0,0);
Insert into Formula Values('0912P2A0$50ERO',1,0,0,'CPFFormula1','ER','T1','','','',0,0);
Insert into Formula Values('0912P2A0$50ERA',1,0,0,'CPFFormula1','ER','T1','','','',0,0);
Insert into Formula Values('0912P2A0$50EEO',1,0,0,'CPFFormula1','EE','T1','','','',0,0);
Insert into Formula Values('0912P2A0$50EEA',1,0,0,'CPFFormula1','EE','T1','','','',0,0);
Insert into Formula Values('0912P2A0$500ERO',1,0,0,'CPFFormula1','ER','T1','','','',0,0);
Insert into Formula Values('0912P2A0$500ERA',1,0,0,'CPFFormula1','ER','T1','','','',0,0);
Insert into Formula Values('0912P2A0$500EEO',1,0,0,'CPFFormula1','EE','T4','','','',0,0);
Insert into Formula Values('0912P2A0$500EEA',1,0,0,'CPFFormula1','EE','T4','','','',0,0);
Insert into Formula Values('0912P2A0$750ERO',1,0,0,'CPFFormula1','ER','T1','','','',0,0);
Insert into Formula Values('0912P2A0$750ERA',1,0,0,'CPFFormula1','ER','T1','','','',0,0);
Insert into Formula Values('0912P2A0$750EEO',1,0,0,'CPFFormula1','EE','T4','','','',0,0);
Insert into Formula Values('0912P2A0$750EEA',1,0,0,'CPFFormula1','EE','T4','','','',0,0);
Insert into Formula Values('0912P2A0$1200ERO',1,0,0,'CPFFormula1','ER','T1','','','',0,0);
Insert into Formula Values('0912P2A0$1200ERA',1,0,0,'CPFFormula1','ER','T1','','','',0,0);
Insert into Formula Values('0912P2A0$1200EEO',1,0,0,'CPFFormula1','EE','T4','','','',0,0);
Insert into Formula Values('0912P2A0$1200EEA',1,0,0,'CPFFormula1','EE','T4','','','',0,0);
Insert into Formula Values('0912P2A0$1500ERO',1,0,0,'CPFFormula1','ER','T3','','','',0,0);
Insert into Formula Values('0912P2A0$1500ERA',1,0,0,'CPFFormula1','ER','T3','','','',0,0);
Insert into Formula Values('0912P2A0$1500EEO',1,0,0,'CPFFormula1','EE','T3','','','',0,0);
Insert into Formula Values('0912P2A0$1500EEA',1,0,0,'CPFFormula1','EE','T3','','','',0,0);
Insert into Formula Values('0912P2A35$0ERO',1,0,0,'CPFFormula1','ER','T1','','','',0,0);
Insert into Formula Values('0912P2A35$0ERA',1,0,0,'CPFFormula1','ER','T1','','','',0,0);
Insert into Formula Values('0912P2A35$0EEO',1,0,0,'CPFFormula1','EE','T1','','','',0,0);
Insert into Formula Values('0912P2A35$0EEA',1,0,0,'CPFFormula1','EE','T1','','','',0,0);
Insert into Formula Values('0912P2A35$50ERO',1,0,0,'CPFFormula1','ER','T4','','','',0,0);
Insert into Formula Values('0912P2A35$50ERA',1,0,0,'CPFFormula1','ER','T4','','','',0,0);
Insert into Formula Values('0912P2A35$50EEO',1,0,0,'CPFFormula1','EE','T1','','','',0,0);
Insert into Formula Values('0912P2A35$50EEA',1,0,0,'CPFFormula1','EE','T1','','','',0,0);
Insert into Formula Values('0912P2A35$500ERO',1,0,0,'CPFFormula1','ER','T4','','','',0,0);
Insert into Formula Values('0912P2A35$500ERA',1,0,0,'CPFFormula1','ER','T4','','','',0,0);
Insert into Formula Values('0912P2A35$500EEO',1,0,0,'CPFFormula1','EE','T4','','','',0,0);
Insert into Formula Values('0912P2A35$500EEA',1,0,0,'CPFFormula1','EE','T4','','','',0,0);
Insert into Formula Values('0912P2A35$750ERO',1,0,0,'CPFFormula1','ER','T4','','','',0,0);
Insert into Formula Values('0912P2A35$750ERA',1,0,0,'CPFFormula1','ER','T4','','','',0,0);
Insert into Formula Values('0912P2A35$750EEO',1,0,0,'CPFFormula1','EE','T4','','','',0,0);
Insert into Formula Values('0912P2A35$750EEA',1,0,0,'CPFFormula1','EE','T4','','','',0,0);
Insert into Formula Values('0912P2A35$1200ERO',1,0,0,'CPFFormula1','ER','T4','','','',0,0);
Insert into Formula Values('0912P2A35$1200ERA',1,0,0,'CPFFormula1','ER','T4','','','',0,0);
Insert into Formula Values('0912P2A35$1200EEO',1,0,0,'CPFFormula1','EE','T4','','','',0,0);
Insert into Formula Values('0912P2A35$1200EEA',1,0,0,'CPFFormula1','EE','T4','','','',0,0);
Insert into Formula Values('0912P2A35$1500ERO',1,0,0,'CPFFormula1','ER','T3','','','',0,0);
Insert into Formula Values('0912P2A35$1500ERA',1,0,0,'CPFFormula1','ER','T3','','','',0,0);
Insert into Formula Values('0912P2A35$1500EEO',1,0,0,'CPFFormula1','EE','T3','','','',0,0);
Insert into Formula Values('0912P2A35$1500EEA',1,0,0,'CPFFormula1','EE','T3','','','',0,0);
Insert into Formula Values('0912P2A50$0ERO',1,0,0,'CPFFormula1','ER','T1','','','',0,0);
Insert into Formula Values('0912P2A50$0ERA',1,0,0,'CPFFormula1','ER','T1','','','',0,0);
Insert into Formula Values('0912P2A50$0EEO',1,0,0,'CPFFormula1','EE','T1','','','',0,0);
Insert into Formula Values('0912P2A50$0EEA',1,0,0,'CPFFormula1','EE','T1','','','',0,0);
Insert into Formula Values('0912P2A50$50ERO',1,0,0,'CPFFormula1','ER','T4','','','',0,0);
Insert into Formula Values('0912P2A50$50ERA',1,0,0,'CPFFormula1','ER','T4','','','',0,0);
Insert into Formula Values('0912P2A50$50EEO',1,0,0,'CPFFormula1','EE','T1','','','',0,0);
Insert into Formula Values('0912P2A50$50EEA',1,0,0,'CPFFormula1','EE','T1','','','',0,0);
Insert into Formula Values('0912P2A50$500ERO',1,0,0,'CPFFormula1','ER','T4','','','',0,0);
Insert into Formula Values('0912P2A50$500ERA',1,0,0,'CPFFormula1','ER','T4','','','',0,0);
Insert into Formula Values('0912P2A50$500EEO',1,0,0,'CPFFormula1','EE','T4','','','',0,0);
Insert into Formula Values('0912P2A50$500EEA',1,0,0,'CPFFormula1','EE','T4','','','',0,0);
Insert into Formula Values('0912P2A50$750ERO',1,0,0,'CPFFormula1','ER','T4','','','',0,0);
Insert into Formula Values('0912P2A50$750ERA',1,0,0,'CPFFormula1','ER','T4','','','',0,0);
Insert into Formula Values('0912P2A50$750EEO',1,0,0,'CPFFormula1','EE','T4','','','',0,0);
Insert into Formula Values('0912P2A50$750EEA',1,0,0,'CPFFormula1','EE','T4','','','',0,0);
Insert into Formula Values('0912P2A50$1200ERO',1,0,0,'CPFFormula1','ER','T4','','','',0,0);
Insert into Formula Values('0912P2A50$1200ERA',1,0,0,'CPFFormula1','ER','T4','','','',0,0);
Insert into Formula Values('0912P2A50$1200EEO',1,0,0,'CPFFormula1','EE','T4','','','',0,0);
Insert into Formula Values('0912P2A50$1200EEA',1,0,0,'CPFFormula1','EE','T4','','','',0,0);
Insert into Formula Values('0912P2A50$1500ERO',1,0,0,'CPFFormula1','ER','T3','','','',0,0);
Insert into Formula Values('0912P2A50$1500ERA',1,0,0,'CPFFormula1','ER','T3','','','',0,0);
Insert into Formula Values('0912P2A50$1500EEO',1,0,0,'CPFFormula1','EE','T3','','','',0,0);
Insert into Formula Values('0912P2A50$1500EEA',1,0,0,'CPFFormula1','EE','T3','','','',0,0);
Insert into Formula Values('0912P2A55$0ERO',1,0,0,'CPFFormula1','ER','T1','','','',0,0);
Insert into Formula Values('0912P2A55$0ERA',1,0,0,'CPFFormula1','ER','T1','','','',0,0);
Insert into Formula Values('0912P2A55$0EEO',1,0,0,'CPFFormula1','EE','T1','','','',0,0);
Insert into Formula Values('0912P2A55$0EEA',1,0,0,'CPFFormula1','EE','T1','','','',0,0);
Insert into Formula Values('0912P2A55$50ERO',1,0,0,'CPFFormula1','ER','T4','','','',0,0);
Insert into Formula Values('0912P2A55$50ERA',1,0,0,'CPFFormula1','ER','T4','','','',0,0);
Insert into Formula Values('0912P2A55$50EEO',1,0,0,'CPFFormula1','EE','T1','','','',0,0);
Insert into Formula Values('0912P2A55$50EEA',1,0,0,'CPFFormula1','EE','T1','','','',0,0);
Insert into Formula Values('0912P2A55$500ERO',1,0,0,'CPFFormula1','ER','T4','','','',0,0);
Insert into Formula Values('0912P2A55$500ERA',1,0,0,'CPFFormula1','ER','T4','','','',0,0);
Insert into Formula Values('0912P2A55$500EEO',1,0,0,'CPFFormula1','EE','T4','','','',0,0);
Insert into Formula Values('0912P2A55$500EEA',1,0,0,'CPFFormula1','EE','T4','','','',0,0);
Insert into Formula Values('0912P2A55$750ERO',1,0,0,'CPFFormula1','ER','T4','','','',0,0);
Insert into Formula Values('0912P2A55$750ERA',1,0,0,'CPFFormula1','ER','T4','','','',0,0);
Insert into Formula Values('0912P2A55$750EEO',1,0,0,'CPFFormula1','EE','T4','','','',0,0);
Insert into Formula Values('0912P2A55$750EEA',1,0,0,'CPFFormula1','EE','T4','','','',0,0);
Insert into Formula Values('0912P2A55$1200ERO',1,0,0,'CPFFormula1','ER','T4','','','',0,0);
Insert into Formula Values('0912P2A55$1200ERA',1,0,0,'CPFFormula1','ER','T4','','','',0,0);
Insert into Formula Values('0912P2A55$1200EEO',1,0,0,'CPFFormula1','EE','T4','','','',0,0);
Insert into Formula Values('0912P2A55$1200EEA',1,0,0,'CPFFormula1','EE','T4','','','',0,0);
Insert into Formula Values('0912P2A55$1500ERO',1,0,0,'CPFFormula1','ER','T3','','','',0,0);
Insert into Formula Values('0912P2A55$1500ERA',1,0,0,'CPFFormula1','ER','T3','','','',0,0);
Insert into Formula Values('0912P2A55$1500EEO',1,0,0,'CPFFormula1','EE','T3','','','',0,0);
Insert into Formula Values('0912P2A55$1500EEA',1,0,0,'CPFFormula1','EE','T3','','','',0,0);
Insert into Formula Values('0912P2A60$0ERO',1,0,0,'CPFFormula1','ER','T1','','','',0,0);
Insert into Formula Values('0912P2A60$0ERA',1,0,0,'CPFFormula1','ER','T1','','','',0,0);
Insert into Formula Values('0912P2A60$0EEO',1,0,0,'CPFFormula1','EE','T1','','','',0,0);
Insert into Formula Values('0912P2A60$0EEA',1,0,0,'CPFFormula1','EE','T1','','','',0,0);
Insert into Formula Values('0912P2A60$50ERO',1,0,0,'CPFFormula1','ER','T4','','','',0,0);
Insert into Formula Values('0912P2A60$50ERA',1,0,0,'CPFFormula1','ER','T4','','','',0,0);
Insert into Formula Values('0912P2A60$50EEO',1,0,0,'CPFFormula1','EE','T1','','','',0,0);
Insert into Formula Values('0912P2A60$50EEA',1,0,0,'CPFFormula1','EE','T1','','','',0,0);
Insert into Formula Values('0912P2A60$500ERO',1,0,0,'CPFFormula1','ER','T4','','','',0,0);
Insert into Formula Values('0912P2A60$500ERA',1,0,0,'CPFFormula1','ER','T4','','','',0,0);
Insert into Formula Values('0912P2A60$500EEO',1,0,0,'CPFFormula1','EE','T4','','','',0,0);
Insert into Formula Values('0912P2A60$500EEA',1,0,0,'CPFFormula1','EE','T4','','','',0,0);
Insert into Formula Values('0912P2A60$750ERO',1,0,0,'CPFFormula1','ER','T4','','','',0,0);
Insert into Formula Values('0912P2A60$750ERA',1,0,0,'CPFFormula1','ER','T4','','','',0,0);
Insert into Formula Values('0912P2A60$750EEO',1,0,0,'CPFFormula1','EE','T4','','','',0,0);
Insert into Formula Values('0912P2A60$750EEA',1,0,0,'CPFFormula1','EE','T4','','','',0,0);
Insert into Formula Values('0912P2A60$1200ERO',1,0,0,'CPFFormula1','ER','T4','','','',0,0);
Insert into Formula Values('0912P2A60$1200ERA',1,0,0,'CPFFormula1','ER','T4','','','',0,0);
Insert into Formula Values('0912P2A60$1200EEO',1,0,0,'CPFFormula1','EE','T4','','','',0,0);
Insert into Formula Values('0912P2A60$1200EEA',1,0,0,'CPFFormula1','EE','T4','','','',0,0);
Insert into Formula Values('0912P2A60$1500ERO',1,0,0,'CPFFormula1','ER','T3','','','',0,0);
Insert into Formula Values('0912P2A60$1500ERA',1,0,0,'CPFFormula1','ER','T3','','','',0,0);
Insert into Formula Values('0912P2A60$1500EEO',1,0,0,'CPFFormula1','EE','T3','','','',0,0);
Insert into Formula Values('0912P2A60$1500EEA',1,0,0,'CPFFormula1','EE','T3','','','',0,0);
Insert into Formula Values('0912P2A65$0ERO',1,0,0,'CPFFormula1','ER','T1','','','',0,0);
Insert into Formula Values('0912P2A65$0ERA',1,0,0,'CPFFormula1','ER','T1','','','',0,0);
Insert into Formula Values('0912P2A65$0EEO',1,0,0,'CPFFormula1','EE','T1','','','',0,0);
Insert into Formula Values('0912P2A65$0EEA',1,0,0,'CPFFormula1','EE','T1','','','',0,0);
Insert into Formula Values('0912P2A65$50ERO',1,0,0,'CPFFormula1','ER','T4','','','',0,0);
Insert into Formula Values('0912P2A65$50ERA',1,0,0,'CPFFormula1','ER','T4','','','',0,0);
Insert into Formula Values('0912P2A65$50EEO',1,0,0,'CPFFormula1','EE','T1','','','',0,0);
Insert into Formula Values('0912P2A65$50EEA',1,0,0,'CPFFormula1','EE','T1','','','',0,0);
Insert into Formula Values('0912P2A65$500ERO',1,0,0,'CPFFormula1','ER','T4','','','',0,0);
Insert into Formula Values('0912P2A65$500ERA',1,0,0,'CPFFormula1','ER','T4','','','',0,0);
Insert into Formula Values('0912P2A65$500EEO',1,0,0,'CPFFormula1','EE','T4','','','',0,0);
Insert into Formula Values('0912P2A65$500EEA',1,0,0,'CPFFormula1','EE','T4','','','',0,0);
Insert into Formula Values('0912P2A65$750ERO',1,0,0,'CPFFormula1','ER','T4','','','',0,0);
Insert into Formula Values('0912P2A65$750ERA',1,0,0,'CPFFormula1','ER','T4','','','',0,0);
Insert into Formula Values('0912P2A65$750EEO',1,0,0,'CPFFormula1','EE','T4','','','',0,0);
Insert into Formula Values('0912P2A65$750EEA',1,0,0,'CPFFormula1','EE','T4','','','',0,0);
Insert into Formula Values('0912P2A65$1200ERO',1,0,0,'CPFFormula1','ER','T4','','','',0,0);
Insert into Formula Values('0912P2A65$1200ERA',1,0,0,'CPFFormula1','ER','T4','','','',0,0);
Insert into Formula Values('0912P2A65$1200EEO',1,0,0,'CPFFormula1','EE','T4','','','',0,0);
Insert into Formula Values('0912P2A65$1200EEA',1,0,0,'CPFFormula1','EE','T4','','','',0,0);
Insert into Formula Values('0912P2A65$1500ERO',1,0,0,'CPFFormula1','ER','T3','','','',0,0);
Insert into Formula Values('0912P2A65$1500ERA',1,0,0,'CPFFormula1','ER','T3','','','',0,0);
Insert into Formula Values('0912P2A65$1500EEO',1,0,0,'CPFFormula1','EE','T3','','','',0,0);
Insert into Formula Values('0912P2A65$1500EEA',1,0,0,'CPFFormula1','EE','T3','','','',0,0);
Insert into FormulaRange Values('0912P2A0$0ERO',1,0,0,'(C1/100)*K2;',0,0,0,0,0,'CPFWage','OrdWage','AddWage','','','','','','','','','','','','','','','','','','','','','','','','','','','','','','','',''       );
Insert into FormulaRange Values('0912P2A0$0ERA',1,0,0,'(C1/100)*K3;',0,0,0,0,0,'CPFWage','OrdWage','AddWage','','','','','','','','','','','','','','','','','','','','','','','','','','','','','','','',''       );
Insert into FormulaRange Values('0912P2A0$0EEO',1,0,0,'(C1/100)*K2;',0,0,0,0,0,'CPFWage','OrdWage','AddWage','','','','','','','','','','','','','','','','','','','','','','','','','','','','','','','',''       );
Insert into FormulaRange Values('0912P2A0$0EEA',1,0,0,'(C1/100)*K3;',0,0,0,0,0,'CPFWage','OrdWage','AddWage','','','','','','','','','','','','','','','','','','','','','','','','','','','','','','','',''       );
Insert into FormulaRange Values('0912P2A0$50ERO',1,0,0,'(C1/100)*K2;',9,0,0,0,0,'CPFWage','OrdWage','AddWage','','','','','','','','','','','','','','','','','','','','','','','','','','','','','','','',''       );
Insert into FormulaRange Values('0912P2A0$50ERA',1,0,0,'(C1/100)*K3;',9,0,0,0,0,'CPFWage','OrdWage','AddWage','','','','','','','','','','','','','','','','','','','','','','','','','','','','','','','',''       );
Insert into FormulaRange Values('0912P2A0$50EEO',1,0,0,'(C1/100)*K2;',0,0,0,0,0,'CPFWage','OrdWage','AddWage','','','','','','','','','','','','','','','','','','','','','','','','','','','','','','','',''       );
Insert into FormulaRange Values('0912P2A0$50EEA',1,0,0,'(C1/100)*K3;',0,0,0,0,0,'CPFWage','OrdWage','AddWage','','','','','','','','','','','','','','','','','','','','','','','','','','','','','','','',''       );
Insert into FormulaRange Values('0912P2A0$500ERO',1,0,0,'(C1/100)*K2;',9,0,0,0,0,'CPFWage','OrdWage','AddWage','','','','','','','','','','','','','','','','','','','','','','','','','','','','','','','',''       );
Insert into FormulaRange Values('0912P2A0$500ERA',1,0,0,'(C1/100)*K3;',9,0,0,0,0,'CPFWage','OrdWage','AddWage','','','','','','','','','','','','','','','','','','','','','','','','','','','','','','','',''       );
Insert into FormulaRange Values('0912P2A0$500EEO',1,0,0,'(K2/K1)*(C1 * (K1 - C2) + C3);',0.36,500,0,0,0,'CPFWage','OrdWage','AddWage','','','','','','','','','','','','','','','','','','','','','','','','','','','','','','','',''       );
Insert into FormulaRange Values('0912P2A0$500EEA',1,0,0,'(K3/K1)*(C1 * (K1 - C2) + C3);',0.36,500,0,0,0,'CPFWage','OrdWage','AddWage','','','','','','','','','','','','','','','','','','','','','','','','','','','','','','','',''       );
Insert into FormulaRange Values('0912P2A0$750ERO',1,0,0,'(C1/100)*K2;',9,0,0,0,0,'CPFWage','OrdWage','AddWage','','','','','','','','','','','','','','','','','','','','','','','','','','','','','','','',''       );
Insert into FormulaRange Values('0912P2A0$750ERA',1,0,0,'(C1/100)*K3;',9,0,0,0,0,'CPFWage','OrdWage','AddWage','','','','','','','','','','','','','','','','','','','','','','','','','','','','','','','',''       );
Insert into FormulaRange Values('0912P2A0$750EEO',1,0,0,'(K2/K1)*(C1 * (K1 - C2) + C3);',0.18,750,90,0,0,'CPFWage','OrdWage','AddWage','','','','','','','','','','','','','','','','','','','','','','','','','','','','','','','',''       );
Insert into FormulaRange Values('0912P2A0$750EEA',1,0,0,'(K3/K1)*(C1 * (K1 - C2) + C3);',0.18,750,90,0,0,'CPFWage','OrdWage','AddWage','','','','','','','','','','','','','','','','','','','','','','','','','','','','','','','',''       );
Insert into FormulaRange Values('0912P2A0$1200ERO',1,0,0,'(C1/100)*K2;',9,0,0,0,0,'CPFWage','OrdWage','AddWage','','','','','','','','','','','','','','','','','','','','','','','','','','','','','','','',''       );
Insert into FormulaRange Values('0912P2A0$1200ERA',1,0,0,'(C1/100)*K3;',9,0,0,0,0,'CPFWage','OrdWage','AddWage','','','','','','','','','','','','','','','','','','','','','','','','','','','','','','','',''       );
Insert into FormulaRange Values('0912P2A0$1200EEO',1,0,0,'(K2/K1)*(C1 * (K1 - C2) + C3);',0.18,750,90,0,0,'CPFWage','OrdWage','AddWage','','','','','','','','','','','','','','','','','','','','','','','','','','','','','','','',''       );
Insert into FormulaRange Values('0912P2A0$1200EEA',1,0,0,'(K3/K1)*(C1 * (K1 - C2) + C3);',0.18,750,90,0,0,'CPFWage','OrdWage','AddWage','','','','','','','','','','','','','','','','','','','','','','','','','','','','','','','',''       );
Insert into FormulaRange Values('0912P2A0$1500ERO',1,0,0,'@MAX( (C1/100)*K2 , C2 );',9,450,0,0,0,'CPFWage','OrdWage','AddWage','','','','','','','','','','','','','','','','','','','','','','','','','','','','','','','',''       );
Insert into FormulaRange Values('0912P2A0$1500ERA',1,0,0,' (C1/100)*K3;',9,0,0,0,0,'CPFWage','OrdWage','AddWage','','','','','','','','','','','','','','','','','','','','','','','','','','','','','','','',''       );
Insert into FormulaRange Values('0912P2A0$1500EEO',1,0,0,'@MAX( (C1/100)*K2 , C2 );',15,750,0,0,0,'CPFWage','OrdWage','AddWage','','','','','','','','','','','','','','','','','','','','','','','','','','','','','','','',''       );
Insert into FormulaRange Values('0912P2A0$1500EEA',1,0,0,' (C1/100)*K3;',15,0,0,0,0,'CPFWage','OrdWage','AddWage','','','','','','','','','','','','','','','','','','','','','','','','','','','','','','','',''       );
Insert into FormulaRange Values('0912P2A35$0ERO',1,0,0,'(C1/100)*K2;',0,0,0,0,0,'CPFWage','OrdWage','AddWage','','','','','','','','','','','','','','','','','','','','','','','','','','','','','','','',''       );
Insert into FormulaRange Values('0912P2A35$0ERA',1,0,0,'(C1/100)*K3;',0,0,0,0,0,'CPFWage','OrdWage','AddWage','','','','','','','','','','','','','','','','','','','','','','','','','','','','','','','',''       );
Insert into FormulaRange Values('0912P2A35$0EEO',1,0,0,'(C1/100)*K2;',0,0,0,0,0,'CPFWage','OrdWage','AddWage','','','','','','','','','','','','','','','','','','','','','','','','','','','','','','','',''       );
Insert into FormulaRange Values('0912P2A35$0EEA',1,0,0,'(C1/100)*K3;',0,0,0,0,0,'CPFWage','OrdWage','AddWage','','','','','','','','','','','','','','','','','','','','','','','','','','','','','','','',''       );
Insert into FormulaRange Values('0912P2A35$50ERO',1,0,0,'(K2/K1)*(C1 * (K1 - C2) + C3);',0.0597,50,0,0,0,'CPFWage','OrdWage','AddWage','','','','','','','','','','','','','','','','','','','','','','','','','','','','','','','',''       );
Insert into FormulaRange Values('0912P2A35$50ERA',1,0,0,'(K3/K1)*(C1 * (K1 - C2) + C3);',0.0597,50,0,0,0,'CPFWage','OrdWage','AddWage','','','','','','','','','','','','','','','','','','','','','','','','','','','','','','','',''       );
Insert into FormulaRange Values('0912P2A35$50EEO',1,0,0,'(C1/100)*K2;',0,0,0,0,0,'CPFWage','OrdWage','AddWage','','','','','','','','','','','','','','','','','','','','','','','','','','','','','','','',''       );
Insert into FormulaRange Values('0912P2A35$50EEA',1,0,0,'(C1/100)*K3;',0,0,0,0,0,'CPFWage','OrdWage','AddWage','','','','','','','','','','','','','','','','','','','','','','','','','','','','','','','',''       );
Insert into FormulaRange Values('0912P2A35$500ERO',1,0,0,'(K2/K1)*(C1 * (K1 - C2) + C3);',0.0597,50,0,0,0,'CPFWage','OrdWage','AddWage','','','','','','','','','','','','','','','','','','','','','','','','','','','','','','','',''       );
Insert into FormulaRange Values('0912P2A35$500ERA',1,0,0,'(K3/K1)*(C1 * (K1 - C2) + C3);',0.0597,50,0,0,0,'CPFWage','OrdWage','AddWage','','','','','','','','','','','','','','','','','','','','','','','','','','','','','','','',''       );
Insert into FormulaRange Values('0912P2A35$500EEO',1,0,0,'(K2/K1)*(C1 * (K1 - C2) + C3);',0.36,500,0,0,0,'CPFWage','OrdWage','AddWage','','','','','','','','','','','','','','','','','','','','','','','','','','','','','','','',''       );
Insert into FormulaRange Values('0912P2A35$500EEA',1,0,0,'(K3/K1)*(C1 * (K1 - C2) + C3);',0.36,500,0,0,0,'CPFWage','OrdWage','AddWage','','','','','','','','','','','','','','','','','','','','','','','','','','','','','','','',''       );
Insert into FormulaRange Values('0912P2A35$750ERO',1,0,0,'(K2/K1)*(C1 * (K1 - C2) + C3);',0.1219,750,41.85,0,0,'CPFWage','OrdWage','AddWage','','','','','','','','','','','','','','','','','','','','','','','','','','','','','','','',''       );
Insert into FormulaRange Values('0912P2A35$750ERA',1,0,0,'(K3/K1)*(C1 * (K1 - C2) + C3);',0.1219,750,41.85,0,0,'CPFWage','OrdWage','AddWage','','','','','','','','','','','','','','','','','','','','','','','','','','','','','','','',''       );
Insert into FormulaRange Values('0912P2A35$750EEO',1,0,0,'(K2/K1)*(C1 * (K1 - C2) + C3);',0.18,750,90,0,0,'CPFWage','OrdWage','AddWage','','','','','','','','','','','','','','','','','','','','','','','','','','','','','','','',''       );
Insert into FormulaRange Values('0912P2A35$750EEA',1,0,0,'(K3/K1)*(C1 * (K1 - C2) + C3);',0.18,750,90,0,0,'CPFWage','OrdWage','AddWage','','','','','','','','','','','','','','','','','','','','','','','','','','','','','','','',''       );
Insert into FormulaRange Values('0912P2A35$1200ERO',1,0,0,'(K2/K1)*(C1 * (K1 - C2) + C3);',0.1276,1200,96.72,0,0,'CPFWage','OrdWage','AddWage','','','','','','','','','','','','','','','','','','','','','','','','','','','','','','','',''       );
Insert into FormulaRange Values('0912P2A35$1200ERA',1,0,0,'(K3/K1)*(C1 * (K1 - C2) + C3);',0.1276,1200,96.72,0,0,'CPFWage','OrdWage','AddWage','','','','','','','','','','','','','','','','','','','','','','','','','','','','','','','',''       );
Insert into FormulaRange Values('0912P2A35$1200EEO',1,0,0,'(K2/K1)*(C1 * (K1 - C2) + C3);',0.18,750,90,0,0,'CPFWage','OrdWage','AddWage','','','','','','','','','','','','','','','','','','','','','','','','','','','','','','','',''       );
Insert into FormulaRange Values('0912P2A35$1200EEA',1,0,0,'(K3/K1)*(C1 * (K1 - C2) + C3);',0.18,750,90,0,0,'CPFWage','OrdWage','AddWage','','','','','','','','','','','','','','','','','','','','','','','','','','','','','','','',''       );
Insert into FormulaRange Values('0912P2A35$1500ERO',1,0,0,'@MAX( (C1/100)*K2 , C2 );',9,450,0,0,0,'CPFWage','OrdWage','AddWage','','','','','','','','','','','','','','','','','','','','','','','','','','','','','','','',''       );
Insert into FormulaRange Values('0912P2A35$1500ERA',1,0,0,' (C1/100)*K3;',9,0,0,0,0,'CPFWage','OrdWage','AddWage','','','','','','','','','','','','','','','','','','','','','','','','','','','','','','','',''       );
Insert into FormulaRange Values('0912P2A35$1500EEO',1,0,0,'@MAX( (C1/100)*K2 , C2 );',15,750,0,0,0,'CPFWage','OrdWage','AddWage','','','','','','','','','','','','','','','','','','','','','','','','','','','','','','','',''       );
Insert into FormulaRange Values('0912P2A35$1500EEA',1,0,0,' (C1/100)*K3;',15,0,0,0,0,'CPFWage','OrdWage','AddWage','','','','','','','','','','','','','','','','','','','','','','','','','','','','','','','',''       );
Insert into FormulaRange Values('0912P2A50$0ERO',1,0,0,'(C1/100)*K2;',0,0,0,0,0,'CPFWage','OrdWage','AddWage','','','','','','','','','','','','','','','','','','','','','','','','','','','','','','','',''       );
Insert into FormulaRange Values('0912P2A50$0ERA',1,0,0,'(C1/100)*K3;',0,0,0,0,0,'CPFWage','OrdWage','AddWage','','','','','','','','','','','','','','','','','','','','','','','','','','','','','','','',''       );
Insert into FormulaRange Values('0912P2A50$0EEO',1,0,0,'(C1/100)*K2;',0,0,0,0,0,'CPFWage','OrdWage','AddWage','','','','','','','','','','','','','','','','','','','','','','','','','','','','','','','',''       );
Insert into FormulaRange Values('0912P2A50$0EEA',1,0,0,'(C1/100)*K3;',0,0,0,0,0,'CPFWage','OrdWage','AddWage','','','','','','','','','','','','','','','','','','','','','','','','','','','','','','','',''       );
Insert into FormulaRange Values('0912P2A50$50ERO',1,0,0,'(K2/K1)*(C1 * (K1 - C2) + C3);',0.0597,50,0,0,0,'CPFWage','OrdWage','AddWage','','','','','','','','','','','','','','','','','','','','','','','','','','','','','','','',''       );
Insert into FormulaRange Values('0912P2A50$50ERA',1,0,0,'(K3/K1)*(C1 * (K1 - C2) + C3);',0.0597,50,0,0,0,'CPFWage','OrdWage','AddWage','','','','','','','','','','','','','','','','','','','','','','','','','','','','','','','',''       );
Insert into FormulaRange Values('0912P2A50$50EEO',1,0,0,'(C1/100)*K2;',0,0,0,0,0,'CPFWage','OrdWage','AddWage','','','','','','','','','','','','','','','','','','','','','','','','','','','','','','','',''       );
Insert into FormulaRange Values('0912P2A50$50EEA',1,0,0,'(C1/100)*K3;',0,0,0,0,0,'CPFWage','OrdWage','AddWage','','','','','','','','','','','','','','','','','','','','','','','','','','','','','','','',''       );
Insert into FormulaRange Values('0912P2A50$500ERO',1,0,0,'(K2/K1)*(C1 * (K1 - C2) + C3);',0.0597,50,0,0,0,'CPFWage','OrdWage','AddWage','','','','','','','','','','','','','','','','','','','','','','','','','','','','','','','',''       );
Insert into FormulaRange Values('0912P2A50$500ERA',1,0,0,'(K3/K1)*(C1 * (K1 - C2) + C3);',0.0597,50,0,0,0,'CPFWage','OrdWage','AddWage','','','','','','','','','','','','','','','','','','','','','','','','','','','','','','','',''       );
Insert into FormulaRange Values('0912P2A50$500EEO',1,0,0,'(K2/K1)*(C1 * (K1 - C2) + C3);',0.36,500,0,0,0,'CPFWage','OrdWage','AddWage','','','','','','','','','','','','','','','','','','','','','','','','','','','','','','','',''       );
Insert into FormulaRange Values('0912P2A50$500EEA',1,0,0,'(K3/K1)*(C1 * (K1 - C2) + C3);',0.36,500,0,0,0,'CPFWage','OrdWage','AddWage','','','','','','','','','','','','','','','','','','','','','','','','','','','','','','','',''       );
Insert into FormulaRange Values('0912P2A50$750ERO',1,0,0,'(K2/K1)*(C1 * (K1 - C2) + C3);',0.1126,750,41.85,0,0,'CPFWage','OrdWage','AddWage','','','','','','','','','','','','','','','','','','','','','','','','','','','','','','','',''       );
Insert into FormulaRange Values('0912P2A50$750ERA',1,0,0,'(K3/K1)*(C1 * (K1 - C2) + C3);',0.1126,750,41.85,0,0,'CPFWage','OrdWage','AddWage','','','','','','','','','','','','','','','','','','','','','','','','','','','','','','','',''       );
Insert into FormulaRange Values('0912P2A50$750EEO',1,0,0,'(K2/K1)*(C1 * (K1 - C2) + C3);',0.18,750,90,0,0,'CPFWage','OrdWage','AddWage','','','','','','','','','','','','','','','','','','','','','','','','','','','','','','','',''       );
Insert into FormulaRange Values('0912P2A50$750EEA',1,0,0,'(K3/K1)*(C1 * (K1 - C2) + C3);',0.18,750,90,0,0,'CPFWage','OrdWage','AddWage','','','','','','','','','','','','','','','','','','','','','','','','','','','','','','','',''       );
Insert into FormulaRange Values('0912P2A50$1200ERO',1,0,0,'(K2/K1)*(C1 * (K1 - C2) + C3);',0.1416,1200,92.52,0,0,'CPFWage','OrdWage','AddWage','','','','','','','','','','','','','','','','','','','','','','','','','','','','','','','',''       );
Insert into FormulaRange Values('0912P2A50$1200ERA',1,0,0,'(K3/K1)*(C1 * (K1 - C2) + C3);',0.1416,1200,92.52,0,0,'CPFWage','OrdWage','AddWage','','','','','','','','','','','','','','','','','','','','','','','','','','','','','','','',''       );
Insert into FormulaRange Values('0912P2A50$1200EEO',1,0,0,'(K2/K1)*(C1 * (K1 - C2) + C3);',0.18,750,90,0,0,'CPFWage','OrdWage','AddWage','','','','','','','','','','','','','','','','','','','','','','','','','','','','','','','',''       );
Insert into FormulaRange Values('0912P2A50$1200EEA',1,0,0,'(K3/K1)*(C1 * (K1 - C2) + C3);',0.18,750,90,0,0,'CPFWage','OrdWage','AddWage','','','','','','','','','','','','','','','','','','','','','','','','','','','','','','','',''       );
Insert into FormulaRange Values('0912P2A50$1500ERO',1,0,0,'@MAX( (C1/100)*K2 , C2 );',9,450,0,0,0,'CPFWage','OrdWage','AddWage','','','','','','','','','','','','','','','','','','','','','','','','','','','','','','','',''       );
Insert into FormulaRange Values('0912P2A50$1500ERA',1,0,0,' (C1/100)*K3;',9,0,0,0,0,'CPFWage','OrdWage','AddWage','','','','','','','','','','','','','','','','','','','','','','','','','','','','','','','',''       );
Insert into FormulaRange Values('0912P2A50$1500EEO',1,0,0,'@MAX( (C1/100)*K2 , C2 );',15,750,0,0,0,'CPFWage','OrdWage','AddWage','','','','','','','','','','','','','','','','','','','','','','','','','','','','','','','',''       );
Insert into FormulaRange Values('0912P2A50$1500EEA',1,0,0,' (C1/100)*K3;',15,0,0,0,0,'CPFWage','OrdWage','AddWage','','','','','','','','','','','','','','','','','','','','','','','','','','','','','','','',''       );
Insert into FormulaRange Values('0912P2A55$0ERO',1,0,0,'(C1/100)*K2;',0,0,0,0,0,'CPFWage','OrdWage','AddWage','','','','','','','','','','','','','','','','','','','','','','','','','','','','','','','',''       );
Insert into FormulaRange Values('0912P2A55$0ERA',1,0,0,'(C1/100)*K3;',0,0,0,0,0,'CPFWage','OrdWage','AddWage','','','','','','','','','','','','','','','','','','','','','','','','','','','','','','','',''       );
Insert into FormulaRange Values('0912P2A55$0EEO',1,0,0,'(C1/100)*K2;',0,0,0,0,0,'CPFWage','OrdWage','AddWage','','','','','','','','','','','','','','','','','','','','','','','','','','','','','','','',''       );
Insert into FormulaRange Values('0912P2A55$0EEA',1,0,0,'(C1/100)*K3;',0,0,0,0,0,'CPFWage','OrdWage','AddWage','','','','','','','','','','','','','','','','','','','','','','','','','','','','','','','',''       );
Insert into FormulaRange Values('0912P2A55$50ERO',1,0,0,'(K2/K1)*(C1 * (K1 - C2) + C3);',0.0398,50,0,0,0,'CPFWage','OrdWage','AddWage','','','','','','','','','','','','','','','','','','','','','','','','','','','','','','','',''       );
Insert into FormulaRange Values('0912P2A55$50ERA',1,0,0,'(K3/K1)*(C1 * (K1 - C2) + C3);',0.0398,50,0,0,0,'CPFWage','OrdWage','AddWage','','','','','','','','','','','','','','','','','','','','','','','','','','','','','','','',''       );
Insert into FormulaRange Values('0912P2A55$50EEO',1,0,0,'(C1/100)*K2;',0,0,0,0,0,'CPFWage','OrdWage','AddWage','','','','','','','','','','','','','','','','','','','','','','','','','','','','','','','',''       );
Insert into FormulaRange Values('0912P2A55$50EEA',1,0,0,'(C1/100)*K3;',0,0,0,0,0,'CPFWage','OrdWage','AddWage','','','','','','','','','','','','','','','','','','','','','','','','','','','','','','','',''       );
Insert into FormulaRange Values('0912P2A55$500ERO',1,0,0,'(K2/K1)*(C1 * (K1 - C2) + C3);',0.0398,50,0,0,0,'CPFWage','OrdWage','AddWage','','','','','','','','','','','','','','','','','','','','','','','','','','','','','','','',''       );
Insert into FormulaRange Values('0912P2A55$500ERA',1,0,0,'(K3/K1)*(C1 * (K1 - C2) + C3);',0.0398,50,0,0,0,'CPFWage','OrdWage','AddWage','','','','','','','','','','','','','','','','','','','','','','','','','','','','','','','',''       );
Insert into FormulaRange Values('0912P2A55$500EEO',1,0,0,'(K2/K1)*(C1 * (K1 - C2) + C3);',0.3,500,0,0,0,'CPFWage','OrdWage','AddWage','','','','','','','','','','','','','','','','','','','','','','','','','','','','','','','',''       );
Insert into FormulaRange Values('0912P2A55$500EEA',1,0,0,'(K3/K1)*(C1 * (K1 - C2) + C3);',0.3,500,0,0,0,'CPFWage','OrdWage','AddWage','','','','','','','','','','','','','','','','','','','','','','','','','','','','','','','',''       );
Insert into FormulaRange Values('0912P2A55$750ERO',1,0,0,'(K2/K1)*(C1 * (K1 - C2) + C3);',0.066,750,27.9,0,0,'CPFWage','OrdWage','AddWage','','','','','','','','','','','','','','','','','','','','','','','','','','','','','','','',''       );
Insert into FormulaRange Values('0912P2A55$750ERA',1,0,0,'(K3/K1)*(C1 * (K1 - C2) + C3);',0.066,750,27.9,0,0,'CPFWage','OrdWage','AddWage','','','','','','','','','','','','','','','','','','','','','','','','','','','','','','','',''       );
Insert into FormulaRange Values('0912P2A55$750EEO',1,0,0,'(K2/K1)*(C1 * (K1 - C2) + C3);',0.15,750,75,0,0,'CPFWage','OrdWage','AddWage','','','','','','','','','','','','','','','','','','','','','','','','','','','','','','','',''       );
Insert into FormulaRange Values('0912P2A55$750EEA',1,0,0,'(K3/K1)*(C1 * (K1 - C2) + C3);',0.15,750,75,0,0,'CPFWage','OrdWage','AddWage','','','','','','','','','','','','','','','','','','','','','','','','','','','','','','','',''       );
Insert into FormulaRange Values('0912P2A55$1200ERO',1,0,0,'(K2/K1)*(C1 * (K1 - C2) + C3);',0.108,1200,57.6,0,0,'CPFWage','OrdWage','AddWage','','','','','','','','','','','','','','','','','','','','','','','','','','','','','','','',''       );
Insert into FormulaRange Values('0912P2A55$1200ERA',1,0,0,'(K3/K1)*(C1 * (K1 - C2) + C3);',0.108,1200,57.6,0,0,'CPFWage','OrdWage','AddWage','','','','','','','','','','','','','','','','','','','','','','','','','','','','','','','',''       );
Insert into FormulaRange Values('0912P2A55$1200EEO',1,0,0,'(K2/K1)*(C1 * (K1 - C2) + C3);',0.15,750,75,0,0,'CPFWage','OrdWage','AddWage','','','','','','','','','','','','','','','','','','','','','','','','','','','','','','','',''       );
Insert into FormulaRange Values('0912P2A55$1200EEA',1,0,0,'(K3/K1)*(C1 * (K1 - C2) + C3);',0.15,750,75,0,0,'CPFWage','OrdWage','AddWage','','','','','','','','','','','','','','','','','','','','','','','','','','','','','','','',''       );
Insert into FormulaRange Values('0912P2A55$1500ERO',1,0,0,'@MAX( (C1/100)*K2 , C2 );',6,300,0,0,0,'CPFWage','OrdWage','AddWage','','','','','','','','','','','','','','','','','','','','','','','','','','','','','','','',''       );
Insert into FormulaRange Values('0912P2A55$1500ERA',1,0,0,' (C1/100)*K3;',6,0,0,0,0,'CPFWage','OrdWage','AddWage','','','','','','','','','','','','','','','','','','','','','','','','','','','','','','','',''       );
Insert into FormulaRange Values('0912P2A55$1500EEO',1,0,0,'@MAX( (C1/100)*K2 , C2 );',12.5,625,0,0,0,'CPFWage','OrdWage','AddWage','','','','','','','','','','','','','','','','','','','','','','','','','','','','','','','',''       );
Insert into FormulaRange Values('0912P2A55$1500EEA',1,0,0,' (C1/100)*K3;',12.5,0,0,0,0,'CPFWage','OrdWage','AddWage','','','','','','','','','','','','','','','','','','','','','','','','','','','','','','','',''       );
Insert into FormulaRange Values('0912P2A60$0ERO',1,0,0,'(C1/100)*K2;',0,0,0,0,0,'CPFWage','OrdWage','AddWage','','','','','','','','','','','','','','','','','','','','','','','','','','','','','','','',''       );
Insert into FormulaRange Values('0912P2A60$0ERA',1,0,0,'(C1/100)*K3;',0,0,0,0,0,'CPFWage','OrdWage','AddWage','','','','','','','','','','','','','','','','','','','','','','','','','','','','','','','',''       );
Insert into FormulaRange Values('0912P2A60$0EEO',1,0,0,'(C1/100)*K2;',0,0,0,0,0,'CPFWage','OrdWage','AddWage','','','','','','','','','','','','','','','','','','','','','','','','','','','','','','','',''       );
Insert into FormulaRange Values('0912P2A60$0EEA',1,0,0,'(C1/100)*K3;',0,0,0,0,0,'CPFWage','OrdWage','AddWage','','','','','','','','','','','','','','','','','','','','','','','','','','','','','','','',''       );
Insert into FormulaRange Values('0912P2A60$50ERO',1,0,0,'(K2/K1)*(C1 * (K1 - C2) + C3);',0.0232,50,0,0,0,'CPFWage','OrdWage','AddWage','','','','','','','','','','','','','','','','','','','','','','','','','','','','','','','',''       );
Insert into FormulaRange Values('0912P2A60$50ERA',1,0,0,'(K3/K1)*(C1 * (K1 - C2) + C3);',0.0232,50,0,0,0,'CPFWage','OrdWage','AddWage','','','','','','','','','','','','','','','','','','','','','','','','','','','','','','','',''       );
Insert into FormulaRange Values('0912P2A60$50EEO',1,0,0,'(C1/100)*K2;',0,0,0,0,0,'CPFWage','OrdWage','AddWage','','','','','','','','','','','','','','','','','','','','','','','','','','','','','','','',''       );
Insert into FormulaRange Values('0912P2A60$50EEA',1,0,0,'(C1/100)*K3;',0,0,0,0,0,'CPFWage','OrdWage','AddWage','','','','','','','','','','','','','','','','','','','','','','','','','','','','','','','',''       );
Insert into FormulaRange Values('0912P2A60$500ERO',1,0,0,'(K2/K1)*(C1 * (K1 - C2) + C3);',0.0232,50,0,0,0,'CPFWage','OrdWage','AddWage','','','','','','','','','','','','','','','','','','','','','','','','','','','','','','','',''       );
Insert into FormulaRange Values('0912P2A60$500ERA',1,0,0,'(K3/K1)*(C1 * (K1 - C2) + C3);',0.0232,50,0,0,0,'CPFWage','OrdWage','AddWage','','','','','','','','','','','','','','','','','','','','','','','','','','','','','','','',''       );
Insert into FormulaRange Values('0912P2A60$500EEO',1,0,0,'(K2/K1)*(C1 * (K1 - C2) + C3);',0.18,500,0,0,0,'CPFWage','OrdWage','AddWage','','','','','','','','','','','','','','','','','','','','','','','','','','','','','','','',''       );
Insert into FormulaRange Values('0912P2A60$500EEA',1,0,0,'(K3/K1)*(C1 * (K1 - C2) + C3);',0.18,500,0,0,0,'CPFWage','OrdWage','AddWage','','','','','','','','','','','','','','','','','','','','','','','','','','','','','','','',''       );
Insert into FormulaRange Values('0912P2A60$750ERO',1,0,0,'(K2/K1)*(C1 * (K1 - C2) + C3);',0.0291,750,16.275,0,0,'CPFWage','OrdWage','AddWage','','','','','','','','','','','','','','','','','','','','','','','','','','','','','','','',''       );
Insert into FormulaRange Values('0912P2A60$750ERA',1,0,0,'(K3/K1)*(C1 * (K1 - C2) + C3);',0.0291,750,16.275,0,0,'CPFWage','OrdWage','AddWage','','','','','','','','','','','','','','','','','','','','','','','','','','','','','','','',''       );
Insert into FormulaRange Values('0912P2A60$750EEO',1,0,0,'(K2/K1)*(C1 * (K1 - C2) + C3);',0.09,750,45,0,0,'CPFWage','OrdWage','AddWage','','','','','','','','','','','','','','','','','','','','','','','','','','','','','','','',''       );
Insert into FormulaRange Values('0912P2A60$750EEA',1,0,0,'(K3/K1)*(C1 * (K1 - C2) + C3);',0.09,750,45,0,0,'CPFWage','OrdWage','AddWage','','','','','','','','','','','','','','','','','','','','','','','','','','','','','','','',''       );
Insert into FormulaRange Values('0912P2A60$1200ERO',1,0,0,'(K2/K1)*(C1 * (K1 - C2) + C3);',0.077,1200,29.4,0,0,'CPFWage','OrdWage','AddWage','','','','','','','','','','','','','','','','','','','','','','','','','','','','','','','',''       );
Insert into FormulaRange Values('0912P2A60$1200ERA',1,0,0,'(K3/K1)*(C1 * (K1 - C2) + C3);',0.077,1200,29.4,0,0,'CPFWage','OrdWage','AddWage','','','','','','','','','','','','','','','','','','','','','','','','','','','','','','','',''       );
Insert into FormulaRange Values('0912P2A60$1200EEO',1,0,0,'(K2/K1)*(C1 * (K1 - C2) + C3);',0.09,750,45,0,0,'CPFWage','OrdWage','AddWage','','','','','','','','','','','','','','','','','','','','','','','','','','','','','','','',''       );
Insert into FormulaRange Values('0912P2A60$1200EEA',1,0,0,'(K3/K1)*(C1 * (K1 - C2) + C3);',0.09,750,45,0,0,'CPFWage','OrdWage','AddWage','','','','','','','','','','','','','','','','','','','','','','','','','','','','','','','',''       );
Insert into FormulaRange Values('0912P2A60$1500ERO',1,0,0,'@MAX( (C1/100)*K2 , C2 );',3.5,175,0,0,0,'CPFWage','OrdWage','AddWage','','','','','','','','','','','','','','','','','','','','','','','','','','','','','','','',''       );
Insert into FormulaRange Values('0912P2A60$1500ERA',1,0,0,' (C1/100)*K3;',3.5,0,0,0,0,'CPFWage','OrdWage','AddWage','','','','','','','','','','','','','','','','','','','','','','','','','','','','','','','',''       );
Insert into FormulaRange Values('0912P2A60$1500EEO',1,0,0,'@MAX( (C1/100)*K2 , C2 );',7.5,375,0,0,0,'CPFWage','OrdWage','AddWage','','','','','','','','','','','','','','','','','','','','','','','','','','','','','','','',''       );
Insert into FormulaRange Values('0912P2A60$1500EEA',1,0,0,' (C1/100)*K3;',7.5,0,0,0,0,'CPFWage','OrdWage','AddWage','','','','','','','','','','','','','','','','','','','','','','','','','','','','','','','',''       );
Insert into FormulaRange Values('0912P2A65$0ERO',1,0,0,'(C1/100)*K2;',0,0,0,0,0,'CPFWage','OrdWage','AddWage','','','','','','','','','','','','','','','','','','','','','','','','','','','','','','','',''       );
Insert into FormulaRange Values('0912P2A65$0ERA',1,0,0,'(C1/100)*K3;',0,0,0,0,0,'CPFWage','OrdWage','AddWage','','','','','','','','','','','','','','','','','','','','','','','','','','','','','','','',''       );
Insert into FormulaRange Values('0912P2A65$0EEO',1,0,0,'(C1/100)*K2;',0,0,0,0,0,'CPFWage','OrdWage','AddWage','','','','','','','','','','','','','','','','','','','','','','','','','','','','','','','',''       );
Insert into FormulaRange Values('0912P2A65$0EEA',1,0,0,'(C1/100)*K3;',0,0,0,0,0,'CPFWage','OrdWage','AddWage','','','','','','','','','','','','','','','','','','','','','','','','','','','','','','','',''       );
Insert into FormulaRange Values('0912P2A65$50ERO',1,0,0,'(K2/K1)*(C1 * (K1 - C2) + C3);',0.0232,50,0,0,0,'CPFWage','OrdWage','AddWage','','','','','','','','','','','','','','','','','','','','','','','','','','','','','','','',''       );
Insert into FormulaRange Values('0912P2A65$50ERA',1,0,0,'(K3/K1)*(C1 * (K1 - C2) + C3);',0.0232,50,0,0,0,'CPFWage','OrdWage','AddWage','','','','','','','','','','','','','','','','','','','','','','','','','','','','','','','',''       );
Insert into FormulaRange Values('0912P2A65$50EEO',1,0,0,'(C1/100)*K2;',0,0,0,0,0,'CPFWage','OrdWage','AddWage','','','','','','','','','','','','','','','','','','','','','','','','','','','','','','','',''       );
Insert into FormulaRange Values('0912P2A65$50EEA',1,0,0,'(C1/100)*K3;',0,0,0,0,0,'CPFWage','OrdWage','AddWage','','','','','','','','','','','','','','','','','','','','','','','','','','','','','','','',''       );
Insert into FormulaRange Values('0912P2A65$500ERO',1,0,0,'(K2/K1)*(C1 * (K1 - C2) + C3);',0.0232,50,0,0,0,'CPFWage','OrdWage','AddWage','','','','','','','','','','','','','','','','','','','','','','','','','','','','','','','',''       );
Insert into FormulaRange Values('0912P2A65$500ERA',1,0,0,'(K3/K1)*(C1 * (K1 - C2) + C3);',0.0232,50,0,0,0,'CPFWage','OrdWage','AddWage','','','','','','','','','','','','','','','','','','','','','','','','','','','','','','','',''       );
Insert into FormulaRange Values('0912P2A65$500EEO',1,0,0,'(K2/K1)*(C1 * (K1 - C2) + C3);',0.12,500,0,0,0,'CPFWage','OrdWage','AddWage','','','','','','','','','','','','','','','','','','','','','','','','','','','','','','','',''       );
Insert into FormulaRange Values('0912P2A65$500EEA',1,0,0,'(K3/K1)*(C1 * (K1 - C2) + C3);',0.12,500,0,0,0,'CPFWage','OrdWage','AddWage','','','','','','','','','','','','','','','','','','','','','','','','','','','','','','','',''       );
Insert into FormulaRange Values('0912P2A65$750ERO',1,0,0,'(K2/K1)*(C1 * (K1 - C2) + C3);',0.0291,750,16.275,0,0,'CPFWage','OrdWage','AddWage','','','','','','','','','','','','','','','','','','','','','','','','','','','','','','','',''       );
Insert into FormulaRange Values('0912P2A65$750ERA',1,0,0,'(K3/K1)*(C1 * (K1 - C2) + C3);',0.0291,750,16.275,0,0,'CPFWage','OrdWage','AddWage','','','','','','','','','','','','','','','','','','','','','','','','','','','','','','','',''       );
Insert into FormulaRange Values('0912P2A65$750EEO',1,0,0,'(K2/K1)*(C1 * (K1 - C2) + C3);',0.06,750,30,0,0,'CPFWage','OrdWage','AddWage','','','','','','','','','','','','','','','','','','','','','','','','','','','','','','','',''       );
Insert into FormulaRange Values('0912P2A65$750EEA',1,0,0,'(K3/K1)*(C1 * (K1 - C2) + C3);',0.06,750,30,0,0,'CPFWage','OrdWage','AddWage','','','','','','','','','','','','','','','','','','','','','','','','','','','','','','','',''       );
Insert into FormulaRange Values('0912P2A65$1200ERO',1,0,0,'(K2/K1)*(C1 * (K1 - C2) + C3);',0.077,1200,29.4,0,0,'CPFWage','OrdWage','AddWage','','','','','','','','','','','','','','','','','','','','','','','','','','','','','','','',''       );
Insert into FormulaRange Values('0912P2A65$1200ERA',1,0,0,'(K3/K1)*(C1 * (K1 - C2) + C3);',0.077,1200,29.4,0,0,'CPFWage','OrdWage','AddWage','','','','','','','','','','','','','','','','','','','','','','','','','','','','','','','',''       );
Insert into FormulaRange Values('0912P2A65$1200EEO',1,0,0,'(K2/K1)*(C1 * (K1 - C2) + C3);',0.06,750,30,0,0,'CPFWage','OrdWage','AddWage','','','','','','','','','','','','','','','','','','','','','','','','','','','','','','','',''       );
Insert into FormulaRange Values('0912P2A65$1200EEA',1,0,0,'(K3/K1)*(C1 * (K1 - C2) + C3);',0.06,750,30,0,0,'CPFWage','OrdWage','AddWage','','','','','','','','','','','','','','','','','','','','','','','','','','','','','','','',''       );
Insert into FormulaRange Values('0912P2A65$1500ERO',1,0,0,'@MAX( (C1/100)*K2 , C2 );',3.5,175,0,0,0,'CPFWage','OrdWage','AddWage','','','','','','','','','','','','','','','','','','','','','','','','','','','','','','','',''       );
Insert into FormulaRange Values('0912P2A65$1500ERA',1,0,0,' (C1/100)*K3;',3.5,0,0,0,0,'CPFWage','OrdWage','AddWage','','','','','','','','','','','','','','','','','','','','','','','','','','','','','','','',''       );
Insert into FormulaRange Values('0912P2A65$1500EEO',1,0,0,'@MAX( (C1/100)*K2 , C2 );',5,250,0,0,0,'CPFWage','OrdWage','AddWage','','','','','','','','','','','','','','','','','','','','','','','','','','','','','','','',''       );
Insert into FormulaRange Values('0912P2A65$1500EEA',1,0,0,' (C1/100)*K3;',5,0,0,0,0,'CPFWage','OrdWage','AddWage','','','','','','','','','','','','','','','','','','','','','','','','','','','','','','','',''       );
Insert Into  CPFTableComponent Values('0912P2',0,0,'0912P2A0$0EEO','0912P2A0$0ERO',50,35,'0912P2A0$0EEA','0912P2A0$0ERA');
Insert Into  CPFTableComponent Values('0912P2',50,0,'0912P2A0$50EEO','0912P2A0$50ERO',500,35,'0912P2A0$50EEA','0912P2A0$50ERA');
Insert Into  CPFTableComponent Values('0912P2',500,0,'0912P2A0$500EEO','0912P2A0$500ERO',750,35,'0912P2A0$500EEA','0912P2A0$500ERA');
Insert Into  CPFTableComponent Values('0912P2',750,0,'0912P2A0$750EEO','0912P2A0$750ERO',1200,35,'0912P2A0$750EEA','0912P2A0$750ERA');
Insert Into  CPFTableComponent Values('0912P2',1200,0,'0912P2A0$1200EEO','0912P2A0$1200ERO',1500,35,'0912P2A0$1200EEA','0912P2A0$1200ERA');
Insert Into  CPFTableComponent Values('0912P2',1500,0,'0912P2A0$1500EEO','0912P2A0$1500ERO',9999999,35,'0912P2A0$1500EEA','0912P2A0$1500ERA');
Insert Into  CPFTableComponent Values('0912P2',0,35,'0912P2A35$0EEO','0912P2A35$0ERO',50,50,'0912P2A35$0EEA','0912P2A35$0ERA');
Insert Into  CPFTableComponent Values('0912P2',50,35,'0912P2A35$50EEO','0912P2A35$50ERO',500,50,'0912P2A35$50EEA','0912P2A35$50ERA');
Insert Into  CPFTableComponent Values('0912P2',500,35,'0912P2A35$500EEO','0912P2A35$500ERO',750,50,'0912P2A35$500EEA','0912P2A35$500ERA');
Insert Into  CPFTableComponent Values('0912P2',750,35,'0912P2A35$750EEO','0912P2A35$750ERO',1200,50,'0912P2A35$750EEA','0912P2A35$750ERA');
Insert Into  CPFTableComponent Values('0912P2',1200,35,'0912P2A35$1200EEO','0912P2A35$1200ERO',1500,50,'0912P2A35$1200EEA','0912P2A35$1200ERA');
Insert Into  CPFTableComponent Values('0912P2',1500,35,'0912P2A35$1500EEO','0912P2A35$1500ERO',9999999,50,'0912P2A35$1500EEA','0912P2A35$1500ERA');
Insert Into  CPFTableComponent Values('0912P2',0,50,'0912P2A50$0EEO','0912P2A50$0ERO',50,55,'0912P2A50$0EEA','0912P2A50$0ERA');
Insert Into  CPFTableComponent Values('0912P2',50,50,'0912P2A50$50EEO','0912P2A50$50ERO',500,55,'0912P2A50$50EEA','0912P2A50$50ERA');
Insert Into  CPFTableComponent Values('0912P2',500,50,'0912P2A50$500EEO','0912P2A50$500ERO',750,55,'0912P2A50$500EEA','0912P2A50$500ERA');
Insert Into  CPFTableComponent Values('0912P2',750,50,'0912P2A50$750EEO','0912P2A50$750ERO',1200,55,'0912P2A50$750EEA','0912P2A50$750ERA');
Insert Into  CPFTableComponent Values('0912P2',1200,50,'0912P2A50$1200EEO','0912P2A50$1200ERO',1500,55,'0912P2A50$1200EEA','0912P2A50$1200ERA');
Insert Into  CPFTableComponent Values('0912P2',1500,50,'0912P2A50$1500EEO','0912P2A50$1500ERO',9999999,55,'0912P2A50$1500EEA','0912P2A50$1500ERA');
Insert Into  CPFTableComponent Values('0912P2',0,55,'0912P2A55$0EEO','0912P2A55$0ERO',50,60,'0912P2A55$0EEA','0912P2A55$0ERA');
Insert Into  CPFTableComponent Values('0912P2',50,55,'0912P2A55$50EEO','0912P2A55$50ERO',500,60,'0912P2A55$50EEA','0912P2A55$50ERA');
Insert Into  CPFTableComponent Values('0912P2',500,55,'0912P2A55$500EEO','0912P2A55$500ERO',750,60,'0912P2A55$500EEA','0912P2A55$500ERA');
Insert Into  CPFTableComponent Values('0912P2',750,55,'0912P2A55$750EEO','0912P2A55$750ERO',1200,60,'0912P2A55$750EEA','0912P2A55$750ERA');
Insert Into  CPFTableComponent Values('0912P2',1200,55,'0912P2A55$1200EEO','0912P2A55$1200ERO',1500,60,'0912P2A55$1200EEA','0912P2A55$1200ERA');
Insert Into  CPFTableComponent Values('0912P2',1500,55,'0912P2A55$1500EEO','0912P2A55$1500ERO',9999999,60,'0912P2A55$1500EEA','0912P2A55$1500ERA');
Insert Into  CPFTableComponent Values('0912P2',0,60,'0912P2A60$0EEO','0912P2A60$0ERO',50,65,'0912P2A60$0EEA','0912P2A60$0ERA');
Insert Into  CPFTableComponent Values('0912P2',50,60,'0912P2A60$50EEO','0912P2A60$50ERO',500,65,'0912P2A60$50EEA','0912P2A60$50ERA');
Insert Into  CPFTableComponent Values('0912P2',500,60,'0912P2A60$500EEO','0912P2A60$500ERO',750,65,'0912P2A60$500EEA','0912P2A60$500ERA');
Insert Into  CPFTableComponent Values('0912P2',750,60,'0912P2A60$750EEO','0912P2A60$750ERO',1200,65,'0912P2A60$750EEA','0912P2A60$750ERA');
Insert Into  CPFTableComponent Values('0912P2',1200,60,'0912P2A60$1200EEO','0912P2A60$1200ERO',1500,65,'0912P2A60$1200EEA','0912P2A60$1200ERA');
Insert Into  CPFTableComponent Values('0912P2',1500,60,'0912P2A60$1500EEO','0912P2A60$1500ERO',9999999,65,'0912P2A60$1500EEA','0912P2A60$1500ERA');
Insert Into  CPFTableComponent Values('0912P2',0,65,'0912P2A65$0EEO','0912P2A65$0ERO',50,99,'0912P2A65$0EEA','0912P2A65$0ERA');
Insert Into  CPFTableComponent Values('0912P2',50,65,'0912P2A65$50EEO','0912P2A65$50ERO',500,99,'0912P2A65$50EEA','0912P2A65$50ERA');
Insert Into  CPFTableComponent Values('0912P2',500,65,'0912P2A65$500EEO','0912P2A65$500ERO',750,99,'0912P2A65$500EEA','0912P2A65$500ERA');
Insert Into  CPFTableComponent Values('0912P2',750,65,'0912P2A65$750EEO','0912P2A65$750ERO',1200,99,'0912P2A65$750EEA','0912P2A65$750ERA');
Insert Into  CPFTableComponent Values('0912P2',1200,65,'0912P2A65$1200EEO','0912P2A65$1200ERO',1500,99,'0912P2A65$1200EEA','0912P2A65$1200ERA');
Insert Into  CPFTableComponent Values('0912P2',1500,65,'0912P2A65$1500EEO','0912P2A65$1500ERO',9999999,99,'0912P2A65$1500EEA','0912P2A65$1500ERA');

end if;

/*-----------------------------------------------------------------------------------------------------------
	PR 3
-----------------------------------------------------------------------------------------------------------*/

if not exists(select * from Formula where Locate(FormulaId,'0912P3A') = 1 and FormulaCategory='CPFFormula1') then

Insert into Formula Values('0912P3A0$0ERO',1,0,0,'CPFFormula1','ER','T1','','','',0,0);
Insert into Formula Values('0912P3A0$0ERA',1,0,0,'CPFFormula1','ER','T1','','','',0,0);
Insert into Formula Values('0912P3A0$0EEO',1,0,0,'CPFFormula1','EE','T1','','','',0,0);
Insert into Formula Values('0912P3A0$0EEA',1,0,0,'CPFFormula1','EE','T1','','','',0,0);
Insert into Formula Values('0912P3A0$50ERO',1,0,0,'CPFFormula1','ER','T1','','','',0,0);
Insert into Formula Values('0912P3A0$50ERA',1,0,0,'CPFFormula1','ER','T1','','','',0,0);
Insert into Formula Values('0912P3A0$50EEO',1,0,0,'CPFFormula1','EE','T1','','','',0,0);
Insert into Formula Values('0912P3A0$50EEA',1,0,0,'CPFFormula1','EE','T1','','','',0,0);
Insert into Formula Values('0912P3A0$500ERO',1,0,0,'CPFFormula1','ER','T1','','','',0,0);
Insert into Formula Values('0912P3A0$500ERA',1,0,0,'CPFFormula1','ER','T1','','','',0,0);
Insert into Formula Values('0912P3A0$500EEO',1,0,0,'CPFFormula1','EE','T4','','','',0,0);
Insert into Formula Values('0912P3A0$500EEA',1,0,0,'CPFFormula1','EE','T4','','','',0,0);
Insert into Formula Values('0912P3A0$750ERO',1,0,0,'CPFFormula1','ER','T1','','','',0,0);
Insert into Formula Values('0912P3A0$750ERA',1,0,0,'CPFFormula1','ER','T1','','','',0,0);
Insert into Formula Values('0912P3A0$750EEO',1,0,0,'CPFFormula1','EE','T4','','','',0,0);
Insert into Formula Values('0912P3A0$750EEA',1,0,0,'CPFFormula1','EE','T4','','','',0,0);
Insert into Formula Values('0912P3A0$1200ERO',1,0,0,'CPFFormula1','ER','T1','','','',0,0);
Insert into Formula Values('0912P3A0$1200ERA',1,0,0,'CPFFormula1','ER','T1','','','',0,0);
Insert into Formula Values('0912P3A0$1200EEO',1,0,0,'CPFFormula1','EE','T4','','','',0,0);
Insert into Formula Values('0912P3A0$1200EEA',1,0,0,'CPFFormula1','EE','T4','','','',0,0);
Insert into Formula Values('0912P3A0$1500ERO',1,0,0,'CPFFormula1','ER','T3','','','',0,0);
Insert into Formula Values('0912P3A0$1500ERA',1,0,0,'CPFFormula1','ER','T3','','','',0,0);
Insert into Formula Values('0912P3A0$1500EEO',1,0,0,'CPFFormula1','EE','T3','','','',0,0);
Insert into Formula Values('0912P3A0$1500EEA',1,0,0,'CPFFormula1','EE','T3','','','',0,0);
Insert into Formula Values('0912P3A35$0ERO',1,0,0,'CPFFormula1','ER','T1','','','',0,0);
Insert into Formula Values('0912P3A35$0ERA',1,0,0,'CPFFormula1','ER','T1','','','',0,0);
Insert into Formula Values('0912P3A35$0EEO',1,0,0,'CPFFormula1','EE','T1','','','',0,0);
Insert into Formula Values('0912P3A35$0EEA',1,0,0,'CPFFormula1','EE','T1','','','',0,0);
Insert into Formula Values('0912P3A35$50ERO',1,0,0,'CPFFormula1','ER','T4','','','',0,0);
Insert into Formula Values('0912P3A35$50ERA',1,0,0,'CPFFormula1','ER','T4','','','',0,0);
Insert into Formula Values('0912P3A35$50EEO',1,0,0,'CPFFormula1','EE','T1','','','',0,0);
Insert into Formula Values('0912P3A35$50EEA',1,0,0,'CPFFormula1','EE','T1','','','',0,0);
Insert into Formula Values('0912P3A35$500ERO',1,0,0,'CPFFormula1','ER','T4','','','',0,0);
Insert into Formula Values('0912P3A35$500ERA',1,0,0,'CPFFormula1','ER','T4','','','',0,0);
Insert into Formula Values('0912P3A35$500EEO',1,0,0,'CPFFormula1','EE','T4','','','',0,0);
Insert into Formula Values('0912P3A35$500EEA',1,0,0,'CPFFormula1','EE','T4','','','',0,0);
Insert into Formula Values('0912P3A35$750ERO',1,0,0,'CPFFormula1','ER','T4','','','',0,0);
Insert into Formula Values('0912P3A35$750ERA',1,0,0,'CPFFormula1','ER','T4','','','',0,0);
Insert into Formula Values('0912P3A35$750EEO',1,0,0,'CPFFormula1','EE','T4','','','',0,0);
Insert into Formula Values('0912P3A35$750EEA',1,0,0,'CPFFormula1','EE','T4','','','',0,0);
Insert into Formula Values('0912P3A35$1200ERO',1,0,0,'CPFFormula1','ER','T4','','','',0,0);
Insert into Formula Values('0912P3A35$1200ERA',1,0,0,'CPFFormula1','ER','T4','','','',0,0);
Insert into Formula Values('0912P3A35$1200EEO',1,0,0,'CPFFormula1','EE','T4','','','',0,0);
Insert into Formula Values('0912P3A35$1200EEA',1,0,0,'CPFFormula1','EE','T4','','','',0,0);
Insert into Formula Values('0912P3A35$1500ERO',1,0,0,'CPFFormula1','ER','T3','','','',0,0);
Insert into Formula Values('0912P3A35$1500ERA',1,0,0,'CPFFormula1','ER','T3','','','',0,0);
Insert into Formula Values('0912P3A35$1500EEO',1,0,0,'CPFFormula1','EE','T3','','','',0,0);
Insert into Formula Values('0912P3A35$1500EEA',1,0,0,'CPFFormula1','EE','T3','','','',0,0);
Insert into Formula Values('0912P3A50$0ERO',1,0,0,'CPFFormula1','ER','T1','','','',0,0);
Insert into Formula Values('0912P3A50$0ERA',1,0,0,'CPFFormula1','ER','T1','','','',0,0);
Insert into Formula Values('0912P3A50$0EEO',1,0,0,'CPFFormula1','EE','T1','','','',0,0);
Insert into Formula Values('0912P3A50$0EEA',1,0,0,'CPFFormula1','EE','T1','','','',0,0);
Insert into Formula Values('0912P3A50$50ERO',1,0,0,'CPFFormula1','ER','T4','','','',0,0);
Insert into Formula Values('0912P3A50$50ERA',1,0,0,'CPFFormula1','ER','T4','','','',0,0);
Insert into Formula Values('0912P3A50$50EEO',1,0,0,'CPFFormula1','EE','T1','','','',0,0);
Insert into Formula Values('0912P3A50$50EEA',1,0,0,'CPFFormula1','EE','T1','','','',0,0);
Insert into Formula Values('0912P3A50$500ERO',1,0,0,'CPFFormula1','ER','T4','','','',0,0);
Insert into Formula Values('0912P3A50$500ERA',1,0,0,'CPFFormula1','ER','T4','','','',0,0);
Insert into Formula Values('0912P3A50$500EEO',1,0,0,'CPFFormula1','EE','T4','','','',0,0);
Insert into Formula Values('0912P3A50$500EEA',1,0,0,'CPFFormula1','EE','T4','','','',0,0);
Insert into Formula Values('0912P3A50$750ERO',1,0,0,'CPFFormula1','ER','T4','','','',0,0);
Insert into Formula Values('0912P3A50$750ERA',1,0,0,'CPFFormula1','ER','T4','','','',0,0);
Insert into Formula Values('0912P3A50$750EEO',1,0,0,'CPFFormula1','EE','T4','','','',0,0);
Insert into Formula Values('0912P3A50$750EEA',1,0,0,'CPFFormula1','EE','T4','','','',0,0);
Insert into Formula Values('0912P3A50$1200ERO',1,0,0,'CPFFormula1','ER','T4','','','',0,0);
Insert into Formula Values('0912P3A50$1200ERA',1,0,0,'CPFFormula1','ER','T4','','','',0,0);
Insert into Formula Values('0912P3A50$1200EEO',1,0,0,'CPFFormula1','EE','T4','','','',0,0);
Insert into Formula Values('0912P3A50$1200EEA',1,0,0,'CPFFormula1','EE','T4','','','',0,0);
Insert into Formula Values('0912P3A50$1500ERO',1,0,0,'CPFFormula1','ER','T3','','','',0,0);
Insert into Formula Values('0912P3A50$1500ERA',1,0,0,'CPFFormula1','ER','T3','','','',0,0);
Insert into Formula Values('0912P3A50$1500EEO',1,0,0,'CPFFormula1','EE','T3','','','',0,0);
Insert into Formula Values('0912P3A50$1500EEA',1,0,0,'CPFFormula1','EE','T3','','','',0,0);
Insert into Formula Values('0912P3A55$0ERO',1,0,0,'CPFFormula1','ER','T1','','','',0,0);
Insert into Formula Values('0912P3A55$0ERA',1,0,0,'CPFFormula1','ER','T1','','','',0,0);
Insert into Formula Values('0912P3A55$0EEO',1,0,0,'CPFFormula1','EE','T1','','','',0,0);
Insert into Formula Values('0912P3A55$0EEA',1,0,0,'CPFFormula1','EE','T1','','','',0,0);
Insert into Formula Values('0912P3A55$50ERO',1,0,0,'CPFFormula1','ER','T4','','','',0,0);
Insert into Formula Values('0912P3A55$50ERA',1,0,0,'CPFFormula1','ER','T4','','','',0,0);
Insert into Formula Values('0912P3A55$50EEO',1,0,0,'CPFFormula1','EE','T1','','','',0,0);
Insert into Formula Values('0912P3A55$50EEA',1,0,0,'CPFFormula1','EE','T1','','','',0,0);
Insert into Formula Values('0912P3A55$500ERO',1,0,0,'CPFFormula1','ER','T4','','','',0,0);
Insert into Formula Values('0912P3A55$500ERA',1,0,0,'CPFFormula1','ER','T4','','','',0,0);
Insert into Formula Values('0912P3A55$500EEO',1,0,0,'CPFFormula1','EE','T4','','','',0,0);
Insert into Formula Values('0912P3A55$500EEA',1,0,0,'CPFFormula1','EE','T4','','','',0,0);
Insert into Formula Values('0912P3A55$750ERO',1,0,0,'CPFFormula1','ER','T4','','','',0,0);
Insert into Formula Values('0912P3A55$750ERA',1,0,0,'CPFFormula1','ER','T4','','','',0,0);
Insert into Formula Values('0912P3A55$750EEO',1,0,0,'CPFFormula1','EE','T4','','','',0,0);
Insert into Formula Values('0912P3A55$750EEA',1,0,0,'CPFFormula1','EE','T4','','','',0,0);
Insert into Formula Values('0912P3A55$1200ERO',1,0,0,'CPFFormula1','ER','T4','','','',0,0);
Insert into Formula Values('0912P3A55$1200ERA',1,0,0,'CPFFormula1','ER','T4','','','',0,0);
Insert into Formula Values('0912P3A55$1200EEO',1,0,0,'CPFFormula1','EE','T4','','','',0,0);
Insert into Formula Values('0912P3A55$1200EEA',1,0,0,'CPFFormula1','EE','T4','','','',0,0);
Insert into Formula Values('0912P3A55$1500ERO',1,0,0,'CPFFormula1','ER','T3','','','',0,0);
Insert into Formula Values('0912P3A55$1500ERA',1,0,0,'CPFFormula1','ER','T3','','','',0,0);
Insert into Formula Values('0912P3A55$1500EEO',1,0,0,'CPFFormula1','EE','T3','','','',0,0);
Insert into Formula Values('0912P3A55$1500EEA',1,0,0,'CPFFormula1','EE','T3','','','',0,0);
Insert into Formula Values('0912P3A60$0ERO',1,0,0,'CPFFormula1','ER','T1','','','',0,0);
Insert into Formula Values('0912P3A60$0ERA',1,0,0,'CPFFormula1','ER','T1','','','',0,0);
Insert into Formula Values('0912P3A60$0EEO',1,0,0,'CPFFormula1','EE','T1','','','',0,0);
Insert into Formula Values('0912P3A60$0EEA',1,0,0,'CPFFormula1','EE','T1','','','',0,0);
Insert into Formula Values('0912P3A60$50ERO',1,0,0,'CPFFormula1','ER','T4','','','',0,0);
Insert into Formula Values('0912P3A60$50ERA',1,0,0,'CPFFormula1','ER','T4','','','',0,0);
Insert into Formula Values('0912P3A60$50EEO',1,0,0,'CPFFormula1','EE','T1','','','',0,0);
Insert into Formula Values('0912P3A60$50EEA',1,0,0,'CPFFormula1','EE','T1','','','',0,0);
Insert into Formula Values('0912P3A60$500ERO',1,0,0,'CPFFormula1','ER','T4','','','',0,0);
Insert into Formula Values('0912P3A60$500ERA',1,0,0,'CPFFormula1','ER','T4','','','',0,0);
Insert into Formula Values('0912P3A60$500EEO',1,0,0,'CPFFormula1','EE','T4','','','',0,0);
Insert into Formula Values('0912P3A60$500EEA',1,0,0,'CPFFormula1','EE','T4','','','',0,0);
Insert into Formula Values('0912P3A60$750ERO',1,0,0,'CPFFormula1','ER','T4','','','',0,0);
Insert into Formula Values('0912P3A60$750ERA',1,0,0,'CPFFormula1','ER','T4','','','',0,0);
Insert into Formula Values('0912P3A60$750EEO',1,0,0,'CPFFormula1','EE','T4','','','',0,0);
Insert into Formula Values('0912P3A60$750EEA',1,0,0,'CPFFormula1','EE','T4','','','',0,0);
Insert into Formula Values('0912P3A60$1200ERO',1,0,0,'CPFFormula1','ER','T4','','','',0,0);
Insert into Formula Values('0912P3A60$1200ERA',1,0,0,'CPFFormula1','ER','T4','','','',0,0);
Insert into Formula Values('0912P3A60$1200EEO',1,0,0,'CPFFormula1','EE','T4','','','',0,0);
Insert into Formula Values('0912P3A60$1200EEA',1,0,0,'CPFFormula1','EE','T4','','','',0,0);
Insert into Formula Values('0912P3A60$1500ERO',1,0,0,'CPFFormula1','ER','T3','','','',0,0);
Insert into Formula Values('0912P3A60$1500ERA',1,0,0,'CPFFormula1','ER','T3','','','',0,0);
Insert into Formula Values('0912P3A60$1500EEO',1,0,0,'CPFFormula1','EE','T3','','','',0,0);
Insert into Formula Values('0912P3A60$1500EEA',1,0,0,'CPFFormula1','EE','T3','','','',0,0);
Insert into Formula Values('0912P3A65$0ERO',1,0,0,'CPFFormula1','ER','T1','','','',0,0);
Insert into Formula Values('0912P3A65$0ERA',1,0,0,'CPFFormula1','ER','T1','','','',0,0);
Insert into Formula Values('0912P3A65$0EEO',1,0,0,'CPFFormula1','EE','T1','','','',0,0);
Insert into Formula Values('0912P3A65$0EEA',1,0,0,'CPFFormula1','EE','T1','','','',0,0);
Insert into Formula Values('0912P3A65$50ERO',1,0,0,'CPFFormula1','ER','T4','','','',0,0);
Insert into Formula Values('0912P3A65$50ERA',1,0,0,'CPFFormula1','ER','T4','','','',0,0);
Insert into Formula Values('0912P3A65$50EEO',1,0,0,'CPFFormula1','EE','T1','','','',0,0);
Insert into Formula Values('0912P3A65$50EEA',1,0,0,'CPFFormula1','EE','T1','','','',0,0);
Insert into Formula Values('0912P3A65$500ERO',1,0,0,'CPFFormula1','ER','T4','','','',0,0);
Insert into Formula Values('0912P3A65$500ERA',1,0,0,'CPFFormula1','ER','T4','','','',0,0);
Insert into Formula Values('0912P3A65$500EEO',1,0,0,'CPFFormula1','EE','T4','','','',0,0);
Insert into Formula Values('0912P3A65$500EEA',1,0,0,'CPFFormula1','EE','T4','','','',0,0);
Insert into Formula Values('0912P3A65$750ERO',1,0,0,'CPFFormula1','ER','T4','','','',0,0);
Insert into Formula Values('0912P3A65$750ERA',1,0,0,'CPFFormula1','ER','T4','','','',0,0);
Insert into Formula Values('0912P3A65$750EEO',1,0,0,'CPFFormula1','EE','T4','','','',0,0);
Insert into Formula Values('0912P3A65$750EEA',1,0,0,'CPFFormula1','EE','T4','','','',0,0);
Insert into Formula Values('0912P3A65$1200ERO',1,0,0,'CPFFormula1','ER','T4','','','',0,0);
Insert into Formula Values('0912P3A65$1200ERA',1,0,0,'CPFFormula1','ER','T4','','','',0,0);
Insert into Formula Values('0912P3A65$1200EEO',1,0,0,'CPFFormula1','EE','T4','','','',0,0);
Insert into Formula Values('0912P3A65$1200EEA',1,0,0,'CPFFormula1','EE','T4','','','',0,0);
Insert into Formula Values('0912P3A65$1500ERO',1,0,0,'CPFFormula1','ER','T3','','','',0,0);
Insert into Formula Values('0912P3A65$1500ERA',1,0,0,'CPFFormula1','ER','T3','','','',0,0);
Insert into Formula Values('0912P3A65$1500EEO',1,0,0,'CPFFormula1','EE','T3','','','',0,0);
Insert into Formula Values('0912P3A65$1500EEA',1,0,0,'CPFFormula1','EE','T3','','','',0,0);
Insert into FormulaRange Values('0912P3A0$0ERO',1,0,0,'(C1/100)*K2;',0,0,0,0,0,'CPFWage','OrdWage','AddWage','','','','','','','','','','','','','','','','','','','','','','','','','','','','','','','',''       );
Insert into FormulaRange Values('0912P3A0$0ERA',1,0,0,'(C1/100)*K3;',0,0,0,0,0,'CPFWage','OrdWage','AddWage','','','','','','','','','','','','','','','','','','','','','','','','','','','','','','','',''       );
Insert into FormulaRange Values('0912P3A0$0EEO',1,0,0,'(C1/100)*K2;',0,0,0,0,0,'CPFWage','OrdWage','AddWage','','','','','','','','','','','','','','','','','','','','','','','','','','','','','','','',''       );
Insert into FormulaRange Values('0912P3A0$0EEA',1,0,0,'(C1/100)*K3;',0,0,0,0,0,'CPFWage','OrdWage','AddWage','','','','','','','','','','','','','','','','','','','','','','','','','','','','','','','',''       );
Insert into FormulaRange Values('0912P3A0$50ERO',1,0,0,'(C1/100)*K2;',16,0,0,0,0,'CPFWage','OrdWage','AddWage','','','','','','','','','','','','','','','','','','','','','','','','','','','','','','','',''       );
Insert into FormulaRange Values('0912P3A0$50ERA',1,0,0,'(C1/100)*K3;',16,0,0,0,0,'CPFWage','OrdWage','AddWage','','','','','','','','','','','','','','','','','','','','','','','','','','','','','','','',''       );
Insert into FormulaRange Values('0912P3A0$50EEO',1,0,0,'(C1/100)*K2;',0,0,0,0,0,'CPFWage','OrdWage','AddWage','','','','','','','','','','','','','','','','','','','','','','','','','','','','','','','',''       );
Insert into FormulaRange Values('0912P3A0$50EEA',1,0,0,'(C1/100)*K3;',0,0,0,0,0,'CPFWage','OrdWage','AddWage','','','','','','','','','','','','','','','','','','','','','','','','','','','','','','','',''       );
Insert into FormulaRange Values('0912P3A0$500ERO',1,0,0,'(C1/100)*K2;',16,0,0,0,0,'CPFWage','OrdWage','AddWage','','','','','','','','','','','','','','','','','','','','','','','','','','','','','','','',''       );
Insert into FormulaRange Values('0912P3A0$500ERA',1,0,0,'(C1/100)*K3;',16,0,0,0,0,'CPFWage','OrdWage','AddWage','','','','','','','','','','','','','','','','','','','','','','','','','','','','','','','',''       );
Insert into FormulaRange Values('0912P3A0$500EEO',1,0,0,'(K2/K1)*(C1 * (K1 - C2) + C3);',0.48,500,0,0,0,'CPFWage','OrdWage','AddWage','','','','','','','','','','','','','','','','','','','','','','','','','','','','','','','',''       );
Insert into FormulaRange Values('0912P3A0$500EEA',1,0,0,'(K3/K1)*(C1 * (K1 - C2) + C3);',0.48,500,0,0,0,'CPFWage','OrdWage','AddWage','','','','','','','','','','','','','','','','','','','','','','','','','','','','','','','',''       );
Insert into FormulaRange Values('0912P3A0$750ERO',1,0,0,'(C1/100)*K2;',16,0,0,0,0,'CPFWage','OrdWage','AddWage','','','','','','','','','','','','','','','','','','','','','','','','','','','','','','','',''       );
Insert into FormulaRange Values('0912P3A0$750ERA',1,0,0,'(C1/100)*K3;',16,0,0,0,0,'CPFWage','OrdWage','AddWage','','','','','','','','','','','','','','','','','','','','','','','','','','','','','','','',''       );
Insert into FormulaRange Values('0912P3A0$750EEO',1,0,0,'(K2/K1)*(C1 * (K1 - C2) + C3);',0.24,750,120,0,0,'CPFWage','OrdWage','AddWage','','','','','','','','','','','','','','','','','','','','','','','','','','','','','','','',''       );
Insert into FormulaRange Values('0912P3A0$750EEA',1,0,0,'(K3/K1)*(C1 * (K1 - C2) + C3);',0.24,750,120,0,0,'CPFWage','OrdWage','AddWage','','','','','','','','','','','','','','','','','','','','','','','','','','','','','','','',''       );
Insert into FormulaRange Values('0912P3A0$1200ERO',1,0,0,'(C1/100)*K2;',16,0,0,0,0,'CPFWage','OrdWage','AddWage','','','','','','','','','','','','','','','','','','','','','','','','','','','','','','','',''       );
Insert into FormulaRange Values('0912P3A0$1200ERA',1,0,0,'(C1/100)*K3;',16,0,0,0,0,'CPFWage','OrdWage','AddWage','','','','','','','','','','','','','','','','','','','','','','','','','','','','','','','',''       );
Insert into FormulaRange Values('0912P3A0$1200EEO',1,0,0,'(K2/K1)*(C1 * (K1 - C2) + C3);',0.24,750,120,0,0,'CPFWage','OrdWage','AddWage','','','','','','','','','','','','','','','','','','','','','','','','','','','','','','','',''       );
Insert into FormulaRange Values('0912P3A0$1200EEA',1,0,0,'(K3/K1)*(C1 * (K1 - C2) + C3);',0.24,750,120,0,0,'CPFWage','OrdWage','AddWage','','','','','','','','','','','','','','','','','','','','','','','','','','','','','','','',''       );
Insert into FormulaRange Values('0912P3A0$1500ERO',1,0,0,'@MAX( (C1/100)*K2 , C2 );',16,800,0,0,0,'CPFWage','OrdWage','AddWage','','','','','','','','','','','','','','','','','','','','','','','','','','','','','','','',''       );
Insert into FormulaRange Values('0912P3A0$1500ERA',1,0,0,' (C1/100)*K3;',16,0,0,0,0,'CPFWage','OrdWage','AddWage','','','','','','','','','','','','','','','','','','','','','','','','','','','','','','','',''       );
Insert into FormulaRange Values('0912P3A0$1500EEO',1,0,0,'@MAX( (C1/100)*K2 , C2 );',20,1000,0,0,0,'CPFWage','OrdWage','AddWage','','','','','','','','','','','','','','','','','','','','','','','','','','','','','','','',''       );
Insert into FormulaRange Values('0912P3A0$1500EEA',1,0,0,' (C1/100)*K3;',20,0,0,0,0,'CPFWage','OrdWage','AddWage','','','','','','','','','','','','','','','','','','','','','','','','','','','','','','','',''       );
Insert into FormulaRange Values('0912P3A35$0ERO',1,0,0,'(C1/100)*K2;',0,0,0,0,0,'CPFWage','OrdWage','AddWage','','','','','','','','','','','','','','','','','','','','','','','','','','','','','','','',''       );
Insert into FormulaRange Values('0912P3A35$0ERA',1,0,0,'(C1/100)*K3;',0,0,0,0,0,'CPFWage','OrdWage','AddWage','','','','','','','','','','','','','','','','','','','','','','','','','','','','','','','',''       );
Insert into FormulaRange Values('0912P3A35$0EEO',1,0,0,'(C1/100)*K2;',0,0,0,0,0,'CPFWage','OrdWage','AddWage','','','','','','','','','','','','','','','','','','','','','','','','','','','','','','','',''       );
Insert into FormulaRange Values('0912P3A35$0EEA',1,0,0,'(C1/100)*K3;',0,0,0,0,0,'CPFWage','OrdWage','AddWage','','','','','','','','','','','','','','','','','','','','','','','','','','','','','','','',''       );
Insert into FormulaRange Values('0912P3A35$50ERO',1,0,0,'(K2/K1)*(C1 * (K1 - C2) + C3);',0.1063,50,0,0,0,'CPFWage','OrdWage','AddWage','','','','','','','','','','','','','','','','','','','','','','','','','','','','','','','',''       );
Insert into FormulaRange Values('0912P3A35$50ERA',1,0,0,'(K3/K1)*(C1 * (K1 - C2) + C3);',0.1063,50,0,0,0,'CPFWage','OrdWage','AddWage','','','','','','','','','','','','','','','','','','','','','','','','','','','','','','','',''       );
Insert into FormulaRange Values('0912P3A35$50EEO',1,0,0,'(C1/100)*K2;',0,0,0,0,0,'CPFWage','OrdWage','AddWage','','','','','','','','','','','','','','','','','','','','','','','','','','','','','','','',''       );
Insert into FormulaRange Values('0912P3A35$50EEA',1,0,0,'(C1/100)*K3;',0,0,0,0,0,'CPFWage','OrdWage','AddWage','','','','','','','','','','','','','','','','','','','','','','','','','','','','','','','',''       );
Insert into FormulaRange Values('0912P3A35$500ERO',1,0,0,'(K2/K1)*(C1 * (K1 - C2) + C3);',0.1063,50,0,0,0,'CPFWage','OrdWage','AddWage','','','','','','','','','','','','','','','','','','','','','','','','','','','','','','','',''       );
Insert into FormulaRange Values('0912P3A35$500ERA',1,0,0,'(K3/K1)*(C1 * (K1 - C2) + C3);',0.1063,50,0,0,0,'CPFWage','OrdWage','AddWage','','','','','','','','','','','','','','','','','','','','','','','','','','','','','','','',''       );
Insert into FormulaRange Values('0912P3A35$500EEO',1,0,0,'(K2/K1)*(C1 * (K1 - C2) + C3);',0.48,500,0,0,0,'CPFWage','OrdWage','AddWage','','','','','','','','','','','','','','','','','','','','','','','','','','','','','','','',''       );
Insert into FormulaRange Values('0912P3A35$500EEA',1,0,0,'(K3/K1)*(C1 * (K1 - C2) + C3);',0.48,500,0,0,0,'CPFWage','OrdWage','AddWage','','','','','','','','','','','','','','','','','','','','','','','','','','','','','','','',''       );
Insert into FormulaRange Values('0912P3A35$750ERO',1,0,0,'(K2/K1)*(C1 * (K1 - C2) + C3);',0.2171,750,74.475,0,0,'CPFWage','OrdWage','AddWage','','','','','','','','','','','','','','','','','','','','','','','','','','','','','','','',''       );
Insert into FormulaRange Values('0912P3A35$750ERA',1,0,0,'(K3/K1)*(C1 * (K1 - C2) + C3);',0.2171,750,74.475,0,0,'CPFWage','OrdWage','AddWage','','','','','','','','','','','','','','','','','','','','','','','','','','','','','','','',''       );
Insert into FormulaRange Values('0912P3A35$750EEO',1,0,0,'(K2/K1)*(C1 * (K1 - C2) + C3);',0.24,750,120,0,0,'CPFWage','OrdWage','AddWage','','','','','','','','','','','','','','','','','','','','','','','','','','','','','','','',''       );
Insert into FormulaRange Values('0912P3A35$750EEA',1,0,0,'(K3/K1)*(C1 * (K1 - C2) + C3);',0.24,750,120,0,0,'CPFWage','OrdWage','AddWage','','','','','','','','','','','','','','','','','','','','','','','','','','','','','','','',''       );
Insert into FormulaRange Values('0912P3A35$1200ERO',1,0,0,'(K2/K1)*(C1 * (K1 - C2) + C3);',0.226,1200,172.2,0,0,'CPFWage','OrdWage','AddWage','','','','','','','','','','','','','','','','','','','','','','','','','','','','','','','',''       );
Insert into FormulaRange Values('0912P3A35$1200ERA',1,0,0,'(K3/K1)*(C1 * (K1 - C2) + C3);',0.226,1200,172.2,0,0,'CPFWage','OrdWage','AddWage','','','','','','','','','','','','','','','','','','','','','','','','','','','','','','','',''       );
Insert into FormulaRange Values('0912P3A35$1200EEO',1,0,0,'(K2/K1)*(C1 * (K1 - C2) + C3);',0.24,750,120,0,0,'CPFWage','OrdWage','AddWage','','','','','','','','','','','','','','','','','','','','','','','','','','','','','','','',''       );
Insert into FormulaRange Values('0912P3A35$1200EEA',1,0,0,'(K3/K1)*(C1 * (K1 - C2) + C3);',0.24,750,120,0,0,'CPFWage','OrdWage','AddWage','','','','','','','','','','','','','','','','','','','','','','','','','','','','','','','',''       );
Insert into FormulaRange Values('0912P3A35$1500ERO',1,0,0,'@MAX( (C1/100)*K2 , C2 );',16,800,0,0,0,'CPFWage','OrdWage','AddWage','','','','','','','','','','','','','','','','','','','','','','','','','','','','','','','',''       );
Insert into FormulaRange Values('0912P3A35$1500ERA',1,0,0,' (C1/100)*K3;',16,0,0,0,0,'CPFWage','OrdWage','AddWage','','','','','','','','','','','','','','','','','','','','','','','','','','','','','','','',''       );
Insert into FormulaRange Values('0912P3A35$1500EEO',1,0,0,'@MAX( (C1/100)*K2 , C2 );',20,1000,0,0,0,'CPFWage','OrdWage','AddWage','','','','','','','','','','','','','','','','','','','','','','','','','','','','','','','',''       );
Insert into FormulaRange Values('0912P3A35$1500EEA',1,0,0,' (C1/100)*K3;',20,0,0,0,0,'CPFWage','OrdWage','AddWage','','','','','','','','','','','','','','','','','','','','','','','','','','','','','','','',''       );
Insert into FormulaRange Values('0912P3A50$0ERO',1,0,0,'(C1/100)*K2;',0,0,0,0,0,'CPFWage','OrdWage','AddWage','','','','','','','','','','','','','','','','','','','','','','','','','','','','','','','',''       );
Insert into FormulaRange Values('0912P3A50$0ERA',1,0,0,'(C1/100)*K3;',0,0,0,0,0,'CPFWage','OrdWage','AddWage','','','','','','','','','','','','','','','','','','','','','','','','','','','','','','','',''       );
Insert into FormulaRange Values('0912P3A50$0EEO',1,0,0,'(C1/100)*K2;',0,0,0,0,0,'CPFWage','OrdWage','AddWage','','','','','','','','','','','','','','','','','','','','','','','','','','','','','','','',''       );
Insert into FormulaRange Values('0912P3A50$0EEA',1,0,0,'(C1/100)*K3;',0,0,0,0,0,'CPFWage','OrdWage','AddWage','','','','','','','','','','','','','','','','','','','','','','','','','','','','','','','',''       );
Insert into FormulaRange Values('0912P3A50$50ERO',1,0,0,'(K2/K1)*(C1 * (K1 - C2) + C3);',0.093,50,0,0,0,'CPFWage','OrdWage','AddWage','','','','','','','','','','','','','','','','','','','','','','','','','','','','','','','',''       );
Insert into FormulaRange Values('0912P3A50$50ERA',1,0,0,'(K3/K1)*(C1 * (K1 - C2) + C3);',0.093,50,0,0,0,'CPFWage','OrdWage','AddWage','','','','','','','','','','','','','','','','','','','','','','','','','','','','','','','',''       );
Insert into FormulaRange Values('0912P3A50$50EEO',1,0,0,'(C1/100)*K2;',0,0,0,0,0,'CPFWage','OrdWage','AddWage','','','','','','','','','','','','','','','','','','','','','','','','','','','','','','','',''       );
Insert into FormulaRange Values('0912P3A50$50EEA',1,0,0,'(C1/100)*K3;',0,0,0,0,0,'CPFWage','OrdWage','AddWage','','','','','','','','','','','','','','','','','','','','','','','','','','','','','','','',''       );
Insert into FormulaRange Values('0912P3A50$500ERO',1,0,0,'(K2/K1)*(C1 * (K1 - C2) + C3);',0.093,50,0,0,0,'CPFWage','OrdWage','AddWage','','','','','','','','','','','','','','','','','','','','','','','','','','','','','','','',''       );
Insert into FormulaRange Values('0912P3A50$500ERA',1,0,0,'(K3/K1)*(C1 * (K1 - C2) + C3);',0.093,50,0,0,0,'CPFWage','OrdWage','AddWage','','','','','','','','','','','','','','','','','','','','','','','','','','','','','','','',''       );
Insert into FormulaRange Values('0912P3A50$500EEO',1,0,0,'(K2/K1)*(C1 * (K1 - C2) + C3);',0.444,500,0,0,0,'CPFWage','OrdWage','AddWage','','','','','','','','','','','','','','','','','','','','','','','','','','','','','','','',''       );
Insert into FormulaRange Values('0912P3A50$500EEA',1,0,0,'(K3/K1)*(C1 * (K1 - C2) + C3);',0.444,500,0,0,0,'CPFWage','OrdWage','AddWage','','','','','','','','','','','','','','','','','','','','','','','','','','','','','','','',''       );
Insert into FormulaRange Values('0912P3A50$750ERO',1,0,0,'(K2/K1)*(C1 * (K1 - C2) + C3);',0.1756,750,65.1,0,0,'CPFWage','OrdWage','AddWage','','','','','','','','','','','','','','','','','','','','','','','','','','','','','','','',''       );
Insert into FormulaRange Values('0912P3A50$750ERA',1,0,0,'(K3/K1)*(C1 * (K1 - C2) + C3);',0.1756,750,65.1,0,0,'CPFWage','OrdWage','AddWage','','','','','','','','','','','','','','','','','','','','','','','','','','','','','','','',''       );
Insert into FormulaRange Values('0912P3A50$750EEO',1,0,0,'(K2/K1)*(C1 * (K1 - C2) + C3);',0.222,750,111,0,0,'CPFWage','OrdWage','AddWage','','','','','','','','','','','','','','','','','','','','','','','','','','','','','','','',''       );
Insert into FormulaRange Values('0912P3A50$750EEA',1,0,0,'(K3/K1)*(C1 * (K1 - C2) + C3);',0.222,750,111,0,0,'CPFWage','OrdWage','AddWage','','','','','','','','','','','','','','','','','','','','','','','','','','','','','','','',''       );
Insert into FormulaRange Values('0912P3A50$1200ERO',1,0,0,'(K2/K1)*(C1 * (K1 - C2) + C3);',0.2196,1200,144.12,0,0,'CPFWage','OrdWage','AddWage','','','','','','','','','','','','','','','','','','','','','','','','','','','','','','','',''       );
Insert into FormulaRange Values('0912P3A50$1200ERA',1,0,0,'(K3/K1)*(C1 * (K1 - C2) + C3);',0.2196,1200,144.12,0,0,'CPFWage','OrdWage','AddWage','','','','','','','','','','','','','','','','','','','','','','','','','','','','','','','',''       );
Insert into FormulaRange Values('0912P3A50$1200EEO',1,0,0,'(K2/K1)*(C1 * (K1 - C2) + C3);',0.222,750,111,0,0,'CPFWage','OrdWage','AddWage','','','','','','','','','','','','','','','','','','','','','','','','','','','','','','','',''       );
Insert into FormulaRange Values('0912P3A50$1200EEA',1,0,0,'(K3/K1)*(C1 * (K1 - C2) + C3);',0.222,750,111,0,0,'CPFWage','OrdWage','AddWage','','','','','','','','','','','','','','','','','','','','','','','','','','','','','','','',''       );
Insert into FormulaRange Values('0912P3A50$1500ERO',1,0,0,'@MAX( (C1/100)*K2 , C2 );',14,700,0,0,0,'CPFWage','OrdWage','AddWage','','','','','','','','','','','','','','','','','','','','','','','','','','','','','','','',''       );
Insert into FormulaRange Values('0912P3A50$1500ERA',1,0,0,' (C1/100)*K3;',14,0,0,0,0,'CPFWage','OrdWage','AddWage','','','','','','','','','','','','','','','','','','','','','','','','','','','','','','','',''       );
Insert into FormulaRange Values('0912P3A50$1500EEO',1,0,0,'@MAX( (C1/100)*K2 , C2 );',18.5,925,0,0,0,'CPFWage','OrdWage','AddWage','','','','','','','','','','','','','','','','','','','','','','','','','','','','','','','',''       );
Insert into FormulaRange Values('0912P3A50$1500EEA',1,0,0,' (C1/100)*K3;',18.5,0,0,0,0,'CPFWage','OrdWage','AddWage','','','','','','','','','','','','','','','','','','','','','','','','','','','','','','','',''       );
Insert into FormulaRange Values('0912P3A55$0ERO',1,0,0,'(C1/100)*K2;',0,0,0,0,0,'CPFWage','OrdWage','AddWage','','','','','','','','','','','','','','','','','','','','','','','','','','','','','','','',''       );
Insert into FormulaRange Values('0912P3A55$0ERA',1,0,0,'(C1/100)*K3;',0,0,0,0,0,'CPFWage','OrdWage','AddWage','','','','','','','','','','','','','','','','','','','','','','','','','','','','','','','',''       );
Insert into FormulaRange Values('0912P3A55$0EEO',1,0,0,'(C1/100)*K2;',0,0,0,0,0,'CPFWage','OrdWage','AddWage','','','','','','','','','','','','','','','','','','','','','','','','','','','','','','','',''       );
Insert into FormulaRange Values('0912P3A55$0EEA',1,0,0,'(C1/100)*K3;',0,0,0,0,0,'CPFWage','OrdWage','AddWage','','','','','','','','','','','','','','','','','','','','','','','','','','','','','','','',''       );
Insert into FormulaRange Values('0912P3A55$50ERO',1,0,0,'(K2/K1)*(C1 * (K1 - C2) + C3);',0.0697,50,0,0,0,'CPFWage','OrdWage','AddWage','','','','','','','','','','','','','','','','','','','','','','','','','','','','','','','',''       );
Insert into FormulaRange Values('0912P3A55$50ERA',1,0,0,'(K3/K1)*(C1 * (K1 - C2) + C3);',0.0697,50,0,0,0,'CPFWage','OrdWage','AddWage','','','','','','','','','','','','','','','','','','','','','','','','','','','','','','','',''       );
Insert into FormulaRange Values('0912P3A55$50EEO',1,0,0,'(C1/100)*K2;',0,0,0,0,0,'CPFWage','OrdWage','AddWage','','','','','','','','','','','','','','','','','','','','','','','','','','','','','','','',''       );
Insert into FormulaRange Values('0912P3A55$50EEA',1,0,0,'(C1/100)*K3;',0,0,0,0,0,'CPFWage','OrdWage','AddWage','','','','','','','','','','','','','','','','','','','','','','','','','','','','','','','',''       );
Insert into FormulaRange Values('0912P3A55$500ERO',1,0,0,'(K2/K1)*(C1 * (K1 - C2) + C3);',0.0697,50,0,0,0,'CPFWage','OrdWage','AddWage','','','','','','','','','','','','','','','','','','','','','','','','','','','','','','','',''       );
Insert into FormulaRange Values('0912P3A55$500ERA',1,0,0,'(K3/K1)*(C1 * (K1 - C2) + C3);',0.0697,50,0,0,0,'CPFWage','OrdWage','AddWage','','','','','','','','','','','','','','','','','','','','','','','','','','','','','','','',''       );
Insert into FormulaRange Values('0912P3A55$500EEO',1,0,0,'(K2/K1)*(C1 * (K1 - C2) + C3);',0.312,500,0,0,0,'CPFWage','OrdWage','AddWage','','','','','','','','','','','','','','','','','','','','','','','','','','','','','','','',''       );
Insert into FormulaRange Values('0912P3A55$500EEA',1,0,0,'(K3/K1)*(C1 * (K1 - C2) + C3);',0.312,500,0,0,0,'CPFWage','OrdWage','AddWage','','','','','','','','','','','','','','','','','','','','','','','','','','','','','','','',''       );
Insert into FormulaRange Values('0912P3A55$750ERO',1,0,0,'(K2/K1)*(C1 * (K1 - C2) + C3);',0.1155,750,48.825,0,0,'CPFWage','OrdWage','AddWage','','','','','','','','','','','','','','','','','','','','','','','','','','','','','','','',''       );
Insert into FormulaRange Values('0912P3A55$750ERA',1,0,0,'(K3/K1)*(C1 * (K1 - C2) + C3);',0.1155,750,48.825,0,0,'CPFWage','OrdWage','AddWage','','','','','','','','','','','','','','','','','','','','','','','','','','','','','','','',''       );
Insert into FormulaRange Values('0912P3A55$750EEO',1,0,0,'(K2/K1)*(C1 * (K1 - C2) + C3);',0.156,750,78,0,0,'CPFWage','OrdWage','AddWage','','','','','','','','','','','','','','','','','','','','','','','','','','','','','','','',''       );
Insert into FormulaRange Values('0912P3A55$750EEA',1,0,0,'(K3/K1)*(C1 * (K1 - C2) + C3);',0.156,750,78,0,0,'CPFWage','OrdWage','AddWage','','','','','','','','','','','','','','','','','','','','','','','','','','','','','','','',''       );
Insert into FormulaRange Values('0912P3A55$1200ERO',1,0,0,'(K2/K1)*(C1 * (K1 - C2) + C3);',0.189,1200,100.8,0,0,'CPFWage','OrdWage','AddWage','','','','','','','','','','','','','','','','','','','','','','','','','','','','','','','',''       );
Insert into FormulaRange Values('0912P3A55$1200ERA',1,0,0,'(K3/K1)*(C1 * (K1 - C2) + C3);',0.189,1200,100.8,0,0,'CPFWage','OrdWage','AddWage','','','','','','','','','','','','','','','','','','','','','','','','','','','','','','','',''       );
Insert into FormulaRange Values('0912P3A55$1200EEO',1,0,0,'(K2/K1)*(C1 * (K1 - C2) + C3);',0.156,750,78,0,0,'CPFWage','OrdWage','AddWage','','','','','','','','','','','','','','','','','','','','','','','','','','','','','','','',''       );
Insert into FormulaRange Values('0912P3A55$1200EEA',1,0,0,'(K3/K1)*(C1 * (K1 - C2) + C3);',0.156,750,78,0,0,'CPFWage','OrdWage','AddWage','','','','','','','','','','','','','','','','','','','','','','','','','','','','','','','',''       );
Insert into FormulaRange Values('0912P3A55$1500ERO',1,0,0,'@MAX( (C1/100)*K2 , C2 );',10.5,525,0,0,0,'CPFWage','OrdWage','AddWage','','','','','','','','','','','','','','','','','','','','','','','','','','','','','','','',''       );
Insert into FormulaRange Values('0912P3A55$1500ERA',1,0,0,' (C1/100)*K3;',10.5,0,0,0,0,'CPFWage','OrdWage','AddWage','','','','','','','','','','','','','','','','','','','','','','','','','','','','','','','',''       );
Insert into FormulaRange Values('0912P3A55$1500EEO',1,0,0,'@MAX( (C1/100)*K2 , C2 );',13,650,0,0,0,'CPFWage','OrdWage','AddWage','','','','','','','','','','','','','','','','','','','','','','','','','','','','','','','',''       );
Insert into FormulaRange Values('0912P3A55$1500EEA',1,0,0,' (C1/100)*K3;',13,0,0,0,0,'CPFWage','OrdWage','AddWage','','','','','','','','','','','','','','','','','','','','','','','','','','','','','','','',''       );
Insert into FormulaRange Values('0912P3A60$0ERO',1,0,0,'(C1/100)*K2;',0,0,0,0,0,'CPFWage','OrdWage','AddWage','','','','','','','','','','','','','','','','','','','','','','','','','','','','','','','',''       );
Insert into FormulaRange Values('0912P3A60$0ERA',1,0,0,'(C1/100)*K3;',0,0,0,0,0,'CPFWage','OrdWage','AddWage','','','','','','','','','','','','','','','','','','','','','','','','','','','','','','','',''       );
Insert into FormulaRange Values('0912P3A60$0EEO',1,0,0,'(C1/100)*K2;',0,0,0,0,0,'CPFWage','OrdWage','AddWage','','','','','','','','','','','','','','','','','','','','','','','','','','','','','','','',''       );
Insert into FormulaRange Values('0912P3A60$0EEA',1,0,0,'(C1/100)*K3;',0,0,0,0,0,'CPFWage','OrdWage','AddWage','','','','','','','','','','','','','','','','','','','','','','','','','','','','','','','',''       );
Insert into FormulaRange Values('0912P3A60$50ERO',1,0,0,'(K2/K1)*(C1 * (K1 - C2) + C3);',0.0465,50,0,0,0,'CPFWage','OrdWage','AddWage','','','','','','','','','','','','','','','','','','','','','','','','','','','','','','','',''       );
Insert into FormulaRange Values('0912P3A60$50ERA',1,0,0,'(K3/K1)*(C1 * (K1 - C2) + C3);',0.0465,50,0,0,0,'CPFWage','OrdWage','AddWage','','','','','','','','','','','','','','','','','','','','','','','','','','','','','','','',''       );
Insert into FormulaRange Values('0912P3A60$50EEO',1,0,0,'(C1/100)*K2;',0,0,0,0,0,'CPFWage','OrdWage','AddWage','','','','','','','','','','','','','','','','','','','','','','','','','','','','','','','',''       );
Insert into FormulaRange Values('0912P3A60$50EEA',1,0,0,'(C1/100)*K3;',0,0,0,0,0,'CPFWage','OrdWage','AddWage','','','','','','','','','','','','','','','','','','','','','','','','','','','','','','','',''       );
Insert into FormulaRange Values('0912P3A60$500ERO',1,0,0,'(K2/K1)*(C1 * (K1 - C2) + C3);',0.0465,50,0,0,0,'CPFWage','OrdWage','AddWage','','','','','','','','','','','','','','','','','','','','','','','','','','','','','','','',''       );
Insert into FormulaRange Values('0912P3A60$500ERA',1,0,0,'(K3/K1)*(C1 * (K1 - C2) + C3);',0.0465,50,0,0,0,'CPFWage','OrdWage','AddWage','','','','','','','','','','','','','','','','','','','','','','','','','','','','','','','',''       );
Insert into FormulaRange Values('0912P3A60$500EEO',1,0,0,'(K2/K1)*(C1 * (K1 - C2) + C3);',0.18,500,0,0,0,'CPFWage','OrdWage','AddWage','','','','','','','','','','','','','','','','','','','','','','','','','','','','','','','',''       );
Insert into FormulaRange Values('0912P3A60$500EEA',1,0,0,'(K3/K1)*(C1 * (K1 - C2) + C3);',0.18,500,0,0,0,'CPFWage','OrdWage','AddWage','','','','','','','','','','','','','','','','','','','','','','','','','','','','','','','',''       );
Insert into FormulaRange Values('0912P3A60$750ERO',1,0,0,'(K2/K1)*(C1 * (K1 - C2) + C3);',0.0583,750,32.55,0,0,'CPFWage','OrdWage','AddWage','','','','','','','','','','','','','','','','','','','','','','','','','','','','','','','',''       );
Insert into FormulaRange Values('0912P3A60$750ERA',1,0,0,'(K3/K1)*(C1 * (K1 - C2) + C3);',0.0583,750,32.55,0,0,'CPFWage','OrdWage','AddWage','','','','','','','','','','','','','','','','','','','','','','','','','','','','','','','',''       );
Insert into FormulaRange Values('0912P3A60$750EEO',1,0,0,'(K2/K1)*(C1 * (K1 - C2) + C3);',0.09,750,45,0,0,'CPFWage','OrdWage','AddWage','','','','','','','','','','','','','','','','','','','','','','','','','','','','','','','',''       );
Insert into FormulaRange Values('0912P3A60$750EEA',1,0,0,'(K3/K1)*(C1 * (K1 - C2) + C3);',0.09,750,45,0,0,'CPFWage','OrdWage','AddWage','','','','','','','','','','','','','','','','','','','','','','','','','','','','','','','',''       );
Insert into FormulaRange Values('0912P3A60$1200ERO',1,0,0,'(K2/K1)*(C1 * (K1 - C2) + C3);',0.154,1200,58.8,0,0,'CPFWage','OrdWage','AddWage','','','','','','','','','','','','','','','','','','','','','','','','','','','','','','','',''       );
Insert into FormulaRange Values('0912P3A60$1200ERA',1,0,0,'(K3/K1)*(C1 * (K1 - C2) + C3);',0.154,1200,58.8,0,0,'CPFWage','OrdWage','AddWage','','','','','','','','','','','','','','','','','','','','','','','','','','','','','','','',''       );
Insert into FormulaRange Values('0912P3A60$1200EEO',1,0,0,'(K2/K1)*(C1 * (K1 - C2) + C3);',0.09,750,45,0,0,'CPFWage','OrdWage','AddWage','','','','','','','','','','','','','','','','','','','','','','','','','','','','','','','',''       );
Insert into FormulaRange Values('0912P3A60$1200EEA',1,0,0,'(K3/K1)*(C1 * (K1 - C2) + C3);',0.09,750,45,0,0,'CPFWage','OrdWage','AddWage','','','','','','','','','','','','','','','','','','','','','','','','','','','','','','','',''       );
Insert into FormulaRange Values('0912P3A60$1500ERO',1,0,0,'@MAX( (C1/100)*K2 , C2 );',7,350,0,0,0,'CPFWage','OrdWage','AddWage','','','','','','','','','','','','','','','','','','','','','','','','','','','','','','','',''       );
Insert into FormulaRange Values('0912P3A60$1500ERA',1,0,0,' (C1/100)*K3;',7,0,0,0,0,'CPFWage','OrdWage','AddWage','','','','','','','','','','','','','','','','','','','','','','','','','','','','','','','',''       );
Insert into FormulaRange Values('0912P3A60$1500EEO',1,0,0,'@MAX( (C1/100)*K2 , C2 );',7.5,375,0,0,0,'CPFWage','OrdWage','AddWage','','','','','','','','','','','','','','','','','','','','','','','','','','','','','','','',''       );
Insert into FormulaRange Values('0912P3A60$1500EEA',1,0,0,' (C1/100)*K3;',7.5,0,0,0,0,'CPFWage','OrdWage','AddWage','','','','','','','','','','','','','','','','','','','','','','','','','','','','','','','',''       );
Insert into FormulaRange Values('0912P3A65$0ERO',1,0,0,'(C1/100)*K2;',0,0,0,0,0,'CPFWage','OrdWage','AddWage','','','','','','','','','','','','','','','','','','','','','','','','','','','','','','','',''       );
Insert into FormulaRange Values('0912P3A65$0ERA',1,0,0,'(C1/100)*K3;',0,0,0,0,0,'CPFWage','OrdWage','AddWage','','','','','','','','','','','','','','','','','','','','','','','','','','','','','','','',''       );
Insert into FormulaRange Values('0912P3A65$0EEO',1,0,0,'(C1/100)*K2;',0,0,0,0,0,'CPFWage','OrdWage','AddWage','','','','','','','','','','','','','','','','','','','','','','','','','','','','','','','',''       );
Insert into FormulaRange Values('0912P3A65$0EEA',1,0,0,'(C1/100)*K3;',0,0,0,0,0,'CPFWage','OrdWage','AddWage','','','','','','','','','','','','','','','','','','','','','','','','','','','','','','','',''       );
Insert into FormulaRange Values('0912P3A65$50ERO',1,0,0,'(K2/K1)*(C1 * (K1 - C2) + C3);',0.0431,50,0,0,0,'CPFWage','OrdWage','AddWage','','','','','','','','','','','','','','','','','','','','','','','','','','','','','','','',''       );
Insert into FormulaRange Values('0912P3A65$50ERA',1,0,0,'(K3/K1)*(C1 * (K1 - C2) + C3);',0.0431,50,0,0,0,'CPFWage','OrdWage','AddWage','','','','','','','','','','','','','','','','','','','','','','','','','','','','','','','',''       );
Insert into FormulaRange Values('0912P3A65$50EEO',1,0,0,'(C1/100)*K2;',0,0,0,0,0,'CPFWage','OrdWage','AddWage','','','','','','','','','','','','','','','','','','','','','','','','','','','','','','','',''       );
Insert into FormulaRange Values('0912P3A65$50EEA',1,0,0,'(C1/100)*K3;',0,0,0,0,0,'CPFWage','OrdWage','AddWage','','','','','','','','','','','','','','','','','','','','','','','','','','','','','','','',''       );
Insert into FormulaRange Values('0912P3A65$500ERO',1,0,0,'(K2/K1)*(C1 * (K1 - C2) + C3);',0.0431,50,0,0,0,'CPFWage','OrdWage','AddWage','','','','','','','','','','','','','','','','','','','','','','','','','','','','','','','',''       );
Insert into FormulaRange Values('0912P3A65$500ERA',1,0,0,'(K3/K1)*(C1 * (K1 - C2) + C3);',0.0431,50,0,0,0,'CPFWage','OrdWage','AddWage','','','','','','','','','','','','','','','','','','','','','','','','','','','','','','','',''       );
Insert into FormulaRange Values('0912P3A65$500EEO',1,0,0,'(K2/K1)*(C1 * (K1 - C2) + C3);',0.12,500,0,0,0,'CPFWage','OrdWage','AddWage','','','','','','','','','','','','','','','','','','','','','','','','','','','','','','','',''       );
Insert into FormulaRange Values('0912P3A65$500EEA',1,0,0,'(K3/K1)*(C1 * (K1 - C2) + C3);',0.12,500,0,0,0,'CPFWage','OrdWage','AddWage','','','','','','','','','','','','','','','','','','','','','','','','','','','','','','','',''       );
Insert into FormulaRange Values('0912P3A65$750ERO',1,0,0,'(K2/K1)*(C1 * (K1 - C2) + C3);',0.0541,750,30.225,0,0,'CPFWage','OrdWage','AddWage','','','','','','','','','','','','','','','','','','','','','','','','','','','','','','','',''       );
Insert into FormulaRange Values('0912P3A65$750ERA',1,0,0,'(K3/K1)*(C1 * (K1 - C2) + C3);',0.0541,750,30.225,0,0,'CPFWage','OrdWage','AddWage','','','','','','','','','','','','','','','','','','','','','','','','','','','','','','','',''       );
Insert into FormulaRange Values('0912P3A65$750EEO',1,0,0,'(K2/K1)*(C1 * (K1 - C2) + C3);',0.06,750,30,0,0,'CPFWage','OrdWage','AddWage','','','','','','','','','','','','','','','','','','','','','','','','','','','','','','','',''       );
Insert into FormulaRange Values('0912P3A65$750EEA',1,0,0,'(K3/K1)*(C1 * (K1 - C2) + C3);',0.06,750,30,0,0,'CPFWage','OrdWage','AddWage','','','','','','','','','','','','','','','','','','','','','','','','','','','','','','','',''       );
Insert into FormulaRange Values('0912P3A65$1200ERO',1,0,0,'(K2/K1)*(C1 * (K1 - C2) + C3);',0.143,1200,54.6,0,0,'CPFWage','OrdWage','AddWage','','','','','','','','','','','','','','','','','','','','','','','','','','','','','','','',''       );
Insert into FormulaRange Values('0912P3A65$1200ERA',1,0,0,'(K3/K1)*(C1 * (K1 - C2) + C3);',0.143,1200,54.6,0,0,'CPFWage','OrdWage','AddWage','','','','','','','','','','','','','','','','','','','','','','','','','','','','','','','',''       );
Insert into FormulaRange Values('0912P3A65$1200EEO',1,0,0,'(K2/K1)*(C1 * (K1 - C2) + C3);',0.06,750,30,0,0,'CPFWage','OrdWage','AddWage','','','','','','','','','','','','','','','','','','','','','','','','','','','','','','','',''       );
Insert into FormulaRange Values('0912P3A65$1200EEA',1,0,0,'(K3/K1)*(C1 * (K1 - C2) + C3);',0.06,750,30,0,0,'CPFWage','OrdWage','AddWage','','','','','','','','','','','','','','','','','','','','','','','','','','','','','','','',''       );
Insert into FormulaRange Values('0912P3A65$1500ERO',1,0,0,'@MAX( (C1/100)*K2 , C2 );',6.5,325,0,0,0,'CPFWage','OrdWage','AddWage','','','','','','','','','','','','','','','','','','','','','','','','','','','','','','','',''       );
Insert into FormulaRange Values('0912P3A65$1500ERA',1,0,0,' (C1/100)*K3;',6.5,0,0,0,0,'CPFWage','OrdWage','AddWage','','','','','','','','','','','','','','','','','','','','','','','','','','','','','','','',''       );
Insert into FormulaRange Values('0912P3A65$1500EEO',1,0,0,'@MAX( (C1/100)*K2 , C2 );',5,250,0,0,0,'CPFWage','OrdWage','AddWage','','','','','','','','','','','','','','','','','','','','','','','','','','','','','','','',''       );
Insert into FormulaRange Values('0912P3A65$1500EEA',1,0,0,' (C1/100)*K3;',5,0,0,0,0,'CPFWage','OrdWage','AddWage','','','','','','','','','','','','','','','','','','','','','','','','','','','','','','','',''       );
Insert Into  CPFTableComponent Values('0912P3',0,0,'0912P3A0$0EEO','0912P3A0$0ERO',50,35,'0912P3A0$0EEA','0912P3A0$0ERA');
Insert Into  CPFTableComponent Values('0912P3',50,0,'0912P3A0$50EEO','0912P3A0$50ERO',500,35,'0912P3A0$50EEA','0912P3A0$50ERA');
Insert Into  CPFTableComponent Values('0912P3',500,0,'0912P3A0$500EEO','0912P3A0$500ERO',750,35,'0912P3A0$500EEA','0912P3A0$500ERA');
Insert Into  CPFTableComponent Values('0912P3',750,0,'0912P3A0$750EEO','0912P3A0$750ERO',1200,35,'0912P3A0$750EEA','0912P3A0$750ERA');
Insert Into  CPFTableComponent Values('0912P3',1200,0,'0912P3A0$1200EEO','0912P3A0$1200ERO',1500,35,'0912P3A0$1200EEA','0912P3A0$1200ERA');
Insert Into  CPFTableComponent Values('0912P3',1500,0,'0912P3A0$1500EEO','0912P3A0$1500ERO',9999999,35,'0912P3A0$1500EEA','0912P3A0$1500ERA');
Insert Into  CPFTableComponent Values('0912P3',0,35,'0912P3A35$0EEO','0912P3A35$0ERO',50,50,'0912P3A35$0EEA','0912P3A35$0ERA');
Insert Into  CPFTableComponent Values('0912P3',50,35,'0912P3A35$50EEO','0912P3A35$50ERO',500,50,'0912P3A35$50EEA','0912P3A35$50ERA');
Insert Into  CPFTableComponent Values('0912P3',500,35,'0912P3A35$500EEO','0912P3A35$500ERO',750,50,'0912P3A35$500EEA','0912P3A35$500ERA');
Insert Into  CPFTableComponent Values('0912P3',750,35,'0912P3A35$750EEO','0912P3A35$750ERO',1200,50,'0912P3A35$750EEA','0912P3A35$750ERA');
Insert Into  CPFTableComponent Values('0912P3',1200,35,'0912P3A35$1200EEO','0912P3A35$1200ERO',1500,50,'0912P3A35$1200EEA','0912P3A35$1200ERA');
Insert Into  CPFTableComponent Values('0912P3',1500,35,'0912P3A35$1500EEO','0912P3A35$1500ERO',9999999,50,'0912P3A35$1500EEA','0912P3A35$1500ERA');
Insert Into  CPFTableComponent Values('0912P3',0,50,'0912P3A50$0EEO','0912P3A50$0ERO',50,55,'0912P3A50$0EEA','0912P3A50$0ERA');
Insert Into  CPFTableComponent Values('0912P3',50,50,'0912P3A50$50EEO','0912P3A50$50ERO',500,55,'0912P3A50$50EEA','0912P3A50$50ERA');
Insert Into  CPFTableComponent Values('0912P3',500,50,'0912P3A50$500EEO','0912P3A50$500ERO',750,55,'0912P3A50$500EEA','0912P3A50$500ERA');
Insert Into  CPFTableComponent Values('0912P3',750,50,'0912P3A50$750EEO','0912P3A50$750ERO',1200,55,'0912P3A50$750EEA','0912P3A50$750ERA');
Insert Into  CPFTableComponent Values('0912P3',1200,50,'0912P3A50$1200EEO','0912P3A50$1200ERO',1500,55,'0912P3A50$1200EEA','0912P3A50$1200ERA');
Insert Into  CPFTableComponent Values('0912P3',1500,50,'0912P3A50$1500EEO','0912P3A50$1500ERO',9999999,55,'0912P3A50$1500EEA','0912P3A50$1500ERA');
Insert Into  CPFTableComponent Values('0912P3',0,55,'0912P3A55$0EEO','0912P3A55$0ERO',50,60,'0912P3A55$0EEA','0912P3A55$0ERA');
Insert Into  CPFTableComponent Values('0912P3',50,55,'0912P3A55$50EEO','0912P3A55$50ERO',500,60,'0912P3A55$50EEA','0912P3A55$50ERA');
Insert Into  CPFTableComponent Values('0912P3',500,55,'0912P3A55$500EEO','0912P3A55$500ERO',750,60,'0912P3A55$500EEA','0912P3A55$500ERA');
Insert Into  CPFTableComponent Values('0912P3',750,55,'0912P3A55$750EEO','0912P3A55$750ERO',1200,60,'0912P3A55$750EEA','0912P3A55$750ERA');
Insert Into  CPFTableComponent Values('0912P3',1200,55,'0912P3A55$1200EEO','0912P3A55$1200ERO',1500,60,'0912P3A55$1200EEA','0912P3A55$1200ERA');
Insert Into  CPFTableComponent Values('0912P3',1500,55,'0912P3A55$1500EEO','0912P3A55$1500ERO',9999999,60,'0912P3A55$1500EEA','0912P3A55$1500ERA');
Insert Into  CPFTableComponent Values('0912P3',0,60,'0912P3A60$0EEO','0912P3A60$0ERO',50,65,'0912P3A60$0EEA','0912P3A60$0ERA');
Insert Into  CPFTableComponent Values('0912P3',50,60,'0912P3A60$50EEO','0912P3A60$50ERO',500,65,'0912P3A60$50EEA','0912P3A60$50ERA');
Insert Into  CPFTableComponent Values('0912P3',500,60,'0912P3A60$500EEO','0912P3A60$500ERO',750,65,'0912P3A60$500EEA','0912P3A60$500ERA');
Insert Into  CPFTableComponent Values('0912P3',750,60,'0912P3A60$750EEO','0912P3A60$750ERO',1200,65,'0912P3A60$750EEA','0912P3A60$750ERA');
Insert Into  CPFTableComponent Values('0912P3',1200,60,'0912P3A60$1200EEO','0912P3A60$1200ERO',1500,65,'0912P3A60$1200EEA','0912P3A60$1200ERA');
Insert Into  CPFTableComponent Values('0912P3',1500,60,'0912P3A60$1500EEO','0912P3A60$1500ERO',9999999,65,'0912P3A60$1500EEA','0912P3A60$1500ERA');
Insert Into  CPFTableComponent Values('0912P3',0,65,'0912P3A65$0EEO','0912P3A65$0ERO',50,99,'0912P3A65$0EEA','0912P3A65$0ERA');
Insert Into  CPFTableComponent Values('0912P3',50,65,'0912P3A65$50EEO','0912P3A65$50ERO',500,99,'0912P3A65$50EEA','0912P3A65$50ERA');
Insert Into  CPFTableComponent Values('0912P3',500,65,'0912P3A65$500EEO','0912P3A65$500ERO',750,99,'0912P3A65$500EEA','0912P3A65$500ERA');
Insert Into  CPFTableComponent Values('0912P3',750,65,'0912P3A65$750EEO','0912P3A65$750ERO',1200,99,'0912P3A65$750EEA','0912P3A65$750ERA');
Insert Into  CPFTableComponent Values('0912P3',1200,65,'0912P3A65$1200EEO','0912P3A65$1200ERO',1500,99,'0912P3A65$1200EEA','0912P3A65$1200ERA');
Insert Into  CPFTableComponent Values('0912P3',1500,65,'0912P3A65$1500EEO','0912P3A65$1500ERO',9999999,99,'0912P3A65$1500EEA','0912P3A65$1500ERA');


end if;

/*-----------------------------------------------------------------------------------------------------------
	CPF Progression
-----------------------------------------------------------------------------------------------------------*/

Insert into CPFProgression (EmployeeSysId, 
CPFEffectiveDate, 
CPFCareerId,
CPFProgPolicyId, 
CPFProgCurrent, 
CPFProgAccountNo, 
CPFProgSchemeId,
CPFMAWOption,
CPFMAWLimit,
CPFProgRemarks,
CPFMAWPeriodOrdWage,
CPFMedisavePaidByER)
Select CPFProgression.EmployeeSysId, 
'2012-09-01', 
'',
'Year2012Sep', 
0, 
CPFProgAccountNo, 
CPFProgSchemeId,
CPFMAWOption,
CPFMAWLimit,
'',
CPFMAWPeriodOrdWage,
CPFMedisavePaidByER
From PayEmployee join CPFProgression 
On PayEmployee.EmployeeSysId = CPFProgression.EmployeeSysId
Where CPFProgCurrent = 1 and CPFEffectiveDate < '2012-09-01' and CPFProgSchemeId != ''
And (LastPayDate = '1899-12-30' Or LastPayDate >= '2012-09-01')
And Not exists(Select * From CPFProgression as CheckCPF where CheckCPF.CPFEffectiveDate = '2012-09-01' and CheckCPF.EmployeeSysID = CPFProgression.EmployeeSysId)
;

/*-----------------------------------------------------------------------------------------------------------
	Pay Details Default
-----------------------------------------------------------------------------------------------------------*/

Update SubRegistry Set ShortStringAttr='Year2012Sep'
Where RegistryId='PaySetupData' And SubRegistryId='CPFProgPolicyId';
;

Commit work;