if not exists(select * from Formula where Locate(FormulaId,'0112P2A') = 1 and FormulaCategory='CPFFormula1') then

Insert into Formula Values('0112P2A0$0ERO',1,0,0,'CPFFormula1','ER','T1','','','',0,0);
Insert into Formula Values('0112P2A0$0ERA',1,0,0,'CPFFormula1','ER','T1','','','',0,0);
Insert into Formula Values('0112P2A0$0EEO',1,0,0,'CPFFormula1','EE','T1','','','',0,0);
Insert into Formula Values('0112P2A0$0EEA',1,0,0,'CPFFormula1','EE','T1','','','',0,0);
Insert into Formula Values('0112P2A0$50ERO',1,0,0,'CPFFormula1','ER','T1','','','',0,0);
Insert into Formula Values('0112P2A0$50ERA',1,0,0,'CPFFormula1','ER','T1','','','',0,0);
Insert into Formula Values('0112P2A0$50EEO',1,0,0,'CPFFormula1','EE','T1','','','',0,0);
Insert into Formula Values('0112P2A0$50EEA',1,0,0,'CPFFormula1','EE','T1','','','',0,0);
Insert into Formula Values('0112P2A0$500ERO',1,0,0,'CPFFormula1','ER','T1','','','',0,0);
Insert into Formula Values('0112P2A0$500ERA',1,0,0,'CPFFormula1','ER','T1','','','',0,0);
Insert into Formula Values('0112P2A0$500EEO',1,0,0,'CPFFormula1','EE','T4','','','',0,0);
Insert into Formula Values('0112P2A0$500EEA',1,0,0,'CPFFormula1','EE','T4','','','',0,0);
Insert into Formula Values('0112P2A0$750ERO',1,0,0,'CPFFormula1','ER','T1','','','',0,0);
Insert into Formula Values('0112P2A0$750ERA',1,0,0,'CPFFormula1','ER','T1','','','',0,0);
Insert into Formula Values('0112P2A0$750EEO',1,0,0,'CPFFormula1','EE','T4','','','',0,0);
Insert into Formula Values('0112P2A0$750EEA',1,0,0,'CPFFormula1','EE','T4','','','',0,0);
Insert into Formula Values('0112P2A0$1200ERO',1,0,0,'CPFFormula1','ER','T1','','','',0,0);
Insert into Formula Values('0112P2A0$1200ERA',1,0,0,'CPFFormula1','ER','T1','','','',0,0);
Insert into Formula Values('0112P2A0$1200EEO',1,0,0,'CPFFormula1','EE','T4','','','',0,0);
Insert into Formula Values('0112P2A0$1200EEA',1,0,0,'CPFFormula1','EE','T4','','','',0,0);
Insert into Formula Values('0112P2A0$1500ERO',1,0,0,'CPFFormula1','ER','T3','','','',0,0);
Insert into Formula Values('0112P2A0$1500ERA',1,0,0,'CPFFormula1','ER','T3','','','',0,0);
Insert into Formula Values('0112P2A0$1500EEO',1,0,0,'CPFFormula1','EE','T3','','','',0,0);
Insert into Formula Values('0112P2A0$1500EEA',1,0,0,'CPFFormula1','EE','T3','','','',0,0);
Insert into Formula Values('0112P2A35$0ERO',1,0,0,'CPFFormula1','ER','T1','','','',0,0);
Insert into Formula Values('0112P2A35$0ERA',1,0,0,'CPFFormula1','ER','T1','','','',0,0);
Insert into Formula Values('0112P2A35$0EEO',1,0,0,'CPFFormula1','EE','T1','','','',0,0);
Insert into Formula Values('0112P2A35$0EEA',1,0,0,'CPFFormula1','EE','T1','','','',0,0);
Insert into Formula Values('0112P2A35$50ERO',1,0,0,'CPFFormula1','ER','T4','','','',0,0);
Insert into Formula Values('0112P2A35$50ERA',1,0,0,'CPFFormula1','ER','T4','','','',0,0);
Insert into Formula Values('0112P2A35$50EEO',1,0,0,'CPFFormula1','EE','T1','','','',0,0);
Insert into Formula Values('0112P2A35$50EEA',1,0,0,'CPFFormula1','EE','T1','','','',0,0);
Insert into Formula Values('0112P2A35$500ERO',1,0,0,'CPFFormula1','ER','T4','','','',0,0);
Insert into Formula Values('0112P2A35$500ERA',1,0,0,'CPFFormula1','ER','T4','','','',0,0);
Insert into Formula Values('0112P2A35$500EEO',1,0,0,'CPFFormula1','EE','T4','','','',0,0);
Insert into Formula Values('0112P2A35$500EEA',1,0,0,'CPFFormula1','EE','T4','','','',0,0);
Insert into Formula Values('0112P2A35$750ERO',1,0,0,'CPFFormula1','ER','T4','','','',0,0);
Insert into Formula Values('0112P2A35$750ERA',1,0,0,'CPFFormula1','ER','T4','','','',0,0);
Insert into Formula Values('0112P2A35$750EEO',1,0,0,'CPFFormula1','EE','T4','','','',0,0);
Insert into Formula Values('0112P2A35$750EEA',1,0,0,'CPFFormula1','EE','T4','','','',0,0);
Insert into Formula Values('0112P2A35$1200ERO',1,0,0,'CPFFormula1','ER','T4','','','',0,0);
Insert into Formula Values('0112P2A35$1200ERA',1,0,0,'CPFFormula1','ER','T4','','','',0,0);
Insert into Formula Values('0112P2A35$1200EEO',1,0,0,'CPFFormula1','EE','T4','','','',0,0);
Insert into Formula Values('0112P2A35$1200EEA',1,0,0,'CPFFormula1','EE','T4','','','',0,0);
Insert into Formula Values('0112P2A35$1500ERO',1,0,0,'CPFFormula1','ER','T3','','','',0,0);
Insert into Formula Values('0112P2A35$1500ERA',1,0,0,'CPFFormula1','ER','T3','','','',0,0);
Insert into Formula Values('0112P2A35$1500EEO',1,0,0,'CPFFormula1','EE','T3','','','',0,0);
Insert into Formula Values('0112P2A35$1500EEA',1,0,0,'CPFFormula1','EE','T3','','','',0,0);
Insert into Formula Values('0112P2A50$0ERO',1,0,0,'CPFFormula1','ER','T1','','','',0,0);
Insert into Formula Values('0112P2A50$0ERA',1,0,0,'CPFFormula1','ER','T1','','','',0,0);
Insert into Formula Values('0112P2A50$0EEO',1,0,0,'CPFFormula1','EE','T1','','','',0,0);
Insert into Formula Values('0112P2A50$0EEA',1,0,0,'CPFFormula1','EE','T1','','','',0,0);
Insert into Formula Values('0112P2A50$50ERO',1,0,0,'CPFFormula1','ER','T4','','','',0,0);
Insert into Formula Values('0112P2A50$50ERA',1,0,0,'CPFFormula1','ER','T4','','','',0,0);
Insert into Formula Values('0112P2A50$50EEO',1,0,0,'CPFFormula1','EE','T1','','','',0,0);
Insert into Formula Values('0112P2A50$50EEA',1,0,0,'CPFFormula1','EE','T1','','','',0,0);
Insert into Formula Values('0112P2A50$500ERO',1,0,0,'CPFFormula1','ER','T4','','','',0,0);
Insert into Formula Values('0112P2A50$500ERA',1,0,0,'CPFFormula1','ER','T4','','','',0,0);
Insert into Formula Values('0112P2A50$500EEO',1,0,0,'CPFFormula1','EE','T4','','','',0,0);
Insert into Formula Values('0112P2A50$500EEA',1,0,0,'CPFFormula1','EE','T4','','','',0,0);
Insert into Formula Values('0112P2A50$750ERO',1,0,0,'CPFFormula1','ER','T4','','','',0,0);
Insert into Formula Values('0112P2A50$750ERA',1,0,0,'CPFFormula1','ER','T4','','','',0,0);
Insert into Formula Values('0112P2A50$750EEO',1,0,0,'CPFFormula1','EE','T4','','','',0,0);
Insert into Formula Values('0112P2A50$750EEA',1,0,0,'CPFFormula1','EE','T4','','','',0,0);
Insert into Formula Values('0112P2A50$1200ERO',1,0,0,'CPFFormula1','ER','T4','','','',0,0);
Insert into Formula Values('0112P2A50$1200ERA',1,0,0,'CPFFormula1','ER','T4','','','',0,0);
Insert into Formula Values('0112P2A50$1200EEO',1,0,0,'CPFFormula1','EE','T4','','','',0,0);
Insert into Formula Values('0112P2A50$1200EEA',1,0,0,'CPFFormula1','EE','T4','','','',0,0);
Insert into Formula Values('0112P2A50$1500ERO',1,0,0,'CPFFormula1','ER','T3','','','',0,0);
Insert into Formula Values('0112P2A50$1500ERA',1,0,0,'CPFFormula1','ER','T3','','','',0,0);
Insert into Formula Values('0112P2A50$1500EEO',1,0,0,'CPFFormula1','EE','T3','','','',0,0);
Insert into Formula Values('0112P2A50$1500EEA',1,0,0,'CPFFormula1','EE','T3','','','',0,0);
Insert into Formula Values('0112P2A55$0ERO',1,0,0,'CPFFormula1','ER','T1','','','',0,0);
Insert into Formula Values('0112P2A55$0ERA',1,0,0,'CPFFormula1','ER','T1','','','',0,0);
Insert into Formula Values('0112P2A55$0EEO',1,0,0,'CPFFormula1','EE','T1','','','',0,0);
Insert into Formula Values('0112P2A55$0EEA',1,0,0,'CPFFormula1','EE','T1','','','',0,0);
Insert into Formula Values('0112P2A55$50ERO',1,0,0,'CPFFormula1','ER','T4','','','',0,0);
Insert into Formula Values('0112P2A55$50ERA',1,0,0,'CPFFormula1','ER','T4','','','',0,0);
Insert into Formula Values('0112P2A55$50EEO',1,0,0,'CPFFormula1','EE','T1','','','',0,0);
Insert into Formula Values('0112P2A55$50EEA',1,0,0,'CPFFormula1','EE','T1','','','',0,0);
Insert into Formula Values('0112P2A55$500ERO',1,0,0,'CPFFormula1','ER','T4','','','',0,0);
Insert into Formula Values('0112P2A55$500ERA',1,0,0,'CPFFormula1','ER','T4','','','',0,0);
Insert into Formula Values('0112P2A55$500EEO',1,0,0,'CPFFormula1','EE','T4','','','',0,0);
Insert into Formula Values('0112P2A55$500EEA',1,0,0,'CPFFormula1','EE','T4','','','',0,0);
Insert into Formula Values('0112P2A55$750ERO',1,0,0,'CPFFormula1','ER','T4','','','',0,0);
Insert into Formula Values('0112P2A55$750ERA',1,0,0,'CPFFormula1','ER','T4','','','',0,0);
Insert into Formula Values('0112P2A55$750EEO',1,0,0,'CPFFormula1','EE','T4','','','',0,0);
Insert into Formula Values('0112P2A55$750EEA',1,0,0,'CPFFormula1','EE','T4','','','',0,0);
Insert into Formula Values('0112P2A55$1200ERO',1,0,0,'CPFFormula1','ER','T4','','','',0,0);
Insert into Formula Values('0112P2A55$1200ERA',1,0,0,'CPFFormula1','ER','T4','','','',0,0);
Insert into Formula Values('0112P2A55$1200EEO',1,0,0,'CPFFormula1','EE','T4','','','',0,0);
Insert into Formula Values('0112P2A55$1200EEA',1,0,0,'CPFFormula1','EE','T4','','','',0,0);
Insert into Formula Values('0112P2A55$1500ERO',1,0,0,'CPFFormula1','ER','T3','','','',0,0);
Insert into Formula Values('0112P2A55$1500ERA',1,0,0,'CPFFormula1','ER','T3','','','',0,0);
Insert into Formula Values('0112P2A55$1500EEO',1,0,0,'CPFFormula1','EE','T3','','','',0,0);
Insert into Formula Values('0112P2A55$1500EEA',1,0,0,'CPFFormula1','EE','T3','','','',0,0);
Insert into Formula Values('0112P2A60$0ERO',1,0,0,'CPFFormula1','ER','T1','','','',0,0);
Insert into Formula Values('0112P2A60$0ERA',1,0,0,'CPFFormula1','ER','T1','','','',0,0);
Insert into Formula Values('0112P2A60$0EEO',1,0,0,'CPFFormula1','EE','T1','','','',0,0);
Insert into Formula Values('0112P2A60$0EEA',1,0,0,'CPFFormula1','EE','T1','','','',0,0);
Insert into Formula Values('0112P2A60$50ERO',1,0,0,'CPFFormula1','ER','T4','','','',0,0);
Insert into Formula Values('0112P2A60$50ERA',1,0,0,'CPFFormula1','ER','T4','','','',0,0);
Insert into Formula Values('0112P2A60$50EEO',1,0,0,'CPFFormula1','EE','T1','','','',0,0);
Insert into Formula Values('0112P2A60$50EEA',1,0,0,'CPFFormula1','EE','T1','','','',0,0);
Insert into Formula Values('0112P2A60$500ERO',1,0,0,'CPFFormula1','ER','T4','','','',0,0);
Insert into Formula Values('0112P2A60$500ERA',1,0,0,'CPFFormula1','ER','T4','','','',0,0);
Insert into Formula Values('0112P2A60$500EEO',1,0,0,'CPFFormula1','EE','T4','','','',0,0);
Insert into Formula Values('0112P2A60$500EEA',1,0,0,'CPFFormula1','EE','T4','','','',0,0);
Insert into Formula Values('0112P2A60$750ERO',1,0,0,'CPFFormula1','ER','T4','','','',0,0);
Insert into Formula Values('0112P2A60$750ERA',1,0,0,'CPFFormula1','ER','T4','','','',0,0);
Insert into Formula Values('0112P2A60$750EEO',1,0,0,'CPFFormula1','EE','T4','','','',0,0);
Insert into Formula Values('0112P2A60$750EEA',1,0,0,'CPFFormula1','EE','T4','','','',0,0);
Insert into Formula Values('0112P2A60$1200ERO',1,0,0,'CPFFormula1','ER','T4','','','',0,0);
Insert into Formula Values('0112P2A60$1200ERA',1,0,0,'CPFFormula1','ER','T4','','','',0,0);
Insert into Formula Values('0112P2A60$1200EEO',1,0,0,'CPFFormula1','EE','T4','','','',0,0);
Insert into Formula Values('0112P2A60$1200EEA',1,0,0,'CPFFormula1','EE','T4','','','',0,0);
Insert into Formula Values('0112P2A60$1500ERO',1,0,0,'CPFFormula1','ER','T3','','','',0,0);
Insert into Formula Values('0112P2A60$1500ERA',1,0,0,'CPFFormula1','ER','T3','','','',0,0);
Insert into Formula Values('0112P2A60$1500EEO',1,0,0,'CPFFormula1','EE','T3','','','',0,0);
Insert into Formula Values('0112P2A60$1500EEA',1,0,0,'CPFFormula1','EE','T3','','','',0,0);
Insert into Formula Values('0112P2A65$0ERO',1,0,0,'CPFFormula1','ER','T1','','','',0,0);
Insert into Formula Values('0112P2A65$0ERA',1,0,0,'CPFFormula1','ER','T1','','','',0,0);
Insert into Formula Values('0112P2A65$0EEO',1,0,0,'CPFFormula1','EE','T1','','','',0,0);
Insert into Formula Values('0112P2A65$0EEA',1,0,0,'CPFFormula1','EE','T1','','','',0,0);
Insert into Formula Values('0112P2A65$50ERO',1,0,0,'CPFFormula1','ER','T4','','','',0,0);
Insert into Formula Values('0112P2A65$50ERA',1,0,0,'CPFFormula1','ER','T4','','','',0,0);
Insert into Formula Values('0112P2A65$50EEO',1,0,0,'CPFFormula1','EE','T1','','','',0,0);
Insert into Formula Values('0112P2A65$50EEA',1,0,0,'CPFFormula1','EE','T1','','','',0,0);
Insert into Formula Values('0112P2A65$500ERO',1,0,0,'CPFFormula1','ER','T4','','','',0,0);
Insert into Formula Values('0112P2A65$500ERA',1,0,0,'CPFFormula1','ER','T4','','','',0,0);
Insert into Formula Values('0112P2A65$500EEO',1,0,0,'CPFFormula1','EE','T4','','','',0,0);
Insert into Formula Values('0112P2A65$500EEA',1,0,0,'CPFFormula1','EE','T4','','','',0,0);
Insert into Formula Values('0112P2A65$750ERO',1,0,0,'CPFFormula1','ER','T4','','','',0,0);
Insert into Formula Values('0112P2A65$750ERA',1,0,0,'CPFFormula1','ER','T4','','','',0,0);
Insert into Formula Values('0112P2A65$750EEO',1,0,0,'CPFFormula1','EE','T4','','','',0,0);
Insert into Formula Values('0112P2A65$750EEA',1,0,0,'CPFFormula1','EE','T4','','','',0,0);
Insert into Formula Values('0112P2A65$1200ERO',1,0,0,'CPFFormula1','ER','T4','','','',0,0);
Insert into Formula Values('0112P2A65$1200ERA',1,0,0,'CPFFormula1','ER','T4','','','',0,0);
Insert into Formula Values('0112P2A65$1200EEO',1,0,0,'CPFFormula1','EE','T4','','','',0,0);
Insert into Formula Values('0112P2A65$1200EEA',1,0,0,'CPFFormula1','EE','T4','','','',0,0);
Insert into Formula Values('0112P2A65$1500ERO',1,0,0,'CPFFormula1','ER','T3','','','',0,0);
Insert into Formula Values('0112P2A65$1500ERA',1,0,0,'CPFFormula1','ER','T3','','','',0,0);
Insert into Formula Values('0112P2A65$1500EEO',1,0,0,'CPFFormula1','EE','T3','','','',0,0);
Insert into Formula Values('0112P2A65$1500EEA',1,0,0,'CPFFormula1','EE','T3','','','',0,0);
Insert into FormulaRange Values('0112P2A0$0ERO',1,0,0,'(C1/100)*K2;',0,0,0,0,0,'CPFWage','OrdWage','AddWage','','','','','','','','','','','','','','','','','','','','','','','','','','','','','','','',''       );
Insert into FormulaRange Values('0112P2A0$0ERA',1,0,0,'(C1/100)*K3;',0,0,0,0,0,'CPFWage','OrdWage','AddWage','','','','','','','','','','','','','','','','','','','','','','','','','','','','','','','',''       );
Insert into FormulaRange Values('0112P2A0$0EEO',1,0,0,'(C1/100)*K2;',0,0,0,0,0,'CPFWage','OrdWage','AddWage','','','','','','','','','','','','','','','','','','','','','','','','','','','','','','','',''       );
Insert into FormulaRange Values('0112P2A0$0EEA',1,0,0,'(C1/100)*K3;',0,0,0,0,0,'CPFWage','OrdWage','AddWage','','','','','','','','','','','','','','','','','','','','','','','','','','','','','','','',''       );
Insert into FormulaRange Values('0112P2A0$50ERO',1,0,0,'(C1/100)*K2;',9,0,0,0,0,'CPFWage','OrdWage','AddWage','','','','','','','','','','','','','','','','','','','','','','','','','','','','','','','',''       );
Insert into FormulaRange Values('0112P2A0$50ERA',1,0,0,'(C1/100)*K3;',9,0,0,0,0,'CPFWage','OrdWage','AddWage','','','','','','','','','','','','','','','','','','','','','','','','','','','','','','','',''       );
Insert into FormulaRange Values('0112P2A0$50EEO',1,0,0,'(C1/100)*K2;',0,0,0,0,0,'CPFWage','OrdWage','AddWage','','','','','','','','','','','','','','','','','','','','','','','','','','','','','','','',''       );
Insert into FormulaRange Values('0112P2A0$50EEA',1,0,0,'(C1/100)*K3;',0,0,0,0,0,'CPFWage','OrdWage','AddWage','','','','','','','','','','','','','','','','','','','','','','','','','','','','','','','',''       );
Insert into FormulaRange Values('0112P2A0$500ERO',1,0,0,'(C1/100)*K2;',9,0,0,0,0,'CPFWage','OrdWage','AddWage','','','','','','','','','','','','','','','','','','','','','','','','','','','','','','','',''       );
Insert into FormulaRange Values('0112P2A0$500ERA',1,0,0,'(C1/100)*K3;',9,0,0,0,0,'CPFWage','OrdWage','AddWage','','','','','','','','','','','','','','','','','','','','','','','','','','','','','','','',''       );
Insert into FormulaRange Values('0112P2A0$500EEO',1,0,0,'(K2/K1)*(C1 * (K1 - C2) + C3);',0.36,500,0,0,0,'CPFWage','OrdWage','AddWage','','','','','','','','','','','','','','','','','','','','','','','','','','','','','','','',''       );
Insert into FormulaRange Values('0112P2A0$500EEA',1,0,0,'(K3/K1)*(C1 * (K1 - C2) + C3);',0.36,500,0,0,0,'CPFWage','OrdWage','AddWage','','','','','','','','','','','','','','','','','','','','','','','','','','','','','','','',''       );
Insert into FormulaRange Values('0112P2A0$750ERO',1,0,0,'(C1/100)*K2;',9,0,0,0,0,'CPFWage','OrdWage','AddWage','','','','','','','','','','','','','','','','','','','','','','','','','','','','','','','',''       );
Insert into FormulaRange Values('0112P2A0$750ERA',1,0,0,'(C1/100)*K3;',9,0,0,0,0,'CPFWage','OrdWage','AddWage','','','','','','','','','','','','','','','','','','','','','','','','','','','','','','','',''       );
Insert into FormulaRange Values('0112P2A0$750EEO',1,0,0,'(K2/K1)*(C1 * (K1 - C2) + C3);',0.18,750,90,0,0,'CPFWage','OrdWage','AddWage','','','','','','','','','','','','','','','','','','','','','','','','','','','','','','','',''       );
Insert into FormulaRange Values('0112P2A0$750EEA',1,0,0,'(K3/K1)*(C1 * (K1 - C2) + C3);',0.18,750,90,0,0,'CPFWage','OrdWage','AddWage','','','','','','','','','','','','','','','','','','','','','','','','','','','','','','','',''       );
Insert into FormulaRange Values('0112P2A0$1200ERO',1,0,0,'(C1/100)*K2;',9,0,0,0,0,'CPFWage','OrdWage','AddWage','','','','','','','','','','','','','','','','','','','','','','','','','','','','','','','',''       );
Insert into FormulaRange Values('0112P2A0$1200ERA',1,0,0,'(C1/100)*K3;',9,0,0,0,0,'CPFWage','OrdWage','AddWage','','','','','','','','','','','','','','','','','','','','','','','','','','','','','','','',''       );
Insert into FormulaRange Values('0112P2A0$1200EEO',1,0,0,'(K2/K1)*(C1 * (K1 - C2) + C3);',0.18,750,90,0,0,'CPFWage','OrdWage','AddWage','','','','','','','','','','','','','','','','','','','','','','','','','','','','','','','',''       );
Insert into FormulaRange Values('0112P2A0$1200EEA',1,0,0,'(K3/K1)*(C1 * (K1 - C2) + C3);',0.18,750,90,0,0,'CPFWage','OrdWage','AddWage','','','','','','','','','','','','','','','','','','','','','','','','','','','','','','','',''       );
Insert into FormulaRange Values('0112P2A0$1500ERO',1,0,0,'@MAX( (C1/100)*K2 , C2 );',9,450,0,0,0,'CPFWage','OrdWage','AddWage','','','','','','','','','','','','','','','','','','','','','','','','','','','','','','','',''       );
Insert into FormulaRange Values('0112P2A0$1500ERA',1,0,0,' (C1/100)*K3;',9,0,0,0,0,'CPFWage','OrdWage','AddWage','','','','','','','','','','','','','','','','','','','','','','','','','','','','','','','',''       );
Insert into FormulaRange Values('0112P2A0$1500EEO',1,0,0,'@MAX( (C1/100)*K2 , C2 );',15,750,0,0,0,'CPFWage','OrdWage','AddWage','','','','','','','','','','','','','','','','','','','','','','','','','','','','','','','',''       );
Insert into FormulaRange Values('0112P2A0$1500EEA',1,0,0,' (C1/100)*K3;',15,0,0,0,0,'CPFWage','OrdWage','AddWage','','','','','','','','','','','','','','','','','','','','','','','','','','','','','','','',''       );
Insert into FormulaRange Values('0112P2A35$0ERO',1,0,0,'(C1/100)*K2;',0,0,0,0,0,'CPFWage','OrdWage','AddWage','','','','','','','','','','','','','','','','','','','','','','','','','','','','','','','',''       );
Insert into FormulaRange Values('0112P2A35$0ERA',1,0,0,'(C1/100)*K3;',0,0,0,0,0,'CPFWage','OrdWage','AddWage','','','','','','','','','','','','','','','','','','','','','','','','','','','','','','','',''       );
Insert into FormulaRange Values('0112P2A35$0EEO',1,0,0,'(C1/100)*K2;',0,0,0,0,0,'CPFWage','OrdWage','AddWage','','','','','','','','','','','','','','','','','','','','','','','','','','','','','','','',''       );
Insert into FormulaRange Values('0112P2A35$0EEA',1,0,0,'(C1/100)*K3;',0,0,0,0,0,'CPFWage','OrdWage','AddWage','','','','','','','','','','','','','','','','','','','','','','','','','','','','','','','',''       );
Insert into FormulaRange Values('0112P2A35$50ERO',1,0,0,'(K2/K1)*(C1 * (K1 - C2) + C3);',0.0597,50,0,0,0,'CPFWage','OrdWage','AddWage','','','','','','','','','','','','','','','','','','','','','','','','','','','','','','','',''       );
Insert into FormulaRange Values('0112P2A35$50ERA',1,0,0,'(K3/K1)*(C1 * (K1 - C2) + C3);',0.0597,50,0,0,0,'CPFWage','OrdWage','AddWage','','','','','','','','','','','','','','','','','','','','','','','','','','','','','','','',''       );
Insert into FormulaRange Values('0112P2A35$50EEO',1,0,0,'(C1/100)*K2;',0,0,0,0,0,'CPFWage','OrdWage','AddWage','','','','','','','','','','','','','','','','','','','','','','','','','','','','','','','',''       );
Insert into FormulaRange Values('0112P2A35$50EEA',1,0,0,'(C1/100)*K3;',0,0,0,0,0,'CPFWage','OrdWage','AddWage','','','','','','','','','','','','','','','','','','','','','','','','','','','','','','','',''       );
Insert into FormulaRange Values('0112P2A35$500ERO',1,0,0,'(K2/K1)*(C1 * (K1 - C2) + C3);',0.0597,50,0,0,0,'CPFWage','OrdWage','AddWage','','','','','','','','','','','','','','','','','','','','','','','','','','','','','','','',''       );
Insert into FormulaRange Values('0112P2A35$500ERA',1,0,0,'(K3/K1)*(C1 * (K1 - C2) + C3);',0.0597,50,0,0,0,'CPFWage','OrdWage','AddWage','','','','','','','','','','','','','','','','','','','','','','','','','','','','','','','',''       );
Insert into FormulaRange Values('0112P2A35$500EEO',1,0,0,'(K2/K1)*(C1 * (K1 - C2) + C3);',0.36,500,0,0,0,'CPFWage','OrdWage','AddWage','','','','','','','','','','','','','','','','','','','','','','','','','','','','','','','',''       );
Insert into FormulaRange Values('0112P2A35$500EEA',1,0,0,'(K3/K1)*(C1 * (K1 - C2) + C3);',0.36,500,0,0,0,'CPFWage','OrdWage','AddWage','','','','','','','','','','','','','','','','','','','','','','','','','','','','','','','',''       );
Insert into FormulaRange Values('0112P2A35$750ERO',1,0,0,'(K2/K1)*(C1 * (K1 - C2) + C3);',0.1219,750,41.85,0,0,'CPFWage','OrdWage','AddWage','','','','','','','','','','','','','','','','','','','','','','','','','','','','','','','',''       );
Insert into FormulaRange Values('0112P2A35$750ERA',1,0,0,'(K3/K1)*(C1 * (K1 - C2) + C3);',0.1219,750,41.85,0,0,'CPFWage','OrdWage','AddWage','','','','','','','','','','','','','','','','','','','','','','','','','','','','','','','',''       );
Insert into FormulaRange Values('0112P2A35$750EEO',1,0,0,'(K2/K1)*(C1 * (K1 - C2) + C3);',0.18,750,90,0,0,'CPFWage','OrdWage','AddWage','','','','','','','','','','','','','','','','','','','','','','','','','','','','','','','',''       );
Insert into FormulaRange Values('0112P2A35$750EEA',1,0,0,'(K3/K1)*(C1 * (K1 - C2) + C3);',0.18,750,90,0,0,'CPFWage','OrdWage','AddWage','','','','','','','','','','','','','','','','','','','','','','','','','','','','','','','',''       );
Insert into FormulaRange Values('0112P2A35$1200ERO',1,0,0,'(K2/K1)*(C1 * (K1 - C2) + C3);',0.1276,1200,96.72,0,0,'CPFWage','OrdWage','AddWage','','','','','','','','','','','','','','','','','','','','','','','','','','','','','','','',''       );
Insert into FormulaRange Values('0112P2A35$1200ERA',1,0,0,'(K3/K1)*(C1 * (K1 - C2) + C3);',0.1276,1200,96.72,0,0,'CPFWage','OrdWage','AddWage','','','','','','','','','','','','','','','','','','','','','','','','','','','','','','','',''       );
Insert into FormulaRange Values('0112P2A35$1200EEO',1,0,0,'(K2/K1)*(C1 * (K1 - C2) + C3);',0.18,750,90,0,0,'CPFWage','OrdWage','AddWage','','','','','','','','','','','','','','','','','','','','','','','','','','','','','','','',''       );
Insert into FormulaRange Values('0112P2A35$1200EEA',1,0,0,'(K3/K1)*(C1 * (K1 - C2) + C3);',0.18,750,90,0,0,'CPFWage','OrdWage','AddWage','','','','','','','','','','','','','','','','','','','','','','','','','','','','','','','',''       );
Insert into FormulaRange Values('0112P2A35$1500ERO',1,0,0,'@MAX( (C1/100)*K2 , C2 );',9,450,0,0,0,'CPFWage','OrdWage','AddWage','','','','','','','','','','','','','','','','','','','','','','','','','','','','','','','',''       );
Insert into FormulaRange Values('0112P2A35$1500ERA',1,0,0,' (C1/100)*K3;',9,0,0,0,0,'CPFWage','OrdWage','AddWage','','','','','','','','','','','','','','','','','','','','','','','','','','','','','','','',''       );
Insert into FormulaRange Values('0112P2A35$1500EEO',1,0,0,'@MAX( (C1/100)*K2 , C2 );',15,750,0,0,0,'CPFWage','OrdWage','AddWage','','','','','','','','','','','','','','','','','','','','','','','','','','','','','','','',''       );
Insert into FormulaRange Values('0112P2A35$1500EEA',1,0,0,' (C1/100)*K3;',15,0,0,0,0,'CPFWage','OrdWage','AddWage','','','','','','','','','','','','','','','','','','','','','','','','','','','','','','','',''       );
Insert into FormulaRange Values('0112P2A50$0ERO',1,0,0,'(C1/100)*K2;',0,0,0,0,0,'CPFWage','OrdWage','AddWage','','','','','','','','','','','','','','','','','','','','','','','','','','','','','','','',''       );
Insert into FormulaRange Values('0112P2A50$0ERA',1,0,0,'(C1/100)*K3;',0,0,0,0,0,'CPFWage','OrdWage','AddWage','','','','','','','','','','','','','','','','','','','','','','','','','','','','','','','',''       );
Insert into FormulaRange Values('0112P2A50$0EEO',1,0,0,'(C1/100)*K2;',0,0,0,0,0,'CPFWage','OrdWage','AddWage','','','','','','','','','','','','','','','','','','','','','','','','','','','','','','','',''       );
Insert into FormulaRange Values('0112P2A50$0EEA',1,0,0,'(C1/100)*K3;',0,0,0,0,0,'CPFWage','OrdWage','AddWage','','','','','','','','','','','','','','','','','','','','','','','','','','','','','','','',''       );
Insert into FormulaRange Values('0112P2A50$50ERO',1,0,0,'(K2/K1)*(C1 * (K1 - C2) + C3);',0.0597,50,0,0,0,'CPFWage','OrdWage','AddWage','','','','','','','','','','','','','','','','','','','','','','','','','','','','','','','',''       );
Insert into FormulaRange Values('0112P2A50$50ERA',1,0,0,'(K3/K1)*(C1 * (K1 - C2) + C3);',0.0597,50,0,0,0,'CPFWage','OrdWage','AddWage','','','','','','','','','','','','','','','','','','','','','','','','','','','','','','','',''       );
Insert into FormulaRange Values('0112P2A50$50EEO',1,0,0,'(C1/100)*K2;',0,0,0,0,0,'CPFWage','OrdWage','AddWage','','','','','','','','','','','','','','','','','','','','','','','','','','','','','','','',''       );
Insert into FormulaRange Values('0112P2A50$50EEA',1,0,0,'(C1/100)*K3;',0,0,0,0,0,'CPFWage','OrdWage','AddWage','','','','','','','','','','','','','','','','','','','','','','','','','','','','','','','',''       );
Insert into FormulaRange Values('0112P2A50$500ERO',1,0,0,'(K2/K1)*(C1 * (K1 - C2) + C3);',0.0597,50,0,0,0,'CPFWage','OrdWage','AddWage','','','','','','','','','','','','','','','','','','','','','','','','','','','','','','','',''       );
Insert into FormulaRange Values('0112P2A50$500ERA',1,0,0,'(K3/K1)*(C1 * (K1 - C2) + C3);',0.0597,50,0,0,0,'CPFWage','OrdWage','AddWage','','','','','','','','','','','','','','','','','','','','','','','','','','','','','','','',''       );
Insert into FormulaRange Values('0112P2A50$500EEO',1,0,0,'(K2/K1)*(C1 * (K1 - C2) + C3);',0.36,500,0,0,0,'CPFWage','OrdWage','AddWage','','','','','','','','','','','','','','','','','','','','','','','','','','','','','','','',''       );
Insert into FormulaRange Values('0112P2A50$500EEA',1,0,0,'(K3/K1)*(C1 * (K1 - C2) + C3);',0.36,500,0,0,0,'CPFWage','OrdWage','AddWage','','','','','','','','','','','','','','','','','','','','','','','','','','','','','','','',''       );
Insert into FormulaRange Values('0112P2A50$750ERO',1,0,0,'(K2/K1)*(C1 * (K1 - C2) + C3);',0.1126,750,41.85,0,0,'CPFWage','OrdWage','AddWage','','','','','','','','','','','','','','','','','','','','','','','','','','','','','','','',''       );
Insert into FormulaRange Values('0112P2A50$750ERA',1,0,0,'(K3/K1)*(C1 * (K1 - C2) + C3);',0.1126,750,41.85,0,0,'CPFWage','OrdWage','AddWage','','','','','','','','','','','','','','','','','','','','','','','','','','','','','','','',''       );
Insert into FormulaRange Values('0112P2A50$750EEO',1,0,0,'(K2/K1)*(C1 * (K1 - C2) + C3);',0.18,750,90,0,0,'CPFWage','OrdWage','AddWage','','','','','','','','','','','','','','','','','','','','','','','','','','','','','','','',''       );
Insert into FormulaRange Values('0112P2A50$750EEA',1,0,0,'(K3/K1)*(C1 * (K1 - C2) + C3);',0.18,750,90,0,0,'CPFWage','OrdWage','AddWage','','','','','','','','','','','','','','','','','','','','','','','','','','','','','','','',''       );
Insert into FormulaRange Values('0112P2A50$1200ERO',1,0,0,'(K2/K1)*(C1 * (K1 - C2) + C3);',0.1416,1200,92.52,0,0,'CPFWage','OrdWage','AddWage','','','','','','','','','','','','','','','','','','','','','','','','','','','','','','','',''       );
Insert into FormulaRange Values('0112P2A50$1200ERA',1,0,0,'(K3/K1)*(C1 * (K1 - C2) + C3);',0.1416,1200,92.52,0,0,'CPFWage','OrdWage','AddWage','','','','','','','','','','','','','','','','','','','','','','','','','','','','','','','',''       );
Insert into FormulaRange Values('0112P2A50$1200EEO',1,0,0,'(K2/K1)*(C1 * (K1 - C2) + C3);',0.18,750,90,0,0,'CPFWage','OrdWage','AddWage','','','','','','','','','','','','','','','','','','','','','','','','','','','','','','','',''       );
Insert into FormulaRange Values('0112P2A50$1200EEA',1,0,0,'(K3/K1)*(C1 * (K1 - C2) + C3);',0.18,750,90,0,0,'CPFWage','OrdWage','AddWage','','','','','','','','','','','','','','','','','','','','','','','','','','','','','','','',''       );
Insert into FormulaRange Values('0112P2A50$1500ERO',1,0,0,'@MAX( (C1/100)*K2 , C2 );',9,450,0,0,0,'CPFWage','OrdWage','AddWage','','','','','','','','','','','','','','','','','','','','','','','','','','','','','','','',''       );
Insert into FormulaRange Values('0112P2A50$1500ERA',1,0,0,' (C1/100)*K3;',9,0,0,0,0,'CPFWage','OrdWage','AddWage','','','','','','','','','','','','','','','','','','','','','','','','','','','','','','','',''       );
Insert into FormulaRange Values('0112P2A50$1500EEO',1,0,0,'@MAX( (C1/100)*K2 , C2 );',15,750,0,0,0,'CPFWage','OrdWage','AddWage','','','','','','','','','','','','','','','','','','','','','','','','','','','','','','','',''       );
Insert into FormulaRange Values('0112P2A50$1500EEA',1,0,0,' (C1/100)*K3;',15,0,0,0,0,'CPFWage','OrdWage','AddWage','','','','','','','','','','','','','','','','','','','','','','','','','','','','','','','',''       );
Insert into FormulaRange Values('0112P2A55$0ERO',1,0,0,'(C1/100)*K2;',0,0,0,0,0,'CPFWage','OrdWage','AddWage','','','','','','','','','','','','','','','','','','','','','','','','','','','','','','','',''       );
Insert into FormulaRange Values('0112P2A55$0ERA',1,0,0,'(C1/100)*K3;',0,0,0,0,0,'CPFWage','OrdWage','AddWage','','','','','','','','','','','','','','','','','','','','','','','','','','','','','','','',''       );
Insert into FormulaRange Values('0112P2A55$0EEO',1,0,0,'(C1/100)*K2;',0,0,0,0,0,'CPFWage','OrdWage','AddWage','','','','','','','','','','','','','','','','','','','','','','','','','','','','','','','',''       );
Insert into FormulaRange Values('0112P2A55$0EEA',1,0,0,'(C1/100)*K3;',0,0,0,0,0,'CPFWage','OrdWage','AddWage','','','','','','','','','','','','','','','','','','','','','','','','','','','','','','','',''       );
Insert into FormulaRange Values('0112P2A55$50ERO',1,0,0,'(K2/K1)*(C1 * (K1 - C2) + C3);',0.0398,50,0,0,0,'CPFWage','OrdWage','AddWage','','','','','','','','','','','','','','','','','','','','','','','','','','','','','','','',''       );
Insert into FormulaRange Values('0112P2A55$50ERA',1,0,0,'(K3/K1)*(C1 * (K1 - C2) + C3);',0.0398,50,0,0,0,'CPFWage','OrdWage','AddWage','','','','','','','','','','','','','','','','','','','','','','','','','','','','','','','',''       );
Insert into FormulaRange Values('0112P2A55$50EEO',1,0,0,'(C1/100)*K2;',0,0,0,0,0,'CPFWage','OrdWage','AddWage','','','','','','','','','','','','','','','','','','','','','','','','','','','','','','','',''       );
Insert into FormulaRange Values('0112P2A55$50EEA',1,0,0,'(C1/100)*K3;',0,0,0,0,0,'CPFWage','OrdWage','AddWage','','','','','','','','','','','','','','','','','','','','','','','','','','','','','','','',''       );
Insert into FormulaRange Values('0112P2A55$500ERO',1,0,0,'(K2/K1)*(C1 * (K1 - C2) + C3);',0.0398,50,0,0,0,'CPFWage','OrdWage','AddWage','','','','','','','','','','','','','','','','','','','','','','','','','','','','','','','',''       );
Insert into FormulaRange Values('0112P2A55$500ERA',1,0,0,'(K3/K1)*(C1 * (K1 - C2) + C3);',0.0398,50,0,0,0,'CPFWage','OrdWage','AddWage','','','','','','','','','','','','','','','','','','','','','','','','','','','','','','','',''       );
Insert into FormulaRange Values('0112P2A55$500EEO',1,0,0,'(K2/K1)*(C1 * (K1 - C2) + C3);',0.3,500,0,0,0,'CPFWage','OrdWage','AddWage','','','','','','','','','','','','','','','','','','','','','','','','','','','','','','','',''       );
Insert into FormulaRange Values('0112P2A55$500EEA',1,0,0,'(K3/K1)*(C1 * (K1 - C2) + C3);',0.3,500,0,0,0,'CPFWage','OrdWage','AddWage','','','','','','','','','','','','','','','','','','','','','','','','','','','','','','','',''       );
Insert into FormulaRange Values('0112P2A55$750ERO',1,0,0,'(K2/K1)*(C1 * (K1 - C2) + C3);',0.066,750,27.9,0,0,'CPFWage','OrdWage','AddWage','','','','','','','','','','','','','','','','','','','','','','','','','','','','','','','',''       );
Insert into FormulaRange Values('0112P2A55$750ERA',1,0,0,'(K3/K1)*(C1 * (K1 - C2) + C3);',0.066,750,27.9,0,0,'CPFWage','OrdWage','AddWage','','','','','','','','','','','','','','','','','','','','','','','','','','','','','','','',''       );
Insert into FormulaRange Values('0112P2A55$750EEO',1,0,0,'(K2/K1)*(C1 * (K1 - C2) + C3);',0.15,750,75,0,0,'CPFWage','OrdWage','AddWage','','','','','','','','','','','','','','','','','','','','','','','','','','','','','','','',''       );
Insert into FormulaRange Values('0112P2A55$750EEA',1,0,0,'(K3/K1)*(C1 * (K1 - C2) + C3);',0.15,750,75,0,0,'CPFWage','OrdWage','AddWage','','','','','','','','','','','','','','','','','','','','','','','','','','','','','','','',''       );
Insert into FormulaRange Values('0112P2A55$1200ERO',1,0,0,'(K2/K1)*(C1 * (K1 - C2) + C3);',0.108,1200,57.6,0,0,'CPFWage','OrdWage','AddWage','','','','','','','','','','','','','','','','','','','','','','','','','','','','','','','',''       );
Insert into FormulaRange Values('0112P2A55$1200ERA',1,0,0,'(K3/K1)*(C1 * (K1 - C2) + C3);',0.108,1200,57.6,0,0,'CPFWage','OrdWage','AddWage','','','','','','','','','','','','','','','','','','','','','','','','','','','','','','','',''       );
Insert into FormulaRange Values('0112P2A55$1200EEO',1,0,0,'(K2/K1)*(C1 * (K1 - C2) + C3);',0.15,750,75,0,0,'CPFWage','OrdWage','AddWage','','','','','','','','','','','','','','','','','','','','','','','','','','','','','','','',''       );
Insert into FormulaRange Values('0112P2A55$1200EEA',1,0,0,'(K3/K1)*(C1 * (K1 - C2) + C3);',0.15,750,75,0,0,'CPFWage','OrdWage','AddWage','','','','','','','','','','','','','','','','','','','','','','','','','','','','','','','',''       );
Insert into FormulaRange Values('0112P2A55$1500ERO',1,0,0,'@MAX( (C1/100)*K2 , C2 );',6,300,0,0,0,'CPFWage','OrdWage','AddWage','','','','','','','','','','','','','','','','','','','','','','','','','','','','','','','',''       );
Insert into FormulaRange Values('0112P2A55$1500ERA',1,0,0,' (C1/100)*K3;',6,0,0,0,0,'CPFWage','OrdWage','AddWage','','','','','','','','','','','','','','','','','','','','','','','','','','','','','','','',''       );
Insert into FormulaRange Values('0112P2A55$1500EEO',1,0,0,'@MAX( (C1/100)*K2 , C2 );',12.5,625,0,0,0,'CPFWage','OrdWage','AddWage','','','','','','','','','','','','','','','','','','','','','','','','','','','','','','','',''       );
Insert into FormulaRange Values('0112P2A55$1500EEA',1,0,0,' (C1/100)*K3;',12.5,0,0,0,0,'CPFWage','OrdWage','AddWage','','','','','','','','','','','','','','','','','','','','','','','','','','','','','','','',''       );
Insert into FormulaRange Values('0112P2A60$0ERO',1,0,0,'(C1/100)*K2;',0,0,0,0,0,'CPFWage','OrdWage','AddWage','','','','','','','','','','','','','','','','','','','','','','','','','','','','','','','',''       );
Insert into FormulaRange Values('0112P2A60$0ERA',1,0,0,'(C1/100)*K3;',0,0,0,0,0,'CPFWage','OrdWage','AddWage','','','','','','','','','','','','','','','','','','','','','','','','','','','','','','','',''       );
Insert into FormulaRange Values('0112P2A60$0EEO',1,0,0,'(C1/100)*K2;',0,0,0,0,0,'CPFWage','OrdWage','AddWage','','','','','','','','','','','','','','','','','','','','','','','','','','','','','','','',''       );
Insert into FormulaRange Values('0112P2A60$0EEA',1,0,0,'(C1/100)*K3;',0,0,0,0,0,'CPFWage','OrdWage','AddWage','','','','','','','','','','','','','','','','','','','','','','','','','','','','','','','',''       );
Insert into FormulaRange Values('0112P2A60$50ERO',1,0,0,'(K2/K1)*(C1 * (K1 - C2) + C3);',0.0232,50,0,0,0,'CPFWage','OrdWage','AddWage','','','','','','','','','','','','','','','','','','','','','','','','','','','','','','','',''       );
Insert into FormulaRange Values('0112P2A60$50ERA',1,0,0,'(K3/K1)*(C1 * (K1 - C2) + C3);',0.0232,50,0,0,0,'CPFWage','OrdWage','AddWage','','','','','','','','','','','','','','','','','','','','','','','','','','','','','','','',''       );
Insert into FormulaRange Values('0112P2A60$50EEO',1,0,0,'(C1/100)*K2;',0,0,0,0,0,'CPFWage','OrdWage','AddWage','','','','','','','','','','','','','','','','','','','','','','','','','','','','','','','',''       );
Insert into FormulaRange Values('0112P2A60$50EEA',1,0,0,'(C1/100)*K3;',0,0,0,0,0,'CPFWage','OrdWage','AddWage','','','','','','','','','','','','','','','','','','','','','','','','','','','','','','','',''       );
Insert into FormulaRange Values('0112P2A60$500ERO',1,0,0,'(K2/K1)*(C1 * (K1 - C2) + C3);',0.0232,50,0,0,0,'CPFWage','OrdWage','AddWage','','','','','','','','','','','','','','','','','','','','','','','','','','','','','','','',''       );
Insert into FormulaRange Values('0112P2A60$500ERA',1,0,0,'(K3/K1)*(C1 * (K1 - C2) + C3);',0.0232,50,0,0,0,'CPFWage','OrdWage','AddWage','','','','','','','','','','','','','','','','','','','','','','','','','','','','','','','',''       );
Insert into FormulaRange Values('0112P2A60$500EEO',1,0,0,'(K2/K1)*(C1 * (K1 - C2) + C3);',0.18,500,0,0,0,'CPFWage','OrdWage','AddWage','','','','','','','','','','','','','','','','','','','','','','','','','','','','','','','',''       );
Insert into FormulaRange Values('0112P2A60$500EEA',1,0,0,'(K3/K1)*(C1 * (K1 - C2) + C3);',0.18,500,0,0,0,'CPFWage','OrdWage','AddWage','','','','','','','','','','','','','','','','','','','','','','','','','','','','','','','',''       );
Insert into FormulaRange Values('0112P2A60$750ERO',1,0,0,'(K2/K1)*(C1 * (K1 - C2) + C3);',0.0291,750,16.275,0,0,'CPFWage','OrdWage','AddWage','','','','','','','','','','','','','','','','','','','','','','','','','','','','','','','',''       );
Insert into FormulaRange Values('0112P2A60$750ERA',1,0,0,'(K3/K1)*(C1 * (K1 - C2) + C3);',0.0291,750,16.275,0,0,'CPFWage','OrdWage','AddWage','','','','','','','','','','','','','','','','','','','','','','','','','','','','','','','',''       );
Insert into FormulaRange Values('0112P2A60$750EEO',1,0,0,'(K2/K1)*(C1 * (K1 - C2) + C3);',0.09,750,45,0,0,'CPFWage','OrdWage','AddWage','','','','','','','','','','','','','','','','','','','','','','','','','','','','','','','',''       );
Insert into FormulaRange Values('0112P2A60$750EEA',1,0,0,'(K3/K1)*(C1 * (K1 - C2) + C3);',0.09,750,45,0,0,'CPFWage','OrdWage','AddWage','','','','','','','','','','','','','','','','','','','','','','','','','','','','','','','',''       );
Insert into FormulaRange Values('0112P2A60$1200ERO',1,0,0,'(K2/K1)*(C1 * (K1 - C2) + C3);',0.077,1200,29.4,0,0,'CPFWage','OrdWage','AddWage','','','','','','','','','','','','','','','','','','','','','','','','','','','','','','','',''       );
Insert into FormulaRange Values('0112P2A60$1200ERA',1,0,0,'(K3/K1)*(C1 * (K1 - C2) + C3);',0.077,1200,29.4,0,0,'CPFWage','OrdWage','AddWage','','','','','','','','','','','','','','','','','','','','','','','','','','','','','','','',''       );
Insert into FormulaRange Values('0112P2A60$1200EEO',1,0,0,'(K2/K1)*(C1 * (K1 - C2) + C3);',0.09,750,45,0,0,'CPFWage','OrdWage','AddWage','','','','','','','','','','','','','','','','','','','','','','','','','','','','','','','',''       );
Insert into FormulaRange Values('0112P2A60$1200EEA',1,0,0,'(K3/K1)*(C1 * (K1 - C2) + C3);',0.09,750,45,0,0,'CPFWage','OrdWage','AddWage','','','','','','','','','','','','','','','','','','','','','','','','','','','','','','','',''       );
Insert into FormulaRange Values('0112P2A60$1500ERO',1,0,0,'@MAX( (C1/100)*K2 , C2 );',3.5,175,0,0,0,'CPFWage','OrdWage','AddWage','','','','','','','','','','','','','','','','','','','','','','','','','','','','','','','',''       );
Insert into FormulaRange Values('0112P2A60$1500ERA',1,0,0,' (C1/100)*K3;',3.5,0,0,0,0,'CPFWage','OrdWage','AddWage','','','','','','','','','','','','','','','','','','','','','','','','','','','','','','','',''       );
Insert into FormulaRange Values('0112P2A60$1500EEO',1,0,0,'@MAX( (C1/100)*K2 , C2 );',7.5,375,0,0,0,'CPFWage','OrdWage','AddWage','','','','','','','','','','','','','','','','','','','','','','','','','','','','','','','',''       );
Insert into FormulaRange Values('0112P2A60$1500EEA',1,0,0,' (C1/100)*K3;',7.5,0,0,0,0,'CPFWage','OrdWage','AddWage','','','','','','','','','','','','','','','','','','','','','','','','','','','','','','','',''       );
Insert into FormulaRange Values('0112P2A65$0ERO',1,0,0,'(C1/100)*K2;',0,0,0,0,0,'CPFWage','OrdWage','AddWage','','','','','','','','','','','','','','','','','','','','','','','','','','','','','','','',''       );
Insert into FormulaRange Values('0112P2A65$0ERA',1,0,0,'(C1/100)*K3;',0,0,0,0,0,'CPFWage','OrdWage','AddWage','','','','','','','','','','','','','','','','','','','','','','','','','','','','','','','',''       );
Insert into FormulaRange Values('0112P2A65$0EEO',1,0,0,'(C1/100)*K2;',0,0,0,0,0,'CPFWage','OrdWage','AddWage','','','','','','','','','','','','','','','','','','','','','','','','','','','','','','','',''       );
Insert into FormulaRange Values('0112P2A65$0EEA',1,0,0,'(C1/100)*K3;',0,0,0,0,0,'CPFWage','OrdWage','AddWage','','','','','','','','','','','','','','','','','','','','','','','','','','','','','','','',''       );
Insert into FormulaRange Values('0112P2A65$50ERO',1,0,0,'(K2/K1)*(C1 * (K1 - C2) + C3);',0.0232,50,0,0,0,'CPFWage','OrdWage','AddWage','','','','','','','','','','','','','','','','','','','','','','','','','','','','','','','',''       );
Insert into FormulaRange Values('0112P2A65$50ERA',1,0,0,'(K3/K1)*(C1 * (K1 - C2) + C3);',0.0232,50,0,0,0,'CPFWage','OrdWage','AddWage','','','','','','','','','','','','','','','','','','','','','','','','','','','','','','','',''       );
Insert into FormulaRange Values('0112P2A65$50EEO',1,0,0,'(C1/100)*K2;',0,0,0,0,0,'CPFWage','OrdWage','AddWage','','','','','','','','','','','','','','','','','','','','','','','','','','','','','','','',''       );
Insert into FormulaRange Values('0112P2A65$50EEA',1,0,0,'(C1/100)*K3;',0,0,0,0,0,'CPFWage','OrdWage','AddWage','','','','','','','','','','','','','','','','','','','','','','','','','','','','','','','',''       );
Insert into FormulaRange Values('0112P2A65$500ERO',1,0,0,'(K2/K1)*(C1 * (K1 - C2) + C3);',0.0232,50,0,0,0,'CPFWage','OrdWage','AddWage','','','','','','','','','','','','','','','','','','','','','','','','','','','','','','','',''       );
Insert into FormulaRange Values('0112P2A65$500ERA',1,0,0,'(K3/K1)*(C1 * (K1 - C2) + C3);',0.0232,50,0,0,0,'CPFWage','OrdWage','AddWage','','','','','','','','','','','','','','','','','','','','','','','','','','','','','','','',''       );
Insert into FormulaRange Values('0112P2A65$500EEO',1,0,0,'(K2/K1)*(C1 * (K1 - C2) + C3);',0.12,500,0,0,0,'CPFWage','OrdWage','AddWage','','','','','','','','','','','','','','','','','','','','','','','','','','','','','','','',''       );
Insert into FormulaRange Values('0112P2A65$500EEA',1,0,0,'(K3/K1)*(C1 * (K1 - C2) + C3);',0.12,500,0,0,0,'CPFWage','OrdWage','AddWage','','','','','','','','','','','','','','','','','','','','','','','','','','','','','','','',''       );
Insert into FormulaRange Values('0112P2A65$750ERO',1,0,0,'(K2/K1)*(C1 * (K1 - C2) + C3);',0.0291,750,16.275,0,0,'CPFWage','OrdWage','AddWage','','','','','','','','','','','','','','','','','','','','','','','','','','','','','','','',''       );
Insert into FormulaRange Values('0112P2A65$750ERA',1,0,0,'(K3/K1)*(C1 * (K1 - C2) + C3);',0.0291,750,16.275,0,0,'CPFWage','OrdWage','AddWage','','','','','','','','','','','','','','','','','','','','','','','','','','','','','','','',''       );
Insert into FormulaRange Values('0112P2A65$750EEO',1,0,0,'(K2/K1)*(C1 * (K1 - C2) + C3);',0.06,750,30,0,0,'CPFWage','OrdWage','AddWage','','','','','','','','','','','','','','','','','','','','','','','','','','','','','','','',''       );
Insert into FormulaRange Values('0112P2A65$750EEA',1,0,0,'(K3/K1)*(C1 * (K1 - C2) + C3);',0.06,750,30,0,0,'CPFWage','OrdWage','AddWage','','','','','','','','','','','','','','','','','','','','','','','','','','','','','','','',''       );
Insert into FormulaRange Values('0112P2A65$1200ERO',1,0,0,'(K2/K1)*(C1 * (K1 - C2) + C3);',0.077,1200,29.4,0,0,'CPFWage','OrdWage','AddWage','','','','','','','','','','','','','','','','','','','','','','','','','','','','','','','',''       );
Insert into FormulaRange Values('0112P2A65$1200ERA',1,0,0,'(K3/K1)*(C1 * (K1 - C2) + C3);',0.077,1200,29.4,0,0,'CPFWage','OrdWage','AddWage','','','','','','','','','','','','','','','','','','','','','','','','','','','','','','','',''       );
Insert into FormulaRange Values('0112P2A65$1200EEO',1,0,0,'(K2/K1)*(C1 * (K1 - C2) + C3);',0.06,750,30,0,0,'CPFWage','OrdWage','AddWage','','','','','','','','','','','','','','','','','','','','','','','','','','','','','','','',''       );
Insert into FormulaRange Values('0112P2A65$1200EEA',1,0,0,'(K3/K1)*(C1 * (K1 - C2) + C3);',0.06,750,30,0,0,'CPFWage','OrdWage','AddWage','','','','','','','','','','','','','','','','','','','','','','','','','','','','','','','',''       );
Insert into FormulaRange Values('0112P2A65$1500ERO',1,0,0,'@MAX( (C1/100)*K2 , C2 );',3.5,175,0,0,0,'CPFWage','OrdWage','AddWage','','','','','','','','','','','','','','','','','','','','','','','','','','','','','','','',''       );
Insert into FormulaRange Values('0112P2A65$1500ERA',1,0,0,' (C1/100)*K3;',3.5,0,0,0,0,'CPFWage','OrdWage','AddWage','','','','','','','','','','','','','','','','','','','','','','','','','','','','','','','',''       );
Insert into FormulaRange Values('0112P2A65$1500EEO',1,0,0,'@MAX( (C1/100)*K2 , C2 );',5,250,0,0,0,'CPFWage','OrdWage','AddWage','','','','','','','','','','','','','','','','','','','','','','','','','','','','','','','',''       );
Insert into FormulaRange Values('0112P2A65$1500EEA',1,0,0,' (C1/100)*K3;',5,0,0,0,0,'CPFWage','OrdWage','AddWage','','','','','','','','','','','','','','','','','','','','','','','','','','','','','','','',''       );
Insert Into  CPFTableComponent Values('0112P2',0,0,'0112P2A0$0EEO','0112P2A0$0ERO',50,35,'0112P2A0$0EEA','0112P2A0$0ERA');
Insert Into  CPFTableComponent Values('0112P2',50,0,'0112P2A0$50EEO','0112P2A0$50ERO',500,35,'0112P2A0$50EEA','0112P2A0$50ERA');
Insert Into  CPFTableComponent Values('0112P2',500,0,'0112P2A0$500EEO','0112P2A0$500ERO',750,35,'0112P2A0$500EEA','0112P2A0$500ERA');
Insert Into  CPFTableComponent Values('0112P2',750,0,'0112P2A0$750EEO','0112P2A0$750ERO',1200,35,'0112P2A0$750EEA','0112P2A0$750ERA');
Insert Into  CPFTableComponent Values('0112P2',1200,0,'0112P2A0$1200EEO','0112P2A0$1200ERO',1500,35,'0112P2A0$1200EEA','0112P2A0$1200ERA');
Insert Into  CPFTableComponent Values('0112P2',1500,0,'0112P2A0$1500EEO','0112P2A0$1500ERO',9999999,35,'0112P2A0$1500EEA','0112P2A0$1500ERA');
Insert Into  CPFTableComponent Values('0112P2',0,35,'0112P2A35$0EEO','0112P2A35$0ERO',50,50,'0112P2A35$0EEA','0112P2A35$0ERA');
Insert Into  CPFTableComponent Values('0112P2',50,35,'0112P2A35$50EEO','0112P2A35$50ERO',500,50,'0112P2A35$50EEA','0112P2A35$50ERA');
Insert Into  CPFTableComponent Values('0112P2',500,35,'0112P2A35$500EEO','0112P2A35$500ERO',750,50,'0112P2A35$500EEA','0112P2A35$500ERA');
Insert Into  CPFTableComponent Values('0112P2',750,35,'0112P2A35$750EEO','0112P2A35$750ERO',1200,50,'0112P2A35$750EEA','0112P2A35$750ERA');
Insert Into  CPFTableComponent Values('0112P2',1200,35,'0112P2A35$1200EEO','0112P2A35$1200ERO',1500,50,'0112P2A35$1200EEA','0112P2A35$1200ERA');
Insert Into  CPFTableComponent Values('0112P2',1500,35,'0112P2A35$1500EEO','0112P2A35$1500ERO',9999999,50,'0112P2A35$1500EEA','0112P2A35$1500ERA');
Insert Into  CPFTableComponent Values('0112P2',0,50,'0112P2A50$0EEO','0112P2A50$0ERO',50,55,'0112P2A50$0EEA','0112P2A50$0ERA');
Insert Into  CPFTableComponent Values('0112P2',50,50,'0112P2A50$50EEO','0112P2A50$50ERO',500,55,'0112P2A50$50EEA','0112P2A50$50ERA');
Insert Into  CPFTableComponent Values('0112P2',500,50,'0112P2A50$500EEO','0112P2A50$500ERO',750,55,'0112P2A50$500EEA','0112P2A50$500ERA');
Insert Into  CPFTableComponent Values('0112P2',750,50,'0112P2A50$750EEO','0112P2A50$750ERO',1200,55,'0112P2A50$750EEA','0112P2A50$750ERA');
Insert Into  CPFTableComponent Values('0112P2',1200,50,'0112P2A50$1200EEO','0112P2A50$1200ERO',1500,55,'0112P2A50$1200EEA','0112P2A50$1200ERA');
Insert Into  CPFTableComponent Values('0112P2',1500,50,'0112P2A50$1500EEO','0112P2A50$1500ERO',9999999,55,'0112P2A50$1500EEA','0112P2A50$1500ERA');
Insert Into  CPFTableComponent Values('0112P2',0,55,'0112P2A55$0EEO','0112P2A55$0ERO',50,60,'0112P2A55$0EEA','0112P2A55$0ERA');
Insert Into  CPFTableComponent Values('0112P2',50,55,'0112P2A55$50EEO','0112P2A55$50ERO',500,60,'0112P2A55$50EEA','0112P2A55$50ERA');
Insert Into  CPFTableComponent Values('0112P2',500,55,'0112P2A55$500EEO','0112P2A55$500ERO',750,60,'0112P2A55$500EEA','0112P2A55$500ERA');
Insert Into  CPFTableComponent Values('0112P2',750,55,'0112P2A55$750EEO','0112P2A55$750ERO',1200,60,'0112P2A55$750EEA','0112P2A55$750ERA');
Insert Into  CPFTableComponent Values('0112P2',1200,55,'0112P2A55$1200EEO','0112P2A55$1200ERO',1500,60,'0112P2A55$1200EEA','0112P2A55$1200ERA');
Insert Into  CPFTableComponent Values('0112P2',1500,55,'0112P2A55$1500EEO','0112P2A55$1500ERO',9999999,60,'0112P2A55$1500EEA','0112P2A55$1500ERA');
Insert Into  CPFTableComponent Values('0112P2',0,60,'0112P2A60$0EEO','0112P2A60$0ERO',50,65,'0112P2A60$0EEA','0112P2A60$0ERA');
Insert Into  CPFTableComponent Values('0112P2',50,60,'0112P2A60$50EEO','0112P2A60$50ERO',500,65,'0112P2A60$50EEA','0112P2A60$50ERA');
Insert Into  CPFTableComponent Values('0112P2',500,60,'0112P2A60$500EEO','0112P2A60$500ERO',750,65,'0112P2A60$500EEA','0112P2A60$500ERA');
Insert Into  CPFTableComponent Values('0112P2',750,60,'0112P2A60$750EEO','0112P2A60$750ERO',1200,65,'0112P2A60$750EEA','0112P2A60$750ERA');
Insert Into  CPFTableComponent Values('0112P2',1200,60,'0112P2A60$1200EEO','0112P2A60$1200ERO',1500,65,'0112P2A60$1200EEA','0112P2A60$1200ERA');
Insert Into  CPFTableComponent Values('0112P2',1500,60,'0112P2A60$1500EEO','0112P2A60$1500ERO',9999999,65,'0112P2A60$1500EEA','0112P2A60$1500ERA');
Insert Into  CPFTableComponent Values('0112P2',0,65,'0112P2A65$0EEO','0112P2A65$0ERO',50,99,'0112P2A65$0EEA','0112P2A65$0ERA');
Insert Into  CPFTableComponent Values('0112P2',50,65,'0112P2A65$50EEO','0112P2A65$50ERO',500,99,'0112P2A65$50EEA','0112P2A65$50ERA');
Insert Into  CPFTableComponent Values('0112P2',500,65,'0112P2A65$500EEO','0112P2A65$500ERO',750,99,'0112P2A65$500EEA','0112P2A65$500ERA');
Insert Into  CPFTableComponent Values('0112P2',750,65,'0112P2A65$750EEO','0112P2A65$750ERO',1200,99,'0112P2A65$750EEA','0112P2A65$750ERA');
Insert Into  CPFTableComponent Values('0112P2',1200,65,'0112P2A65$1200EEO','0112P2A65$1200ERO',1500,99,'0112P2A65$1200EEA','0112P2A65$1200ERA');
Insert Into  CPFTableComponent Values('0112P2',1500,65,'0112P2A65$1500EEO','0112P2A65$1500ERO',9999999,99,'0112P2A65$1500EEA','0112P2A65$1500ERA');

end if;