if not exists(select * from Formula where Locate(FormulaId,'0112P2FA') = 1 and FormulaCategory='CPFFormula1') then

Insert into Formula Values('0112P2FA0$0ERO',1,0,0,'CPFFormula1','ER','T1','','','',0,0);
Insert into Formula Values('0112P2FA0$0ERA',1,0,0,'CPFFormula1','ER','T1','','','',0,0);
Insert into Formula Values('0112P2FA0$0EEO',1,0,0,'CPFFormula1','EE','T1','','','',0,0);
Insert into Formula Values('0112P2FA0$0EEA',1,0,0,'CPFFormula1','EE','T1','','','',0,0);
Insert into Formula Values('0112P2FA0$50ERO',1,0,0,'CPFFormula1','ER','T1','','','',0,0);
Insert into Formula Values('0112P2FA0$50ERA',1,0,0,'CPFFormula1','ER','T1','','','',0,0);
Insert into Formula Values('0112P2FA0$50EEO',1,0,0,'CPFFormula1','EE','T1','','','',0,0);
Insert into Formula Values('0112P2FA0$50EEA',1,0,0,'CPFFormula1','EE','T1','','','',0,0);
Insert into Formula Values('0112P2FA0$500ERO',1,0,0,'CPFFormula1','ER','T1','','','',0,0);
Insert into Formula Values('0112P2FA0$500ERA',1,0,0,'CPFFormula1','ER','T1','','','',0,0);
Insert into Formula Values('0112P2FA0$500EEO',1,0,0,'CPFFormula1','EE','T4','','','',0,0);
Insert into Formula Values('0112P2FA0$500EEA',1,0,0,'CPFFormula1','EE','T4','','','',0,0);
Insert into Formula Values('0112P2FA0$750ERO',1,0,0,'CPFFormula1','ER','T1','','','',0,0);
Insert into Formula Values('0112P2FA0$750ERA',1,0,0,'CPFFormula1','ER','T1','','','',0,0);
Insert into Formula Values('0112P2FA0$750EEO',1,0,0,'CPFFormula1','EE','T4','','','',0,0);
Insert into Formula Values('0112P2FA0$750EEA',1,0,0,'CPFFormula1','EE','T4','','','',0,0);
Insert into Formula Values('0112P2FA0$1200ERO',1,0,0,'CPFFormula1','ER','T1','','','',0,0);
Insert into Formula Values('0112P2FA0$1200ERA',1,0,0,'CPFFormula1','ER','T1','','','',0,0);
Insert into Formula Values('0112P2FA0$1200EEO',1,0,0,'CPFFormula1','EE','T4','','','',0,0);
Insert into Formula Values('0112P2FA0$1200EEA',1,0,0,'CPFFormula1','EE','T4','','','',0,0);
Insert into Formula Values('0112P2FA0$1500ERO',1,0,0,'CPFFormula1','ER','T3','','','',0,0);
Insert into Formula Values('0112P2FA0$1500ERA',1,0,0,'CPFFormula1','ER','T3','','','',0,0);
Insert into Formula Values('0112P2FA0$1500EEO',1,0,0,'CPFFormula1','EE','T3','','','',0,0);
Insert into Formula Values('0112P2FA0$1500EEA',1,0,0,'CPFFormula1','EE','T3','','','',0,0);
Insert into Formula Values('0112P2FA35$0ERO',1,0,0,'CPFFormula1','ER','T1','','','',0,0);
Insert into Formula Values('0112P2FA35$0ERA',1,0,0,'CPFFormula1','ER','T1','','','',0,0);
Insert into Formula Values('0112P2FA35$0EEO',1,0,0,'CPFFormula1','EE','T1','','','',0,0);
Insert into Formula Values('0112P2FA35$0EEA',1,0,0,'CPFFormula1','EE','T1','','','',0,0);
Insert into Formula Values('0112P2FA35$50ERO',1,0,0,'CPFFormula1','ER','T4','','','',0,0);
Insert into Formula Values('0112P2FA35$50ERA',1,0,0,'CPFFormula1','ER','T4','','','',0,0);
Insert into Formula Values('0112P2FA35$50EEO',1,0,0,'CPFFormula1','EE','T1','','','',0,0);
Insert into Formula Values('0112P2FA35$50EEA',1,0,0,'CPFFormula1','EE','T1','','','',0,0);
Insert into Formula Values('0112P2FA35$500ERO',1,0,0,'CPFFormula1','ER','T4','','','',0,0);
Insert into Formula Values('0112P2FA35$500ERA',1,0,0,'CPFFormula1','ER','T4','','','',0,0);
Insert into Formula Values('0112P2FA35$500EEO',1,0,0,'CPFFormula1','EE','T4','','','',0,0);
Insert into Formula Values('0112P2FA35$500EEA',1,0,0,'CPFFormula1','EE','T4','','','',0,0);
Insert into Formula Values('0112P2FA35$750ERO',1,0,0,'CPFFormula1','ER','T4','','','',0,0);
Insert into Formula Values('0112P2FA35$750ERA',1,0,0,'CPFFormula1','ER','T4','','','',0,0);
Insert into Formula Values('0112P2FA35$750EEO',1,0,0,'CPFFormula1','EE','T4','','','',0,0);
Insert into Formula Values('0112P2FA35$750EEA',1,0,0,'CPFFormula1','EE','T4','','','',0,0);
Insert into Formula Values('0112P2FA35$1200ERO',1,0,0,'CPFFormula1','ER','T4','','','',0,0);
Insert into Formula Values('0112P2FA35$1200ERA',1,0,0,'CPFFormula1','ER','T4','','','',0,0);
Insert into Formula Values('0112P2FA35$1200EEO',1,0,0,'CPFFormula1','EE','T4','','','',0,0);
Insert into Formula Values('0112P2FA35$1200EEA',1,0,0,'CPFFormula1','EE','T4','','','',0,0);
Insert into Formula Values('0112P2FA35$1500ERO',1,0,0,'CPFFormula1','ER','T3','','','',0,0);
Insert into Formula Values('0112P2FA35$1500ERA',1,0,0,'CPFFormula1','ER','T3','','','',0,0);
Insert into Formula Values('0112P2FA35$1500EEO',1,0,0,'CPFFormula1','EE','T3','','','',0,0);
Insert into Formula Values('0112P2FA35$1500EEA',1,0,0,'CPFFormula1','EE','T3','','','',0,0);
Insert into Formula Values('0112P2FA50$0ERO',1,0,0,'CPFFormula1','ER','T1','','','',0,0);
Insert into Formula Values('0112P2FA50$0ERA',1,0,0,'CPFFormula1','ER','T1','','','',0,0);
Insert into Formula Values('0112P2FA50$0EEO',1,0,0,'CPFFormula1','EE','T1','','','',0,0);
Insert into Formula Values('0112P2FA50$0EEA',1,0,0,'CPFFormula1','EE','T1','','','',0,0);
Insert into Formula Values('0112P2FA50$50ERO',1,0,0,'CPFFormula1','ER','T4','','','',0,0);
Insert into Formula Values('0112P2FA50$50ERA',1,0,0,'CPFFormula1','ER','T4','','','',0,0);
Insert into Formula Values('0112P2FA50$50EEO',1,0,0,'CPFFormula1','EE','T1','','','',0,0);
Insert into Formula Values('0112P2FA50$50EEA',1,0,0,'CPFFormula1','EE','T1','','','',0,0);
Insert into Formula Values('0112P2FA50$500ERO',1,0,0,'CPFFormula1','ER','T4','','','',0,0);
Insert into Formula Values('0112P2FA50$500ERA',1,0,0,'CPFFormula1','ER','T4','','','',0,0);
Insert into Formula Values('0112P2FA50$500EEO',1,0,0,'CPFFormula1','EE','T4','','','',0,0);
Insert into Formula Values('0112P2FA50$500EEA',1,0,0,'CPFFormula1','EE','T4','','','',0,0);
Insert into Formula Values('0112P2FA50$750ERO',1,0,0,'CPFFormula1','ER','T4','','','',0,0);
Insert into Formula Values('0112P2FA50$750ERA',1,0,0,'CPFFormula1','ER','T4','','','',0,0);
Insert into Formula Values('0112P2FA50$750EEO',1,0,0,'CPFFormula1','EE','T4','','','',0,0);
Insert into Formula Values('0112P2FA50$750EEA',1,0,0,'CPFFormula1','EE','T4','','','',0,0);
Insert into Formula Values('0112P2FA50$1200ERO',1,0,0,'CPFFormula1','ER','T4','','','',0,0);
Insert into Formula Values('0112P2FA50$1200ERA',1,0,0,'CPFFormula1','ER','T4','','','',0,0);
Insert into Formula Values('0112P2FA50$1200EEO',1,0,0,'CPFFormula1','EE','T4','','','',0,0);
Insert into Formula Values('0112P2FA50$1200EEA',1,0,0,'CPFFormula1','EE','T4','','','',0,0);
Insert into Formula Values('0112P2FA50$1500ERO',1,0,0,'CPFFormula1','ER','T3','','','',0,0);
Insert into Formula Values('0112P2FA50$1500ERA',1,0,0,'CPFFormula1','ER','T3','','','',0,0);
Insert into Formula Values('0112P2FA50$1500EEO',1,0,0,'CPFFormula1','EE','T3','','','',0,0);
Insert into Formula Values('0112P2FA50$1500EEA',1,0,0,'CPFFormula1','EE','T3','','','',0,0);
Insert into Formula Values('0112P2FA55$0ERO',1,0,0,'CPFFormula1','ER','T1','','','',0,0);
Insert into Formula Values('0112P2FA55$0ERA',1,0,0,'CPFFormula1','ER','T1','','','',0,0);
Insert into Formula Values('0112P2FA55$0EEO',1,0,0,'CPFFormula1','EE','T1','','','',0,0);
Insert into Formula Values('0112P2FA55$0EEA',1,0,0,'CPFFormula1','EE','T1','','','',0,0);
Insert into Formula Values('0112P2FA55$50ERO',1,0,0,'CPFFormula1','ER','T4','','','',0,0);
Insert into Formula Values('0112P2FA55$50ERA',1,0,0,'CPFFormula1','ER','T4','','','',0,0);
Insert into Formula Values('0112P2FA55$50EEO',1,0,0,'CPFFormula1','EE','T1','','','',0,0);
Insert into Formula Values('0112P2FA55$50EEA',1,0,0,'CPFFormula1','EE','T1','','','',0,0);
Insert into Formula Values('0112P2FA55$500ERO',1,0,0,'CPFFormula1','ER','T4','','','',0,0);
Insert into Formula Values('0112P2FA55$500ERA',1,0,0,'CPFFormula1','ER','T4','','','',0,0);
Insert into Formula Values('0112P2FA55$500EEO',1,0,0,'CPFFormula1','EE','T4','','','',0,0);
Insert into Formula Values('0112P2FA55$500EEA',1,0,0,'CPFFormula1','EE','T4','','','',0,0);
Insert into Formula Values('0112P2FA55$750ERO',1,0,0,'CPFFormula1','ER','T4','','','',0,0);
Insert into Formula Values('0112P2FA55$750ERA',1,0,0,'CPFFormula1','ER','T4','','','',0,0);
Insert into Formula Values('0112P2FA55$750EEO',1,0,0,'CPFFormula1','EE','T4','','','',0,0);
Insert into Formula Values('0112P2FA55$750EEA',1,0,0,'CPFFormula1','EE','T4','','','',0,0);
Insert into Formula Values('0112P2FA55$1200ERO',1,0,0,'CPFFormula1','ER','T4','','','',0,0);
Insert into Formula Values('0112P2FA55$1200ERA',1,0,0,'CPFFormula1','ER','T4','','','',0,0);
Insert into Formula Values('0112P2FA55$1200EEO',1,0,0,'CPFFormula1','EE','T4','','','',0,0);
Insert into Formula Values('0112P2FA55$1200EEA',1,0,0,'CPFFormula1','EE','T4','','','',0,0);
Insert into Formula Values('0112P2FA55$1500ERO',1,0,0,'CPFFormula1','ER','T3','','','',0,0);
Insert into Formula Values('0112P2FA55$1500ERA',1,0,0,'CPFFormula1','ER','T3','','','',0,0);
Insert into Formula Values('0112P2FA55$1500EEO',1,0,0,'CPFFormula1','EE','T3','','','',0,0);
Insert into Formula Values('0112P2FA55$1500EEA',1,0,0,'CPFFormula1','EE','T3','','','',0,0);
Insert into Formula Values('0112P2FA60$0ERO',1,0,0,'CPFFormula1','ER','T1','','','',0,0);
Insert into Formula Values('0112P2FA60$0ERA',1,0,0,'CPFFormula1','ER','T1','','','',0,0);
Insert into Formula Values('0112P2FA60$0EEO',1,0,0,'CPFFormula1','EE','T1','','','',0,0);
Insert into Formula Values('0112P2FA60$0EEA',1,0,0,'CPFFormula1','EE','T1','','','',0,0);
Insert into Formula Values('0112P2FA60$50ERO',1,0,0,'CPFFormula1','ER','T4','','','',0,0);
Insert into Formula Values('0112P2FA60$50ERA',1,0,0,'CPFFormula1','ER','T4','','','',0,0);
Insert into Formula Values('0112P2FA60$50EEO',1,0,0,'CPFFormula1','EE','T1','','','',0,0);
Insert into Formula Values('0112P2FA60$50EEA',1,0,0,'CPFFormula1','EE','T1','','','',0,0);
Insert into Formula Values('0112P2FA60$500ERO',1,0,0,'CPFFormula1','ER','T4','','','',0,0);
Insert into Formula Values('0112P2FA60$500ERA',1,0,0,'CPFFormula1','ER','T4','','','',0,0);
Insert into Formula Values('0112P2FA60$500EEO',1,0,0,'CPFFormula1','EE','T4','','','',0,0);
Insert into Formula Values('0112P2FA60$500EEA',1,0,0,'CPFFormula1','EE','T4','','','',0,0);
Insert into Formula Values('0112P2FA60$750ERO',1,0,0,'CPFFormula1','ER','T4','','','',0,0);
Insert into Formula Values('0112P2FA60$750ERA',1,0,0,'CPFFormula1','ER','T4','','','',0,0);
Insert into Formula Values('0112P2FA60$750EEO',1,0,0,'CPFFormula1','EE','T4','','','',0,0);
Insert into Formula Values('0112P2FA60$750EEA',1,0,0,'CPFFormula1','EE','T4','','','',0,0);
Insert into Formula Values('0112P2FA60$1200ERO',1,0,0,'CPFFormula1','ER','T4','','','',0,0);
Insert into Formula Values('0112P2FA60$1200ERA',1,0,0,'CPFFormula1','ER','T4','','','',0,0);
Insert into Formula Values('0112P2FA60$1200EEO',1,0,0,'CPFFormula1','EE','T4','','','',0,0);
Insert into Formula Values('0112P2FA60$1200EEA',1,0,0,'CPFFormula1','EE','T4','','','',0,0);
Insert into Formula Values('0112P2FA60$1500ERO',1,0,0,'CPFFormula1','ER','T3','','','',0,0);
Insert into Formula Values('0112P2FA60$1500ERA',1,0,0,'CPFFormula1','ER','T3','','','',0,0);
Insert into Formula Values('0112P2FA60$1500EEO',1,0,0,'CPFFormula1','EE','T3','','','',0,0);
Insert into Formula Values('0112P2FA60$1500EEA',1,0,0,'CPFFormula1','EE','T3','','','',0,0);
Insert into Formula Values('0112P2FA65$0ERO',1,0,0,'CPFFormula1','ER','T1','','','',0,0);
Insert into Formula Values('0112P2FA65$0ERA',1,0,0,'CPFFormula1','ER','T1','','','',0,0);
Insert into Formula Values('0112P2FA65$0EEO',1,0,0,'CPFFormula1','EE','T1','','','',0,0);
Insert into Formula Values('0112P2FA65$0EEA',1,0,0,'CPFFormula1','EE','T1','','','',0,0);
Insert into Formula Values('0112P2FA65$50ERO',1,0,0,'CPFFormula1','ER','T4','','','',0,0);
Insert into Formula Values('0112P2FA65$50ERA',1,0,0,'CPFFormula1','ER','T4','','','',0,0);
Insert into Formula Values('0112P2FA65$50EEO',1,0,0,'CPFFormula1','EE','T1','','','',0,0);
Insert into Formula Values('0112P2FA65$50EEA',1,0,0,'CPFFormula1','EE','T1','','','',0,0);
Insert into Formula Values('0112P2FA65$500ERO',1,0,0,'CPFFormula1','ER','T4','','','',0,0);
Insert into Formula Values('0112P2FA65$500ERA',1,0,0,'CPFFormula1','ER','T4','','','',0,0);
Insert into Formula Values('0112P2FA65$500EEO',1,0,0,'CPFFormula1','EE','T4','','','',0,0);
Insert into Formula Values('0112P2FA65$500EEA',1,0,0,'CPFFormula1','EE','T4','','','',0,0);
Insert into Formula Values('0112P2FA65$750ERO',1,0,0,'CPFFormula1','ER','T4','','','',0,0);
Insert into Formula Values('0112P2FA65$750ERA',1,0,0,'CPFFormula1','ER','T4','','','',0,0);
Insert into Formula Values('0112P2FA65$750EEO',1,0,0,'CPFFormula1','EE','T4','','','',0,0);
Insert into Formula Values('0112P2FA65$750EEA',1,0,0,'CPFFormula1','EE','T4','','','',0,0);
Insert into Formula Values('0112P2FA65$1200ERO',1,0,0,'CPFFormula1','ER','T4','','','',0,0);
Insert into Formula Values('0112P2FA65$1200ERA',1,0,0,'CPFFormula1','ER','T4','','','',0,0);
Insert into Formula Values('0112P2FA65$1200EEO',1,0,0,'CPFFormula1','EE','T4','','','',0,0);
Insert into Formula Values('0112P2FA65$1200EEA',1,0,0,'CPFFormula1','EE','T4','','','',0,0);
Insert into Formula Values('0112P2FA65$1500ERO',1,0,0,'CPFFormula1','ER','T3','','','',0,0);
Insert into Formula Values('0112P2FA65$1500ERA',1,0,0,'CPFFormula1','ER','T3','','','',0,0);
Insert into Formula Values('0112P2FA65$1500EEO',1,0,0,'CPFFormula1','EE','T3','','','',0,0);
Insert into Formula Values('0112P2FA65$1500EEA',1,0,0,'CPFFormula1','EE','T3','','','',0,0);
Insert into FormulaRange Values('0112P2FA0$0ERO',1,0,0,'(C1/100)*K2;',0,0,0,0,0,'CPFWage','OrdWage','AddWage','','','','','','','','','','','','','','','','','','','','','','','','','','','','','','','',''       );
Insert into FormulaRange Values('0112P2FA0$0ERA',1,0,0,'(C1/100)*K3;',0,0,0,0,0,'CPFWage','OrdWage','AddWage','','','','','','','','','','','','','','','','','','','','','','','','','','','','','','','',''       );
Insert into FormulaRange Values('0112P2FA0$0EEO',1,0,0,'(C1/100)*K2;',0,0,0,0,0,'CPFWage','OrdWage','AddWage','','','','','','','','','','','','','','','','','','','','','','','','','','','','','','','',''       );
Insert into FormulaRange Values('0112P2FA0$0EEA',1,0,0,'(C1/100)*K3;',0,0,0,0,0,'CPFWage','OrdWage','AddWage','','','','','','','','','','','','','','','','','','','','','','','','','','','','','','','',''       );
Insert into FormulaRange Values('0112P2FA0$50ERO',1,0,0,'(C1/100)*K2;',16,0,0,0,0,'CPFWage','OrdWage','AddWage','','','','','','','','','','','','','','','','','','','','','','','','','','','','','','','',''       );
Insert into FormulaRange Values('0112P2FA0$50ERA',1,0,0,'(C1/100)*K3;',16,0,0,0,0,'CPFWage','OrdWage','AddWage','','','','','','','','','','','','','','','','','','','','','','','','','','','','','','','',''       );
Insert into FormulaRange Values('0112P2FA0$50EEO',1,0,0,'(C1/100)*K2;',0,0,0,0,0,'CPFWage','OrdWage','AddWage','','','','','','','','','','','','','','','','','','','','','','','','','','','','','','','',''       );
Insert into FormulaRange Values('0112P2FA0$50EEA',1,0,0,'(C1/100)*K3;',0,0,0,0,0,'CPFWage','OrdWage','AddWage','','','','','','','','','','','','','','','','','','','','','','','','','','','','','','','',''       );
Insert into FormulaRange Values('0112P2FA0$500ERO',1,0,0,'(C1/100)*K2;',16,0,0,0,0,'CPFWage','OrdWage','AddWage','','','','','','','','','','','','','','','','','','','','','','','','','','','','','','','',''       );
Insert into FormulaRange Values('0112P2FA0$500ERA',1,0,0,'(C1/100)*K3;',16,0,0,0,0,'CPFWage','OrdWage','AddWage','','','','','','','','','','','','','','','','','','','','','','','','','','','','','','','',''       );
Insert into FormulaRange Values('0112P2FA0$500EEO',1,0,0,'(K2/K1)*(C1 * (K1 - C2) + C3);',0.36,500,0,0,0,'CPFWage','OrdWage','AddWage','','','','','','','','','','','','','','','','','','','','','','','','','','','','','','','',''       );
Insert into FormulaRange Values('0112P2FA0$500EEA',1,0,0,'(K3/K1)*(C1 * (K1 - C2) + C3);',0.36,500,0,0,0,'CPFWage','OrdWage','AddWage','','','','','','','','','','','','','','','','','','','','','','','','','','','','','','','',''       );
Insert into FormulaRange Values('0112P2FA0$750ERO',1,0,0,'(C1/100)*K2;',16,0,0,0,0,'CPFWage','OrdWage','AddWage','','','','','','','','','','','','','','','','','','','','','','','','','','','','','','','',''       );
Insert into FormulaRange Values('0112P2FA0$750ERA',1,0,0,'(C1/100)*K3;',16,0,0,0,0,'CPFWage','OrdWage','AddWage','','','','','','','','','','','','','','','','','','','','','','','','','','','','','','','',''       );
Insert into FormulaRange Values('0112P2FA0$750EEO',1,0,0,'(K2/K1)*(C1 * (K1 - C2) + C3);',0.18,750,90,0,0,'CPFWage','OrdWage','AddWage','','','','','','','','','','','','','','','','','','','','','','','','','','','','','','','',''       );
Insert into FormulaRange Values('0112P2FA0$750EEA',1,0,0,'(K3/K1)*(C1 * (K1 - C2) + C3);',0.18,750,90,0,0,'CPFWage','OrdWage','AddWage','','','','','','','','','','','','','','','','','','','','','','','','','','','','','','','',''       );
Insert into FormulaRange Values('0112P2FA0$1200ERO',1,0,0,'(C1/100)*K2;',16,0,0,0,0,'CPFWage','OrdWage','AddWage','','','','','','','','','','','','','','','','','','','','','','','','','','','','','','','',''       );
Insert into FormulaRange Values('0112P2FA0$1200ERA',1,0,0,'(C1/100)*K3;',16,0,0,0,0,'CPFWage','OrdWage','AddWage','','','','','','','','','','','','','','','','','','','','','','','','','','','','','','','',''       );
Insert into FormulaRange Values('0112P2FA0$1200EEO',1,0,0,'(K2/K1)*(C1 * (K1 - C2) + C3);',0.18,750,90,0,0,'CPFWage','OrdWage','AddWage','','','','','','','','','','','','','','','','','','','','','','','','','','','','','','','',''       );
Insert into FormulaRange Values('0112P2FA0$1200EEA',1,0,0,'(K3/K1)*(C1 * (K1 - C2) + C3);',0.18,750,90,0,0,'CPFWage','OrdWage','AddWage','','','','','','','','','','','','','','','','','','','','','','','','','','','','','','','',''       );
Insert into FormulaRange Values('0112P2FA0$1500ERO',1,0,0,'@MAX( (C1/100)*K2 , C2 );',16,800,0,0,0,'CPFWage','OrdWage','AddWage','','','','','','','','','','','','','','','','','','','','','','','','','','','','','','','',''       );
Insert into FormulaRange Values('0112P2FA0$1500ERA',1,0,0,' (C1/100)*K3;',16,0,0,0,0,'CPFWage','OrdWage','AddWage','','','','','','','','','','','','','','','','','','','','','','','','','','','','','','','',''       );
Insert into FormulaRange Values('0112P2FA0$1500EEO',1,0,0,'@MAX( (C1/100)*K2 , C2 );',15,750,0,0,0,'CPFWage','OrdWage','AddWage','','','','','','','','','','','','','','','','','','','','','','','','','','','','','','','',''       );
Insert into FormulaRange Values('0112P2FA0$1500EEA',1,0,0,' (C1/100)*K3;',15,0,0,0,0,'CPFWage','OrdWage','AddWage','','','','','','','','','','','','','','','','','','','','','','','','','','','','','','','',''       );
Insert into FormulaRange Values('0112P2FA35$0ERO',1,0,0,'(C1/100)*K2;',0,0,0,0,0,'CPFWage','OrdWage','AddWage','','','','','','','','','','','','','','','','','','','','','','','','','','','','','','','',''       );
Insert into FormulaRange Values('0112P2FA35$0ERA',1,0,0,'(C1/100)*K3;',0,0,0,0,0,'CPFWage','OrdWage','AddWage','','','','','','','','','','','','','','','','','','','','','','','','','','','','','','','',''       );
Insert into FormulaRange Values('0112P2FA35$0EEO',1,0,0,'(C1/100)*K2;',0,0,0,0,0,'CPFWage','OrdWage','AddWage','','','','','','','','','','','','','','','','','','','','','','','','','','','','','','','',''       );
Insert into FormulaRange Values('0112P2FA35$0EEA',1,0,0,'(C1/100)*K3;',0,0,0,0,0,'CPFWage','OrdWage','AddWage','','','','','','','','','','','','','','','','','','','','','','','','','','','','','','','',''       );
Insert into FormulaRange Values('0112P2FA35$50ERO',1,0,0,'(K2/K1)*(C1 * (K1 - C2) + C3);',0.1063,50,0,0,0,'CPFWage','OrdWage','AddWage','','','','','','','','','','','','','','','','','','','','','','','','','','','','','','','',''       );
Insert into FormulaRange Values('0112P2FA35$50ERA',1,0,0,'(K3/K1)*(C1 * (K1 - C2) + C3);',0.1063,50,0,0,0,'CPFWage','OrdWage','AddWage','','','','','','','','','','','','','','','','','','','','','','','','','','','','','','','',''       );
Insert into FormulaRange Values('0112P2FA35$50EEO',1,0,0,'(C1/100)*K2;',0,0,0,0,0,'CPFWage','OrdWage','AddWage','','','','','','','','','','','','','','','','','','','','','','','','','','','','','','','',''       );
Insert into FormulaRange Values('0112P2FA35$50EEA',1,0,0,'(C1/100)*K3;',0,0,0,0,0,'CPFWage','OrdWage','AddWage','','','','','','','','','','','','','','','','','','','','','','','','','','','','','','','',''       );
Insert into FormulaRange Values('0112P2FA35$500ERO',1,0,0,'(K2/K1)*(C1 * (K1 - C2) + C3);',0.1063,50,0,0,0,'CPFWage','OrdWage','AddWage','','','','','','','','','','','','','','','','','','','','','','','','','','','','','','','',''       );
Insert into FormulaRange Values('0112P2FA35$500ERA',1,0,0,'(K3/K1)*(C1 * (K1 - C2) + C3);',0.1063,50,0,0,0,'CPFWage','OrdWage','AddWage','','','','','','','','','','','','','','','','','','','','','','','','','','','','','','','',''       );
Insert into FormulaRange Values('0112P2FA35$500EEO',1,0,0,'(K2/K1)*(C1 * (K1 - C2) + C3);',0.36,500,0,0,0,'CPFWage','OrdWage','AddWage','','','','','','','','','','','','','','','','','','','','','','','','','','','','','','','',''       );
Insert into FormulaRange Values('0112P2FA35$500EEA',1,0,0,'(K3/K1)*(C1 * (K1 - C2) + C3);',0.36,500,0,0,0,'CPFWage','OrdWage','AddWage','','','','','','','','','','','','','','','','','','','','','','','','','','','','','','','',''       );
Insert into FormulaRange Values('0112P2FA35$750ERO',1,0,0,'(K2/K1)*(C1 * (K1 - C2) + C3);',0.2171,750,74.475,0,0,'CPFWage','OrdWage','AddWage','','','','','','','','','','','','','','','','','','','','','','','','','','','','','','','',''       );
Insert into FormulaRange Values('0112P2FA35$750ERA',1,0,0,'(K3/K1)*(C1 * (K1 - C2) + C3);',0.2171,750,74.475,0,0,'CPFWage','OrdWage','AddWage','','','','','','','','','','','','','','','','','','','','','','','','','','','','','','','',''       );
Insert into FormulaRange Values('0112P2FA35$750EEO',1,0,0,'(K2/K1)*(C1 * (K1 - C2) + C3);',0.18,750,90,0,0,'CPFWage','OrdWage','AddWage','','','','','','','','','','','','','','','','','','','','','','','','','','','','','','','',''       );
Insert into FormulaRange Values('0112P2FA35$750EEA',1,0,0,'(K3/K1)*(C1 * (K1 - C2) + C3);',0.18,750,90,0,0,'CPFWage','OrdWage','AddWage','','','','','','','','','','','','','','','','','','','','','','','','','','','','','','','',''       );
Insert into FormulaRange Values('0112P2FA35$1200ERO',1,0,0,'(K2/K1)*(C1 * (K1 - C2) + C3);',0.226,1200,172.2,0,0,'CPFWage','OrdWage','AddWage','','','','','','','','','','','','','','','','','','','','','','','','','','','','','','','',''       );
Insert into FormulaRange Values('0112P2FA35$1200ERA',1,0,0,'(K3/K1)*(C1 * (K1 - C2) + C3);',0.226,1200,172.2,0,0,'CPFWage','OrdWage','AddWage','','','','','','','','','','','','','','','','','','','','','','','','','','','','','','','',''       );
Insert into FormulaRange Values('0112P2FA35$1200EEO',1,0,0,'(K2/K1)*(C1 * (K1 - C2) + C3);',0.18,750,90,0,0,'CPFWage','OrdWage','AddWage','','','','','','','','','','','','','','','','','','','','','','','','','','','','','','','',''       );
Insert into FormulaRange Values('0112P2FA35$1200EEA',1,0,0,'(K3/K1)*(C1 * (K1 - C2) + C3);',0.18,750,90,0,0,'CPFWage','OrdWage','AddWage','','','','','','','','','','','','','','','','','','','','','','','','','','','','','','','',''       );
Insert into FormulaRange Values('0112P2FA35$1500ERO',1,0,0,'@MAX( (C1/100)*K2 , C2 );',16,800,0,0,0,'CPFWage','OrdWage','AddWage','','','','','','','','','','','','','','','','','','','','','','','','','','','','','','','',''       );
Insert into FormulaRange Values('0112P2FA35$1500ERA',1,0,0,' (C1/100)*K3;',16,0,0,0,0,'CPFWage','OrdWage','AddWage','','','','','','','','','','','','','','','','','','','','','','','','','','','','','','','',''       );
Insert into FormulaRange Values('0112P2FA35$1500EEO',1,0,0,'@MAX( (C1/100)*K2 , C2 );',15,750,0,0,0,'CPFWage','OrdWage','AddWage','','','','','','','','','','','','','','','','','','','','','','','','','','','','','','','',''       );
Insert into FormulaRange Values('0112P2FA35$1500EEA',1,0,0,' (C1/100)*K3;',15,0,0,0,0,'CPFWage','OrdWage','AddWage','','','','','','','','','','','','','','','','','','','','','','','','','','','','','','','',''       );
Insert into FormulaRange Values('0112P2FA50$0ERO',1,0,0,'(C1/100)*K2;',0,0,0,0,0,'CPFWage','OrdWage','AddWage','','','','','','','','','','','','','','','','','','','','','','','','','','','','','','','',''       );
Insert into FormulaRange Values('0112P2FA50$0ERA',1,0,0,'(C1/100)*K3;',0,0,0,0,0,'CPFWage','OrdWage','AddWage','','','','','','','','','','','','','','','','','','','','','','','','','','','','','','','',''       );
Insert into FormulaRange Values('0112P2FA50$0EEO',1,0,0,'(C1/100)*K2;',0,0,0,0,0,'CPFWage','OrdWage','AddWage','','','','','','','','','','','','','','','','','','','','','','','','','','','','','','','',''       );
Insert into FormulaRange Values('0112P2FA50$0EEA',1,0,0,'(C1/100)*K3;',0,0,0,0,0,'CPFWage','OrdWage','AddWage','','','','','','','','','','','','','','','','','','','','','','','','','','','','','','','',''       );
Insert into FormulaRange Values('0112P2FA50$50ERO',1,0,0,'(K2/K1)*(C1 * (K1 - C2) + C3);',0.0797,50,0,0,0,'CPFWage','OrdWage','AddWage','','','','','','','','','','','','','','','','','','','','','','','','','','','','','','','',''       );
Insert into FormulaRange Values('0112P2FA50$50ERA',1,0,0,'(K3/K1)*(C1 * (K1 - C2) + C3);',0.0797,50,0,0,0,'CPFWage','OrdWage','AddWage','','','','','','','','','','','','','','','','','','','','','','','','','','','','','','','',''       );
Insert into FormulaRange Values('0112P2FA50$50EEO',1,0,0,'(C1/100)*K2;',0,0,0,0,0,'CPFWage','OrdWage','AddWage','','','','','','','','','','','','','','','','','','','','','','','','','','','','','','','',''       );
Insert into FormulaRange Values('0112P2FA50$50EEA',1,0,0,'(C1/100)*K3;',0,0,0,0,0,'CPFWage','OrdWage','AddWage','','','','','','','','','','','','','','','','','','','','','','','','','','','','','','','',''       );
Insert into FormulaRange Values('0112P2FA50$500ERO',1,0,0,'(K2/K1)*(C1 * (K1 - C2) + C3);',0.0797,50,0,0,0,'CPFWage','OrdWage','AddWage','','','','','','','','','','','','','','','','','','','','','','','','','','','','','','','',''       );
Insert into FormulaRange Values('0112P2FA50$500ERA',1,0,0,'(K3/K1)*(C1 * (K1 - C2) + C3);',0.0797,50,0,0,0,'CPFWage','OrdWage','AddWage','','','','','','','','','','','','','','','','','','','','','','','','','','','','','','','',''       );
Insert into FormulaRange Values('0112P2FA50$500EEO',1,0,0,'(K2/K1)*(C1 * (K1 - C2) + C3);',0.36,500,0,0,0,'CPFWage','OrdWage','AddWage','','','','','','','','','','','','','','','','','','','','','','','','','','','','','','','',''       );
Insert into FormulaRange Values('0112P2FA50$500EEA',1,0,0,'(K3/K1)*(C1 * (K1 - C2) + C3);',0.36,500,0,0,0,'CPFWage','OrdWage','AddWage','','','','','','','','','','','','','','','','','','','','','','','','','','','','','','','',''       );
Insert into FormulaRange Values('0112P2FA50$750ERO',1,0,0,'(K2/K1)*(C1 * (K1 - C2) + C3);',0.1504,750,55.8,0,0,'CPFWage','OrdWage','AddWage','','','','','','','','','','','','','','','','','','','','','','','','','','','','','','','',''       );
Insert into FormulaRange Values('0112P2FA50$750ERA',1,0,0,'(K3/K1)*(C1 * (K1 - C2) + C3);',0.1504,750,55.8,0,0,'CPFWage','OrdWage','AddWage','','','','','','','','','','','','','','','','','','','','','','','','','','','','','','','',''       );
Insert into FormulaRange Values('0112P2FA50$750EEO',1,0,0,'(K2/K1)*(C1 * (K1 - C2) + C3);',0.18,750,90,0,0,'CPFWage','OrdWage','AddWage','','','','','','','','','','','','','','','','','','','','','','','','','','','','','','','',''       );
Insert into FormulaRange Values('0112P2FA50$750EEA',1,0,0,'(K3/K1)*(C1 * (K1 - C2) + C3);',0.18,750,90,0,0,'CPFWage','OrdWage','AddWage','','','','','','','','','','','','','','','','','','','','','','','','','','','','','','','',''       );
Insert into FormulaRange Values('0112P2FA50$1200ERO',1,0,0,'(K2/K1)*(C1 * (K1 - C2) + C3);',0.1884,1200,123.48,0,0,'CPFWage','OrdWage','AddWage','','','','','','','','','','','','','','','','','','','','','','','','','','','','','','','',''       );
Insert into FormulaRange Values('0112P2FA50$1200ERA',1,0,0,'(K3/K1)*(C1 * (K1 - C2) + C3);',0.1884,1200,123.48,0,0,'CPFWage','OrdWage','AddWage','','','','','','','','','','','','','','','','','','','','','','','','','','','','','','','',''       );
Insert into FormulaRange Values('0112P2FA50$1200EEO',1,0,0,'(K2/K1)*(C1 * (K1 - C2) + C3);',0.18,750,90,0,0,'CPFWage','OrdWage','AddWage','','','','','','','','','','','','','','','','','','','','','','','','','','','','','','','',''       );
Insert into FormulaRange Values('0112P2FA50$1200EEA',1,0,0,'(K3/K1)*(C1 * (K1 - C2) + C3);',0.18,750,90,0,0,'CPFWage','OrdWage','AddWage','','','','','','','','','','','','','','','','','','','','','','','','','','','','','','','',''       );
Insert into FormulaRange Values('0112P2FA50$1500ERO',1,0,0,'@MAX( (C1/100)*K2 , C2 );',12,600,0,0,0,'CPFWage','OrdWage','AddWage','','','','','','','','','','','','','','','','','','','','','','','','','','','','','','','',''       );
Insert into FormulaRange Values('0112P2FA50$1500ERA',1,0,0,' (C1/100)*K3;',12,0,0,0,0,'CPFWage','OrdWage','AddWage','','','','','','','','','','','','','','','','','','','','','','','','','','','','','','','',''       );
Insert into FormulaRange Values('0112P2FA50$1500EEO',1,0,0,'@MAX( (C1/100)*K2 , C2 );',15,750,0,0,0,'CPFWage','OrdWage','AddWage','','','','','','','','','','','','','','','','','','','','','','','','','','','','','','','',''       );
Insert into FormulaRange Values('0112P2FA50$1500EEA',1,0,0,' (C1/100)*K3;',15,0,0,0,0,'CPFWage','OrdWage','AddWage','','','','','','','','','','','','','','','','','','','','','','','','','','','','','','','',''       );
Insert into FormulaRange Values('0112P2FA55$0ERO',1,0,0,'(C1/100)*K2;',0,0,0,0,0,'CPFWage','OrdWage','AddWage','','','','','','','','','','','','','','','','','','','','','','','','','','','','','','','',''       );
Insert into FormulaRange Values('0112P2FA55$0ERA',1,0,0,'(C1/100)*K3;',0,0,0,0,0,'CPFWage','OrdWage','AddWage','','','','','','','','','','','','','','','','','','','','','','','','','','','','','','','',''       );
Insert into FormulaRange Values('0112P2FA55$0EEO',1,0,0,'(C1/100)*K2;',0,0,0,0,0,'CPFWage','OrdWage','AddWage','','','','','','','','','','','','','','','','','','','','','','','','','','','','','','','',''       );
Insert into FormulaRange Values('0112P2FA55$0EEA',1,0,0,'(C1/100)*K3;',0,0,0,0,0,'CPFWage','OrdWage','AddWage','','','','','','','','','','','','','','','','','','','','','','','','','','','','','','','',''       );
Insert into FormulaRange Values('0112P2FA55$50ERO',1,0,0,'(K2/K1)*(C1 * (K1 - C2) + C3);',0.0597,50,0,0,0,'CPFWage','OrdWage','AddWage','','','','','','','','','','','','','','','','','','','','','','','','','','','','','','','',''       );
Insert into FormulaRange Values('0112P2FA55$50ERA',1,0,0,'(K3/K1)*(C1 * (K1 - C2) + C3);',0.0597,50,0,0,0,'CPFWage','OrdWage','AddWage','','','','','','','','','','','','','','','','','','','','','','','','','','','','','','','',''       );
Insert into FormulaRange Values('0112P2FA55$50EEO',1,0,0,'(C1/100)*K2;',0,0,0,0,0,'CPFWage','OrdWage','AddWage','','','','','','','','','','','','','','','','','','','','','','','','','','','','','','','',''       );
Insert into FormulaRange Values('0112P2FA55$50EEA',1,0,0,'(C1/100)*K3;',0,0,0,0,0,'CPFWage','OrdWage','AddWage','','','','','','','','','','','','','','','','','','','','','','','','','','','','','','','',''       );
Insert into FormulaRange Values('0112P2FA55$500ERO',1,0,0,'(K2/K1)*(C1 * (K1 - C2) + C3);',0.0597,50,0,0,0,'CPFWage','OrdWage','AddWage','','','','','','','','','','','','','','','','','','','','','','','','','','','','','','','',''       );
Insert into FormulaRange Values('0112P2FA55$500ERA',1,0,0,'(K3/K1)*(C1 * (K1 - C2) + C3);',0.0597,50,0,0,0,'CPFWage','OrdWage','AddWage','','','','','','','','','','','','','','','','','','','','','','','','','','','','','','','',''       );
Insert into FormulaRange Values('0112P2FA55$500EEO',1,0,0,'(K2/K1)*(C1 * (K1 - C2) + C3);',0.3,500,0,0,0,'CPFWage','OrdWage','AddWage','','','','','','','','','','','','','','','','','','','','','','','','','','','','','','','',''       );
Insert into FormulaRange Values('0112P2FA55$500EEA',1,0,0,'(K3/K1)*(C1 * (K1 - C2) + C3);',0.3,500,0,0,0,'CPFWage','OrdWage','AddWage','','','','','','','','','','','','','','','','','','','','','','','','','','','','','','','',''       );
Insert into FormulaRange Values('0112P2FA55$750ERO',1,0,0,'(K2/K1)*(C1 * (K1 - C2) + C3);',0.099,750,41.85,0,0,'CPFWage','OrdWage','AddWage','','','','','','','','','','','','','','','','','','','','','','','','','','','','','','','',''       );
Insert into FormulaRange Values('0112P2FA55$750ERA',1,0,0,'(K3/K1)*(C1 * (K1 - C2) + C3);',0.099,750,41.85,0,0,'CPFWage','OrdWage','AddWage','','','','','','','','','','','','','','','','','','','','','','','','','','','','','','','',''       );
Insert into FormulaRange Values('0112P2FA55$750EEO',1,0,0,'(K2/K1)*(C1 * (K1 - C2) + C3);',0.15,750,75,0,0,'CPFWage','OrdWage','AddWage','','','','','','','','','','','','','','','','','','','','','','','','','','','','','','','',''       );
Insert into FormulaRange Values('0112P2FA55$750EEA',1,0,0,'(K3/K1)*(C1 * (K1 - C2) + C3);',0.15,750,75,0,0,'CPFWage','OrdWage','AddWage','','','','','','','','','','','','','','','','','','','','','','','','','','','','','','','',''       );
Insert into FormulaRange Values('0112P2FA55$1200ERO',1,0,0,'(K2/K1)*(C1 * (K1 - C2) + C3);',0.162,1200,86.4,0,0,'CPFWage','OrdWage','AddWage','','','','','','','','','','','','','','','','','','','','','','','','','','','','','','','',''       );
Insert into FormulaRange Values('0112P2FA55$1200ERA',1,0,0,'(K3/K1)*(C1 * (K1 - C2) + C3);',0.162,1200,86.4,0,0,'CPFWage','OrdWage','AddWage','','','','','','','','','','','','','','','','','','','','','','','','','','','','','','','',''       );
Insert into FormulaRange Values('0112P2FA55$1200EEO',1,0,0,'(K2/K1)*(C1 * (K1 - C2) + C3);',0.15,750,75,0,0,'CPFWage','OrdWage','AddWage','','','','','','','','','','','','','','','','','','','','','','','','','','','','','','','',''       );
Insert into FormulaRange Values('0112P2FA55$1200EEA',1,0,0,'(K3/K1)*(C1 * (K1 - C2) + C3);',0.15,750,75,0,0,'CPFWage','OrdWage','AddWage','','','','','','','','','','','','','','','','','','','','','','','','','','','','','','','',''       );
Insert into FormulaRange Values('0112P2FA55$1500ERO',1,0,0,'@MAX( (C1/100)*K2 , C2 );',9,450,0,0,0,'CPFWage','OrdWage','AddWage','','','','','','','','','','','','','','','','','','','','','','','','','','','','','','','',''       );
Insert into FormulaRange Values('0112P2FA55$1500ERA',1,0,0,' (C1/100)*K3;',9,0,0,0,0,'CPFWage','OrdWage','AddWage','','','','','','','','','','','','','','','','','','','','','','','','','','','','','','','',''       );
Insert into FormulaRange Values('0112P2FA55$1500EEO',1,0,0,'@MAX( (C1/100)*K2 , C2 );',12.5,625,0,0,0,'CPFWage','OrdWage','AddWage','','','','','','','','','','','','','','','','','','','','','','','','','','','','','','','',''       );
Insert into FormulaRange Values('0112P2FA55$1500EEA',1,0,0,' (C1/100)*K3;',12.5,0,0,0,0,'CPFWage','OrdWage','AddWage','','','','','','','','','','','','','','','','','','','','','','','','','','','','','','','',''       );
Insert into FormulaRange Values('0112P2FA60$0ERO',1,0,0,'(C1/100)*K2;',0,0,0,0,0,'CPFWage','OrdWage','AddWage','','','','','','','','','','','','','','','','','','','','','','','','','','','','','','','',''       );
Insert into FormulaRange Values('0112P2FA60$0ERA',1,0,0,'(C1/100)*K3;',0,0,0,0,0,'CPFWage','OrdWage','AddWage','','','','','','','','','','','','','','','','','','','','','','','','','','','','','','','',''       );
Insert into FormulaRange Values('0112P2FA60$0EEO',1,0,0,'(C1/100)*K2;',0,0,0,0,0,'CPFWage','OrdWage','AddWage','','','','','','','','','','','','','','','','','','','','','','','','','','','','','','','',''       );
Insert into FormulaRange Values('0112P2FA60$0EEA',1,0,0,'(C1/100)*K3;',0,0,0,0,0,'CPFWage','OrdWage','AddWage','','','','','','','','','','','','','','','','','','','','','','','','','','','','','','','',''       );
Insert into FormulaRange Values('0112P2FA60$50ERO',1,0,0,'(K2/K1)*(C1 * (K1 - C2) + C3);',0.0431,50,0,0,0,'CPFWage','OrdWage','AddWage','','','','','','','','','','','','','','','','','','','','','','','','','','','','','','','',''       );
Insert into FormulaRange Values('0112P2FA60$50ERA',1,0,0,'(K3/K1)*(C1 * (K1 - C2) + C3);',0.0431,50,0,0,0,'CPFWage','OrdWage','AddWage','','','','','','','','','','','','','','','','','','','','','','','','','','','','','','','',''       );
Insert into FormulaRange Values('0112P2FA60$50EEO',1,0,0,'(C1/100)*K2;',0,0,0,0,0,'CPFWage','OrdWage','AddWage','','','','','','','','','','','','','','','','','','','','','','','','','','','','','','','',''       );
Insert into FormulaRange Values('0112P2FA60$50EEA',1,0,0,'(C1/100)*K3;',0,0,0,0,0,'CPFWage','OrdWage','AddWage','','','','','','','','','','','','','','','','','','','','','','','','','','','','','','','',''       );
Insert into FormulaRange Values('0112P2FA60$500ERO',1,0,0,'(K2/K1)*(C1 * (K1 - C2) + C3);',0.0431,50,0,0,0,'CPFWage','OrdWage','AddWage','','','','','','','','','','','','','','','','','','','','','','','','','','','','','','','',''       );
Insert into FormulaRange Values('0112P2FA60$500ERA',1,0,0,'(K3/K1)*(C1 * (K1 - C2) + C3);',0.0431,50,0,0,0,'CPFWage','OrdWage','AddWage','','','','','','','','','','','','','','','','','','','','','','','','','','','','','','','',''       );
Insert into FormulaRange Values('0112P2FA60$500EEO',1,0,0,'(K2/K1)*(C1 * (K1 - C2) + C3);',0.18,500,0,0,0,'CPFWage','OrdWage','AddWage','','','','','','','','','','','','','','','','','','','','','','','','','','','','','','','',''       );
Insert into FormulaRange Values('0112P2FA60$500EEA',1,0,0,'(K3/K1)*(C1 * (K1 - C2) + C3);',0.18,500,0,0,0,'CPFWage','OrdWage','AddWage','','','','','','','','','','','','','','','','','','','','','','','','','','','','','','','',''       );
Insert into FormulaRange Values('0112P2FA60$750ERO',1,0,0,'(K2/K1)*(C1 * (K1 - C2) + C3);',0.0541,750,30.225,0,0,'CPFWage','OrdWage','AddWage','','','','','','','','','','','','','','','','','','','','','','','','','','','','','','','',''       );
Insert into FormulaRange Values('0112P2FA60$750ERA',1,0,0,'(K3/K1)*(C1 * (K1 - C2) + C3);',0.0541,750,30.225,0,0,'CPFWage','OrdWage','AddWage','','','','','','','','','','','','','','','','','','','','','','','','','','','','','','','',''       );
Insert into FormulaRange Values('0112P2FA60$750EEO',1,0,0,'(K2/K1)*(C1 * (K1 - C2) + C3);',0.09,750,45,0,0,'CPFWage','OrdWage','AddWage','','','','','','','','','','','','','','','','','','','','','','','','','','','','','','','',''       );
Insert into FormulaRange Values('0112P2FA60$750EEA',1,0,0,'(K3/K1)*(C1 * (K1 - C2) + C3);',0.09,750,45,0,0,'CPFWage','OrdWage','AddWage','','','','','','','','','','','','','','','','','','','','','','','','','','','','','','','',''       );
Insert into FormulaRange Values('0112P2FA60$1200ERO',1,0,0,'(K2/K1)*(C1 * (K1 - C2) + C3);',0.143,1200,54.6,0,0,'CPFWage','OrdWage','AddWage','','','','','','','','','','','','','','','','','','','','','','','','','','','','','','','',''       );
Insert into FormulaRange Values('0112P2FA60$1200ERA',1,0,0,'(K3/K1)*(C1 * (K1 - C2) + C3);',0.143,1200,54.6,0,0,'CPFWage','OrdWage','AddWage','','','','','','','','','','','','','','','','','','','','','','','','','','','','','','','',''       );
Insert into FormulaRange Values('0112P2FA60$1200EEO',1,0,0,'(K2/K1)*(C1 * (K1 - C2) + C3);',0.09,750,45,0,0,'CPFWage','OrdWage','AddWage','','','','','','','','','','','','','','','','','','','','','','','','','','','','','','','',''       );
Insert into FormulaRange Values('0112P2FA60$1200EEA',1,0,0,'(K3/K1)*(C1 * (K1 - C2) + C3);',0.09,750,45,0,0,'CPFWage','OrdWage','AddWage','','','','','','','','','','','','','','','','','','','','','','','','','','','','','','','',''       );
Insert into FormulaRange Values('0112P2FA60$1500ERO',1,0,0,'@MAX( (C1/100)*K2 , C2 );',6.5,325,0,0,0,'CPFWage','OrdWage','AddWage','','','','','','','','','','','','','','','','','','','','','','','','','','','','','','','',''       );
Insert into FormulaRange Values('0112P2FA60$1500ERA',1,0,0,' (C1/100)*K3;',6.5,0,0,0,0,'CPFWage','OrdWage','AddWage','','','','','','','','','','','','','','','','','','','','','','','','','','','','','','','',''       );
Insert into FormulaRange Values('0112P2FA60$1500EEO',1,0,0,'@MAX( (C1/100)*K2 , C2 );',7.5,375,0,0,0,'CPFWage','OrdWage','AddWage','','','','','','','','','','','','','','','','','','','','','','','','','','','','','','','',''       );
Insert into FormulaRange Values('0112P2FA60$1500EEA',1,0,0,' (C1/100)*K3;',7.5,0,0,0,0,'CPFWage','OrdWage','AddWage','','','','','','','','','','','','','','','','','','','','','','','','','','','','','','','',''       );
Insert into FormulaRange Values('0112P2FA65$0ERO',1,0,0,'(C1/100)*K2;',0,0,0,0,0,'CPFWage','OrdWage','AddWage','','','','','','','','','','','','','','','','','','','','','','','','','','','','','','','',''       );
Insert into FormulaRange Values('0112P2FA65$0ERA',1,0,0,'(C1/100)*K3;',0,0,0,0,0,'CPFWage','OrdWage','AddWage','','','','','','','','','','','','','','','','','','','','','','','','','','','','','','','',''       );
Insert into FormulaRange Values('0112P2FA65$0EEO',1,0,0,'(C1/100)*K2;',0,0,0,0,0,'CPFWage','OrdWage','AddWage','','','','','','','','','','','','','','','','','','','','','','','','','','','','','','','',''       );
Insert into FormulaRange Values('0112P2FA65$0EEA',1,0,0,'(C1/100)*K3;',0,0,0,0,0,'CPFWage','OrdWage','AddWage','','','','','','','','','','','','','','','','','','','','','','','','','','','','','','','',''       );
Insert into FormulaRange Values('0112P2FA65$50ERO',1,0,0,'(K2/K1)*(C1 * (K1 - C2) + C3);',0.0431,50,0,0,0,'CPFWage','OrdWage','AddWage','','','','','','','','','','','','','','','','','','','','','','','','','','','','','','','',''       );
Insert into FormulaRange Values('0112P2FA65$50ERA',1,0,0,'(K3/K1)*(C1 * (K1 - C2) + C3);',0.0431,50,0,0,0,'CPFWage','OrdWage','AddWage','','','','','','','','','','','','','','','','','','','','','','','','','','','','','','','',''       );
Insert into FormulaRange Values('0112P2FA65$50EEO',1,0,0,'(C1/100)*K2;',0,0,0,0,0,'CPFWage','OrdWage','AddWage','','','','','','','','','','','','','','','','','','','','','','','','','','','','','','','',''       );
Insert into FormulaRange Values('0112P2FA65$50EEA',1,0,0,'(C1/100)*K3;',0,0,0,0,0,'CPFWage','OrdWage','AddWage','','','','','','','','','','','','','','','','','','','','','','','','','','','','','','','',''       );
Insert into FormulaRange Values('0112P2FA65$500ERO',1,0,0,'(K2/K1)*(C1 * (K1 - C2) + C3);',0.0431,50,0,0,0,'CPFWage','OrdWage','AddWage','','','','','','','','','','','','','','','','','','','','','','','','','','','','','','','',''       );
Insert into FormulaRange Values('0112P2FA65$500ERA',1,0,0,'(K3/K1)*(C1 * (K1 - C2) + C3);',0.0431,50,0,0,0,'CPFWage','OrdWage','AddWage','','','','','','','','','','','','','','','','','','','','','','','','','','','','','','','',''       );
Insert into FormulaRange Values('0112P2FA65$500EEO',1,0,0,'(K2/K1)*(C1 * (K1 - C2) + C3);',0.12,500,0,0,0,'CPFWage','OrdWage','AddWage','','','','','','','','','','','','','','','','','','','','','','','','','','','','','','','',''       );
Insert into FormulaRange Values('0112P2FA65$500EEA',1,0,0,'(K3/K1)*(C1 * (K1 - C2) + C3);',0.12,500,0,0,0,'CPFWage','OrdWage','AddWage','','','','','','','','','','','','','','','','','','','','','','','','','','','','','','','',''       );
Insert into FormulaRange Values('0112P2FA65$750ERO',1,0,0,'(K2/K1)*(C1 * (K1 - C2) + C3);',0.0541,750,30.225,0,0,'CPFWage','OrdWage','AddWage','','','','','','','','','','','','','','','','','','','','','','','','','','','','','','','',''       );
Insert into FormulaRange Values('0112P2FA65$750ERA',1,0,0,'(K3/K1)*(C1 * (K1 - C2) + C3);',0.0541,750,30.225,0,0,'CPFWage','OrdWage','AddWage','','','','','','','','','','','','','','','','','','','','','','','','','','','','','','','',''       );
Insert into FormulaRange Values('0112P2FA65$750EEO',1,0,0,'(K2/K1)*(C1 * (K1 - C2) + C3);',0.06,750,30,0,0,'CPFWage','OrdWage','AddWage','','','','','','','','','','','','','','','','','','','','','','','','','','','','','','','',''       );
Insert into FormulaRange Values('0112P2FA65$750EEA',1,0,0,'(K3/K1)*(C1 * (K1 - C2) + C3);',0.06,750,30,0,0,'CPFWage','OrdWage','AddWage','','','','','','','','','','','','','','','','','','','','','','','','','','','','','','','',''       );
Insert into FormulaRange Values('0112P2FA65$1200ERO',1,0,0,'(K2/K1)*(C1 * (K1 - C2) + C3);',0.143,1200,54.6,0,0,'CPFWage','OrdWage','AddWage','','','','','','','','','','','','','','','','','','','','','','','','','','','','','','','',''       );
Insert into FormulaRange Values('0112P2FA65$1200ERA',1,0,0,'(K3/K1)*(C1 * (K1 - C2) + C3);',0.143,1200,54.6,0,0,'CPFWage','OrdWage','AddWage','','','','','','','','','','','','','','','','','','','','','','','','','','','','','','','',''       );
Insert into FormulaRange Values('0112P2FA65$1200EEO',1,0,0,'(K2/K1)*(C1 * (K1 - C2) + C3);',0.06,750,30,0,0,'CPFWage','OrdWage','AddWage','','','','','','','','','','','','','','','','','','','','','','','','','','','','','','','',''       );
Insert into FormulaRange Values('0112P2FA65$1200EEA',1,0,0,'(K3/K1)*(C1 * (K1 - C2) + C3);',0.06,750,30,0,0,'CPFWage','OrdWage','AddWage','','','','','','','','','','','','','','','','','','','','','','','','','','','','','','','',''       );
Insert into FormulaRange Values('0112P2FA65$1500ERO',1,0,0,'@MAX( (C1/100)*K2 , C2 );',6.5,325,0,0,0,'CPFWage','OrdWage','AddWage','','','','','','','','','','','','','','','','','','','','','','','','','','','','','','','',''       );
Insert into FormulaRange Values('0112P2FA65$1500ERA',1,0,0,' (C1/100)*K3;',6.5,0,0,0,0,'CPFWage','OrdWage','AddWage','','','','','','','','','','','','','','','','','','','','','','','','','','','','','','','',''       );
Insert into FormulaRange Values('0112P2FA65$1500EEO',1,0,0,'@MAX( (C1/100)*K2 , C2 );',5,250,0,0,0,'CPFWage','OrdWage','AddWage','','','','','','','','','','','','','','','','','','','','','','','','','','','','','','','',''       );
Insert into FormulaRange Values('0112P2FA65$1500EEA',1,0,0,' (C1/100)*K3;',5,0,0,0,0,'CPFWage','OrdWage','AddWage','','','','','','','','','','','','','','','','','','','','','','','','','','','','','','','',''       );
Insert Into  CPFTableComponent Values('0112P2F',0,0,'0112P2FA0$0EEO','0112P2FA0$0ERO',50,35,'0112P2FA0$0EEA','0112P2FA0$0ERA');
Insert Into  CPFTableComponent Values('0112P2F',50,0,'0112P2FA0$50EEO','0112P2FA0$50ERO',500,35,'0112P2FA0$50EEA','0112P2FA0$50ERA');
Insert Into  CPFTableComponent Values('0112P2F',500,0,'0112P2FA0$500EEO','0112P2FA0$500ERO',750,35,'0112P2FA0$500EEA','0112P2FA0$500ERA');
Insert Into  CPFTableComponent Values('0112P2F',750,0,'0112P2FA0$750EEO','0112P2FA0$750ERO',1200,35,'0112P2FA0$750EEA','0112P2FA0$750ERA');
Insert Into  CPFTableComponent Values('0112P2F',1200,0,'0112P2FA0$1200EEO','0112P2FA0$1200ERO',1500,35,'0112P2FA0$1200EEA','0112P2FA0$1200ERA');
Insert Into  CPFTableComponent Values('0112P2F',1500,0,'0112P2FA0$1500EEO','0112P2FA0$1500ERO',9999999,35,'0112P2FA0$1500EEA','0112P2FA0$1500ERA');
Insert Into  CPFTableComponent Values('0112P2F',0,35,'0112P2FA35$0EEO','0112P2FA35$0ERO',50,50,'0112P2FA35$0EEA','0112P2FA35$0ERA');
Insert Into  CPFTableComponent Values('0112P2F',50,35,'0112P2FA35$50EEO','0112P2FA35$50ERO',500,50,'0112P2FA35$50EEA','0112P2FA35$50ERA');
Insert Into  CPFTableComponent Values('0112P2F',500,35,'0112P2FA35$500EEO','0112P2FA35$500ERO',750,50,'0112P2FA35$500EEA','0112P2FA35$500ERA');
Insert Into  CPFTableComponent Values('0112P2F',750,35,'0112P2FA35$750EEO','0112P2FA35$750ERO',1200,50,'0112P2FA35$750EEA','0112P2FA35$750ERA');
Insert Into  CPFTableComponent Values('0112P2F',1200,35,'0112P2FA35$1200EEO','0112P2FA35$1200ERO',1500,50,'0112P2FA35$1200EEA','0112P2FA35$1200ERA');
Insert Into  CPFTableComponent Values('0112P2F',1500,35,'0112P2FA35$1500EEO','0112P2FA35$1500ERO',9999999,50,'0112P2FA35$1500EEA','0112P2FA35$1500ERA');
Insert Into  CPFTableComponent Values('0112P2F',0,50,'0112P2FA50$0EEO','0112P2FA50$0ERO',50,55,'0112P2FA50$0EEA','0112P2FA50$0ERA');
Insert Into  CPFTableComponent Values('0112P2F',50,50,'0112P2FA50$50EEO','0112P2FA50$50ERO',500,55,'0112P2FA50$50EEA','0112P2FA50$50ERA');
Insert Into  CPFTableComponent Values('0112P2F',500,50,'0112P2FA50$500EEO','0112P2FA50$500ERO',750,55,'0112P2FA50$500EEA','0112P2FA50$500ERA');
Insert Into  CPFTableComponent Values('0112P2F',750,50,'0112P2FA50$750EEO','0112P2FA50$750ERO',1200,55,'0112P2FA50$750EEA','0112P2FA50$750ERA');
Insert Into  CPFTableComponent Values('0112P2F',1200,50,'0112P2FA50$1200EEO','0112P2FA50$1200ERO',1500,55,'0112P2FA50$1200EEA','0112P2FA50$1200ERA');
Insert Into  CPFTableComponent Values('0112P2F',1500,50,'0112P2FA50$1500EEO','0112P2FA50$1500ERO',9999999,55,'0112P2FA50$1500EEA','0112P2FA50$1500ERA');
Insert Into  CPFTableComponent Values('0112P2F',0,55,'0112P2FA55$0EEO','0112P2FA55$0ERO',50,60,'0112P2FA55$0EEA','0112P2FA55$0ERA');
Insert Into  CPFTableComponent Values('0112P2F',50,55,'0112P2FA55$50EEO','0112P2FA55$50ERO',500,60,'0112P2FA55$50EEA','0112P2FA55$50ERA');
Insert Into  CPFTableComponent Values('0112P2F',500,55,'0112P2FA55$500EEO','0112P2FA55$500ERO',750,60,'0112P2FA55$500EEA','0112P2FA55$500ERA');
Insert Into  CPFTableComponent Values('0112P2F',750,55,'0112P2FA55$750EEO','0112P2FA55$750ERO',1200,60,'0112P2FA55$750EEA','0112P2FA55$750ERA');
Insert Into  CPFTableComponent Values('0112P2F',1200,55,'0112P2FA55$1200EEO','0112P2FA55$1200ERO',1500,60,'0112P2FA55$1200EEA','0112P2FA55$1200ERA');
Insert Into  CPFTableComponent Values('0112P2F',1500,55,'0112P2FA55$1500EEO','0112P2FA55$1500ERO',9999999,60,'0112P2FA55$1500EEA','0112P2FA55$1500ERA');
Insert Into  CPFTableComponent Values('0112P2F',0,60,'0112P2FA60$0EEO','0112P2FA60$0ERO',50,65,'0112P2FA60$0EEA','0112P2FA60$0ERA');
Insert Into  CPFTableComponent Values('0112P2F',50,60,'0112P2FA60$50EEO','0112P2FA60$50ERO',500,65,'0112P2FA60$50EEA','0112P2FA60$50ERA');
Insert Into  CPFTableComponent Values('0112P2F',500,60,'0112P2FA60$500EEO','0112P2FA60$500ERO',750,65,'0112P2FA60$500EEA','0112P2FA60$500ERA');
Insert Into  CPFTableComponent Values('0112P2F',750,60,'0112P2FA60$750EEO','0112P2FA60$750ERO',1200,65,'0112P2FA60$750EEA','0112P2FA60$750ERA');
Insert Into  CPFTableComponent Values('0112P2F',1200,60,'0112P2FA60$1200EEO','0112P2FA60$1200ERO',1500,65,'0112P2FA60$1200EEA','0112P2FA60$1200ERA');
Insert Into  CPFTableComponent Values('0112P2F',1500,60,'0112P2FA60$1500EEO','0112P2FA60$1500ERO',9999999,65,'0112P2FA60$1500EEA','0112P2FA60$1500ERA');
Insert Into  CPFTableComponent Values('0112P2F',0,65,'0112P2FA65$0EEO','0112P2FA65$0ERO',50,99,'0112P2FA65$0EEA','0112P2FA65$0ERA');
Insert Into  CPFTableComponent Values('0112P2F',50,65,'0112P2FA65$50EEO','0112P2FA65$50ERO',500,99,'0112P2FA65$50EEA','0112P2FA65$50ERA');
Insert Into  CPFTableComponent Values('0112P2F',500,65,'0112P2FA65$500EEO','0112P2FA65$500ERO',750,99,'0112P2FA65$500EEA','0112P2FA65$500ERA');
Insert Into  CPFTableComponent Values('0112P2F',750,65,'0112P2FA65$750EEO','0112P2FA65$750ERO',1200,99,'0112P2FA65$750EEA','0112P2FA65$750ERA');
Insert Into  CPFTableComponent Values('0112P2F',1200,65,'0112P2FA65$1200EEO','0112P2FA65$1200ERO',1500,99,'0112P2FA65$1200EEA','0112P2FA65$1200ERA');
Insert Into  CPFTableComponent Values('0112P2F',1500,65,'0112P2FA65$1500EEO','0112P2FA65$1500ERO',9999999,99,'0112P2FA65$1500EEA','0112P2FA65$1500ERA');

end if;