/*----------------------------------------------------------------------------------------------------------
	CPF Policy and Tables for Year 2015
-----------------------------------------------------------------------------------------------------------*/

if exists(select * from CPFPolicy where CPFPolicyId = 'Year2015Jan' ) then
   if not exists(select * from CPFPolicyMember cm join CPFTableCode cc on cm.CPFTableCodeId = cc.CPFTableCodeId where cm.CPFPolicyId = 'Year2015Jan' and cc.CPFResidenceTypeId = 'PR3' and cc.CPFSchemeId = 'Private - Full') then
      if not exists(select * from CPFTableCode  where CPFTableCodeId = '0115P3F') then 
         Insert into CPFTableCode Values('0115P3F','PR3','Private - Full','PR 3rd year and above - Employer Full 17%, Employee 20% wef January 1, 2015',5000,85000,0);
         Insert into CPFPolicyMember Values('Year2015Jan','0115P3F');
	  end if;
	  
	  /*-----------------------------------------------------------------------------------------------------------
	  PR 3 Full
      -----------------------------------------------------------------------------------------------------------*/

   if not exists(select * from Formula where Locate(FormulaId,'0115P3FA') = 1 and FormulaCategory='CPFFormula1') then

      Insert into Formula Values('0115P3FA0$0ERO',1,0,0,'CPFFormula1','ER','T1','','','',0,0);
      Insert into Formula Values('0115P3FA0$0ERA',1,0,0,'CPFFormula1','ER','T1','','','',0,0);
      Insert into Formula Values('0115P3FA0$0EEO',1,0,0,'CPFFormula1','EE','T1','','','',0,0);
      Insert into Formula Values('0115P3FA0$0EEA',1,0,0,'CPFFormula1','EE','T1','','','',0,0);
      Insert into Formula Values('0115P3FA0$50ERO',1,0,0,'CPFFormula1','ER','T1','','','',0,0);
      Insert into Formula Values('0115P3FA0$50ERA',1,0,0,'CPFFormula1','ER','T1','','','',0,0);
      Insert into Formula Values('0115P3FA0$50EEO',1,0,0,'CPFFormula1','EE','T1','','','',0,0);
      Insert into Formula Values('0115P3FA0$50EEA',1,0,0,'CPFFormula1','EE','T1','','','',0,0);
      Insert into Formula Values('0115P3FA0$500ERO',1,0,0,'CPFFormula1','ER','T1','','','',0,0);
      Insert into Formula Values('0115P3FA0$500ERA',1,0,0,'CPFFormula1','ER','T1','','','',0,0);
      Insert into Formula Values('0115P3FA0$500EEO',1,0,0,'CPFFormula1','EE','T4','','','',0,0);
      Insert into Formula Values('0115P3FA0$500EEA',1,0,0,'CPFFormula1','EE','T4','','','',0,0);
      Insert into Formula Values('0115P3FA0$750ERO',1,0,0,'CPFFormula1','ER','T3','','','',0,0);
      Insert into Formula Values('0115P3FA0$750ERA',1,0,0,'CPFFormula1','ER','T3','','','',0,0);
      Insert into Formula Values('0115P3FA0$750EEO',1,0,0,'CPFFormula1','EE','T3','','','',0,0);
      Insert into Formula Values('0115P3FA0$750EEA',1,0,0,'CPFFormula1','EE','T3','','','',0,0);
      Insert into Formula Values('0115P3FA50$0ERO',1,0,0,'CPFFormula1','ER','T1','','','',0,0);
      Insert into Formula Values('0115P3FA50$0ERA',1,0,0,'CPFFormula1','ER','T1','','','',0,0);
      Insert into Formula Values('0115P3FA50$0EEO',1,0,0,'CPFFormula1','EE','T1','','','',0,0);
      Insert into Formula Values('0115P3FA50$0EEA',1,0,0,'CPFFormula1','EE','T1','','','',0,0);
      Insert into Formula Values('0115P3FA50$50ERO',1,0,0,'CPFFormula1','ER','T1','','','',0,0);
      Insert into Formula Values('0115P3FA50$50ERA',1,0,0,'CPFFormula1','ER','T1','','','',0,0);
      Insert into Formula Values('0115P3FA50$50EEO',1,0,0,'CPFFormula1','EE','T1','','','',0,0);
      Insert into Formula Values('0115P3FA50$50EEA',1,0,0,'CPFFormula1','EE','T1','','','',0,0);
      Insert into Formula Values('0115P3FA50$500ERO',1,0,0,'CPFFormula1','ER','T1','','','',0,0);
      Insert into Formula Values('0115P3FA50$500ERA',1,0,0,'CPFFormula1','ER','T1','','','',0,0);
      Insert into Formula Values('0115P3FA50$500EEO',1,0,0,'CPFFormula1','EE','T4','','','',0,0);
      Insert into Formula Values('0115P3FA50$500EEA',1,0,0,'CPFFormula1','EE','T4','','','',0,0);
      Insert into Formula Values('0115P3FA50$750ERO',1,0,0,'CPFFormula1','ER','T3','','','',0,0);
      Insert into Formula Values('0115P3FA50$750ERA',1,0,0,'CPFFormula1','ER','T3','','','',0,0);
      Insert into Formula Values('0115P3FA50$750EEO',1,0,0,'CPFFormula1','EE','T3','','','',0,0);
      Insert into Formula Values('0115P3FA50$750EEA',1,0,0,'CPFFormula1','EE','T3','','','',0,0);
      Insert into Formula Values('0115P3FA55$0ERO',1,0,0,'CPFFormula1','ER','T1','','','',0,0);
      Insert into Formula Values('0115P3FA55$0ERA',1,0,0,'CPFFormula1','ER','T1','','','',0,0);
      Insert into Formula Values('0115P3FA55$0EEO',1,0,0,'CPFFormula1','EE','T1','','','',0,0);
      Insert into Formula Values('0115P3FA55$0EEA',1,0,0,'CPFFormula1','EE','T1','','','',0,0);
      Insert into Formula Values('0115P3FA55$50ERO',1,0,0,'CPFFormula1','ER','T1','','','',0,0);
      Insert into Formula Values('0115P3FA55$50ERA',1,0,0,'CPFFormula1','ER','T1','','','',0,0);
      Insert into Formula Values('0115P3FA55$50EEO',1,0,0,'CPFFormula1','EE','T1','','','',0,0);
      Insert into Formula Values('0115P3FA55$50EEA',1,0,0,'CPFFormula1','EE','T1','','','',0,0);
      Insert into Formula Values('0115P3FA55$500ERO',1,0,0,'CPFFormula1','ER','T1','','','',0,0);
      Insert into Formula Values('0115P3FA55$500ERA',1,0,0,'CPFFormula1','ER','T1','','','',0,0);
      Insert into Formula Values('0115P3FA55$500EEO',1,0,0,'CPFFormula1','EE','T4','','','',0,0);
      Insert into Formula Values('0115P3FA55$500EEA',1,0,0,'CPFFormula1','EE','T4','','','',0,0);
      Insert into Formula Values('0115P3FA55$750ERO',1,0,0,'CPFFormula1','ER','T3','','','',0,0);
      Insert into Formula Values('0115P3FA55$750ERA',1,0,0,'CPFFormula1','ER','T3','','','',0,0);
      Insert into Formula Values('0115P3FA55$750EEO',1,0,0,'CPFFormula1','EE','T3','','','',0,0);
      Insert into Formula Values('0115P3FA55$750EEA',1,0,0,'CPFFormula1','EE','T3','','','',0,0);
      Insert into Formula Values('0115P3FA60$0ERO',1,0,0,'CPFFormula1','ER','T1','','','',0,0);
      Insert into Formula Values('0115P3FA60$0ERA',1,0,0,'CPFFormula1','ER','T1','','','',0,0);
      Insert into Formula Values('0115P3FA60$0EEO',1,0,0,'CPFFormula1','EE','T1','','','',0,0);
      Insert into Formula Values('0115P3FA60$0EEA',1,0,0,'CPFFormula1','EE','T1','','','',0,0);
      Insert into Formula Values('0115P3FA60$50ERO',1,0,0,'CPFFormula1','ER','T1','','','',0,0);
      Insert into Formula Values('0115P3FA60$50ERA',1,0,0,'CPFFormula1','ER','T1','','','',0,0);
      Insert into Formula Values('0115P3FA60$50EEO',1,0,0,'CPFFormula1','EE','T1','','','',0,0);
      Insert into Formula Values('0115P3FA60$50EEA',1,0,0,'CPFFormula1','EE','T1','','','',0,0);
      Insert into Formula Values('0115P3FA60$500ERO',1,0,0,'CPFFormula1','ER','T1','','','',0,0);
      Insert into Formula Values('0115P3FA60$500ERA',1,0,0,'CPFFormula1','ER','T1','','','',0,0);
      Insert into Formula Values('0115P3FA60$500EEO',1,0,0,'CPFFormula1','EE','T4','','','',0,0);
      Insert into Formula Values('0115P3FA60$500EEA',1,0,0,'CPFFormula1','EE','T4','','','',0,0);
      Insert into Formula Values('0115P3FA60$750ERO',1,0,0,'CPFFormula1','ER','T3','','','',0,0);
      Insert into Formula Values('0115P3FA60$750ERA',1,0,0,'CPFFormula1','ER','T3','','','',0,0);
      Insert into Formula Values('0115P3FA60$750EEO',1,0,0,'CPFFormula1','EE','T3','','','',0,0);
      Insert into Formula Values('0115P3FA60$750EEA',1,0,0,'CPFFormula1','EE','T3','','','',0,0);
      Insert into Formula Values('0115P3FA65$0ERO',1,0,0,'CPFFormula1','ER','T1','','','',0,0);
      Insert into Formula Values('0115P3FA65$0ERA',1,0,0,'CPFFormula1','ER','T1','','','',0,0);
      Insert into Formula Values('0115P3FA65$0EEO',1,0,0,'CPFFormula1','EE','T1','','','',0,0);
      Insert into Formula Values('0115P3FA65$0EEA',1,0,0,'CPFFormula1','EE','T1','','','',0,0);
      Insert into Formula Values('0115P3FA65$50ERO',1,0,0,'CPFFormula1','ER','T1','','','',0,0);
      Insert into Formula Values('0115P3FA65$50ERA',1,0,0,'CPFFormula1','ER','T1','','','',0,0);
      Insert into Formula Values('0115P3FA65$50EEO',1,0,0,'CPFFormula1','EE','T1','','','',0,0);
      Insert into Formula Values('0115P3FA65$50EEA',1,0,0,'CPFFormula1','EE','T1','','','',0,0);
      Insert into Formula Values('0115P3FA65$500ERO',1,0,0,'CPFFormula1','ER','T1','','','',0,0);
      Insert into Formula Values('0115P3FA65$500ERA',1,0,0,'CPFFormula1','ER','T1','','','',0,0);
      Insert into Formula Values('0115P3FA65$500EEO',1,0,0,'CPFFormula1','EE','T4','','','',0,0);
      Insert into Formula Values('0115P3FA65$500EEA',1,0,0,'CPFFormula1','EE','T4','','','',0,0);
      Insert into Formula Values('0115P3FA65$750ERO',1,0,0,'CPFFormula1','ER','T3','','','',0,0);
      Insert into Formula Values('0115P3FA65$750ERA',1,0,0,'CPFFormula1','ER','T3','','','',0,0);
      Insert into Formula Values('0115P3FA65$750EEO',1,0,0,'CPFFormula1','EE','T3','','','',0,0);
      Insert into Formula Values('0115P3FA65$750EEA',1,0,0,'CPFFormula1','EE','T3','','','',0,0);
      Insert into FormulaRange Values('0115P3FA0$0ERO',1,0,0,'(C1/100)*K2;',0,0,0,0,0,'CPFWage','OrdWage','AddWage','','','','','','','','','','','','','','','','','','','','','','','','','','','','','','','','');
      Insert into FormulaRange Values('0115P3FA0$0ERA',1,0,0,'(C1/100)*K3;',0,0,0,0,0,'CPFWage','OrdWage','AddWage','','','','','','','','','','','','','','','','','','','','','','','','','','','','','','','','');
      Insert into FormulaRange Values('0115P3FA0$0EEO',1,0,0,'(C1/100)*K2;',0,0,0,0,0,'CPFWage','OrdWage','AddWage','','','','','','','','','','','','','','','','','','','','','','','','','','','','','','','','');
      Insert into FormulaRange Values('0115P3FA0$0EEA',1,0,0,'(C1/100)*K3;',0,0,0,0,0,'CPFWage','OrdWage','AddWage','','','','','','','','','','','','','','','','','','','','','','','','','','','','','','','','');
      Insert into FormulaRange Values('0115P3FA0$50ERO',1,0,0,'(C1/100)*K2;',17,0,0,0,0,'CPFWage','OrdWage','AddWage','','','','','','','','','','','','','','','','','','','','','','','','','','','','','','','','');
      Insert into FormulaRange Values('0115P3FA0$50ERA',1,0,0,'(C1/100)*K3;',17,0,0,0,0,'CPFWage','OrdWage','AddWage','','','','','','','','','','','','','','','','','','','','','','','','','','','','','','','','');
      Insert into FormulaRange Values('0115P3FA0$50EEO',1,0,0,'(C1/100)*K2;',0,0,0,0,0,'CPFWage','OrdWage','AddWage','','','','','','','','','','','','','','','','','','','','','','','','','','','','','','','','');
      Insert into FormulaRange Values('0115P3FA0$50EEA',1,0,0,'(C1/100)*K3;',0,0,0,0,0,'CPFWage','OrdWage','AddWage','','','','','','','','','','','','','','','','','','','','','','','','','','','','','','','','');
      Insert into FormulaRange Values('0115P3FA0$500ERO',1,0,0,'(C1/100)*K2;',17,0,0,0,0,'CPFWage','OrdWage','AddWage','','','','','','','','','','','','','','','','','','','','','','','','','','','','','','','','');
      Insert into FormulaRange Values('0115P3FA0$500ERA',1,0,0,'(C1/100)*K3;',17,0,0,0,0,'CPFWage','OrdWage','AddWage','','','','','','','','','','','','','','','','','','','','','','','','','','','','','','','','');
      Insert into FormulaRange Values('0115P3FA0$500EEO',1,0,0,'(K2/K1)*(C1 * (K1 - C2) + C3);',0.6,500,0,0,0,'CPFWage','OrdWage','AddWage','','','','','','','','','','','','','','','','','','','','','','','','','','','','','','','','');
      Insert into FormulaRange Values('0115P3FA0$500EEA',1,0,0,'(K3/K1)*(C1 * (K1 - C2) + C3);',0.6,500,0,0,0,'CPFWage','OrdWage','AddWage','','','','','','','','','','','','','','','','','','','','','','','','','','','','','','','','');
      Insert into FormulaRange Values('0115P3FA0$750ERO',1,0,0,'@MAX( (C1/100)*K2 , C2 );',17,850,0,0,0,'CPFWage','OrdWage','AddWage','','','','','','','','','','','','','','','','','','','','','','','','','','','','','','','','');
      Insert into FormulaRange Values('0115P3FA0$750ERA',1,0,0,' (C1/100)*K3;',17,0,0,0,0,'CPFWage','OrdWage','AddWage','','','','','','','','','','','','','','','','','','','','','','','','','','','','','','','','');
      Insert into FormulaRange Values('0115P3FA0$750EEO',1,0,0,'@MAX( (C1/100)*K2 , C2 );',20,1000,0,0,0,'CPFWage','OrdWage','AddWage','','','','','','','','','','','','','','','','','','','','','','','','','','','','','','','','');
      Insert into FormulaRange Values('0115P3FA0$750EEA',1,0,0,' (C1/100)*K3;',20,0,0,0,0,'CPFWage','OrdWage','AddWage','','','','','','','','','','','','','','','','','','','','','','','','','','','','','','','','');
      Insert into FormulaRange Values('0115P3FA50$0ERO',1,0,0,'(C1/100)*K2;',0,0,0,0,0,'CPFWage','OrdWage','AddWage','','','','','','','','','','','','','','','','','','','','','','','','','','','','','','','','');
      Insert into FormulaRange Values('0115P3FA50$0ERA',1,0,0,'(C1/100)*K3;',0,0,0,0,0,'CPFWage','OrdWage','AddWage','','','','','','','','','','','','','','','','','','','','','','','','','','','','','','','','');
      Insert into FormulaRange Values('0115P3FA50$0EEO',1,0,0,'(C1/100)*K2;',0,0,0,0,0,'CPFWage','OrdWage','AddWage','','','','','','','','','','','','','','','','','','','','','','','','','','','','','','','','');
      Insert into FormulaRange Values('0115P3FA50$0EEA',1,0,0,'(C1/100)*K3;',0,0,0,0,0,'CPFWage','OrdWage','AddWage','','','','','','','','','','','','','','','','','','','','','','','','','','','','','','','','');
      Insert into FormulaRange Values('0115P3FA50$50ERO',1,0,0,'(C1/100)*K2;',16,0,0,0,0,'CPFWage','OrdWage','AddWage','','','','','','','','','','','','','','','','','','','','','','','','','','','','','','','','');
      Insert into FormulaRange Values('0115P3FA50$50ERA',1,0,0,'(C1/100)*K3;',16,0,0,0,0,'CPFWage','OrdWage','AddWage','','','','','','','','','','','','','','','','','','','','','','','','','','','','','','','','');
      Insert into FormulaRange Values('0115P3FA50$50EEO',1,0,0,'(C1/100)*K2;',0,0,0,0,0,'CPFWage','OrdWage','AddWage','','','','','','','','','','','','','','','','','','','','','','','','','','','','','','','','');
      Insert into FormulaRange Values('0115P3FA50$50EEA',1,0,0,'(C1/100)*K3;',0,0,0,0,0,'CPFWage','OrdWage','AddWage','','','','','','','','','','','','','','','','','','','','','','','','','','','','','','','','');
      Insert into FormulaRange Values('0115P3FA50$500ERO',1,0,0,'(C1/100)*K2;',16,0,0,0,0,'CPFWage','OrdWage','AddWage','','','','','','','','','','','','','','','','','','','','','','','','','','','','','','','','');
      Insert into FormulaRange Values('0115P3FA50$500ERA',1,0,0,'(C1/100)*K3;',16,0,0,0,0,'CPFWage','OrdWage','AddWage','','','','','','','','','','','','','','','','','','','','','','','','','','','','','','','','');
      Insert into FormulaRange Values('0115P3FA50$500EEO',1,0,0,'(K2/K1)*(C1 * (K1 - C2) + C3);',0.57,500,0,0,0,'CPFWage','OrdWage','AddWage','','','','','','','','','','','','','','','','','','','','','','','','','','','','','','','','');
      Insert into FormulaRange Values('0115P3FA50$500EEA',1,0,0,'(K3/K1)*(C1 * (K1 - C2) + C3);',0.57,500,0,0,0,'CPFWage','OrdWage','AddWage','','','','','','','','','','','','','','','','','','','','','','','','','','','','','','','','');
      Insert into FormulaRange Values('0115P3FA50$750ERO',1,0,0,'@MAX( (C1/100)*K2 , C2 );',16,800,0,0,0,'CPFWage','OrdWage','AddWage','','','','','','','','','','','','','','','','','','','','','','','','','','','','','','','','');
      Insert into FormulaRange Values('0115P3FA50$750ERA',1,0,0,' (C1/100)*K3;',16,0,0,0,0,'CPFWage','OrdWage','AddWage','','','','','','','','','','','','','','','','','','','','','','','','','','','','','','','','');
      Insert into FormulaRange Values('0115P3FA50$750EEO',1,0,0,'@MAX( (C1/100)*K2 , C2 );',19,950,0,0,0,'CPFWage','OrdWage','AddWage','','','','','','','','','','','','','','','','','','','','','','','','','','','','','','','','');
      Insert into FormulaRange Values('0115P3FA50$750EEA',1,0,0,' (C1/100)*K3;',19,0,0,0,0,'CPFWage','OrdWage','AddWage','','','','','','','','','','','','','','','','','','','','','','','','','','','','','','','','');
      Insert into FormulaRange Values('0115P3FA55$0ERO',1,0,0,'(C1/100)*K2;',0,0,0,0,0,'CPFWage','OrdWage','AddWage','','','','','','','','','','','','','','','','','','','','','','','','','','','','','','','','');
      Insert into FormulaRange Values('0115P3FA55$0ERA',1,0,0,'(C1/100)*K3;',0,0,0,0,0,'CPFWage','OrdWage','AddWage','','','','','','','','','','','','','','','','','','','','','','','','','','','','','','','','');
      Insert into FormulaRange Values('0115P3FA55$0EEO',1,0,0,'(C1/100)*K2;',0,0,0,0,0,'CPFWage','OrdWage','AddWage','','','','','','','','','','','','','','','','','','','','','','','','','','','','','','','','');
      Insert into FormulaRange Values('0115P3FA55$0EEA',1,0,0,'(C1/100)*K3;',0,0,0,0,0,'CPFWage','OrdWage','AddWage','','','','','','','','','','','','','','','','','','','','','','','','','','','','','','','','');
      Insert into FormulaRange Values('0115P3FA55$50ERO',1,0,0,'(C1/100)*K2;',12,0,0,0,0,'CPFWage','OrdWage','AddWage','','','','','','','','','','','','','','','','','','','','','','','','','','','','','','','','');
      Insert into FormulaRange Values('0115P3FA55$50ERA',1,0,0,'(C1/100)*K3;',12,0,0,0,0,'CPFWage','OrdWage','AddWage','','','','','','','','','','','','','','','','','','','','','','','','','','','','','','','','');
      Insert into FormulaRange Values('0115P3FA55$50EEO',1,0,0,'(C1/100)*K2;',0,0,0,0,0,'CPFWage','OrdWage','AddWage','','','','','','','','','','','','','','','','','','','','','','','','','','','','','','','','');
      Insert into FormulaRange Values('0115P3FA55$50EEA',1,0,0,'(C1/100)*K3;',0,0,0,0,0,'CPFWage','OrdWage','AddWage','','','','','','','','','','','','','','','','','','','','','','','','','','','','','','','','');
      Insert into FormulaRange Values('0115P3FA55$500ERO',1,0,0,'(C1/100)*K2;',12,0,0,0,0,'CPFWage','OrdWage','AddWage','','','','','','','','','','','','','','','','','','','','','','','','','','','','','','','','');
      Insert into FormulaRange Values('0115P3FA55$500ERA',1,0,0,'(C1/100)*K3;',12,0,0,0,0,'CPFWage','OrdWage','AddWage','','','','','','','','','','','','','','','','','','','','','','','','','','','','','','','','');
      Insert into FormulaRange Values('0115P3FA55$500EEO',1,0,0,'(K2/K1)*(C1 * (K1 - C2) + C3);',0.39,500,0,0,0,'CPFWage','OrdWage','AddWage','','','','','','','','','','','','','','','','','','','','','','','','','','','','','','','','');
      Insert into FormulaRange Values('0115P3FA55$500EEA',1,0,0,'(K3/K1)*(C1 * (K1 - C2) + C3);',0.39,500,0,0,0,'CPFWage','OrdWage','AddWage','','','','','','','','','','','','','','','','','','','','','','','','','','','','','','','','');
      Insert into FormulaRange Values('0115P3FA55$750ERO',1,0,0,'@MAX( (C1/100)*K2 , C2 );',12,600,0,0,0,'CPFWage','OrdWage','AddWage','','','','','','','','','','','','','','','','','','','','','','','','','','','','','','','','');
      Insert into FormulaRange Values('0115P3FA55$750ERA',1,0,0,' (C1/100)*K3;',12,0,0,0,0,'CPFWage','OrdWage','AddWage','','','','','','','','','','','','','','','','','','','','','','','','','','','','','','','','');
      Insert into FormulaRange Values('0115P3FA55$750EEO',1,0,0,'@MAX( (C1/100)*K2 , C2 );',13,650,0,0,0,'CPFWage','OrdWage','AddWage','','','','','','','','','','','','','','','','','','','','','','','','','','','','','','','','');
      Insert into FormulaRange Values('0115P3FA55$750EEA',1,0,0,' (C1/100)*K3;',13,0,0,0,0,'CPFWage','OrdWage','AddWage','','','','','','','','','','','','','','','','','','','','','','','','','','','','','','','','');
      Insert into FormulaRange Values('0115P3FA60$0ERO',1,0,0,'(C1/100)*K2;',0,0,0,0,0,'CPFWage','OrdWage','AddWage','','','','','','','','','','','','','','','','','','','','','','','','','','','','','','','','');
      Insert into FormulaRange Values('0115P3FA60$0ERA',1,0,0,'(C1/100)*K3;',0,0,0,0,0,'CPFWage','OrdWage','AddWage','','','','','','','','','','','','','','','','','','','','','','','','','','','','','','','','');
      Insert into FormulaRange Values('0115P3FA60$0EEO',1,0,0,'(C1/100)*K2;',0,0,0,0,0,'CPFWage','OrdWage','AddWage','','','','','','','','','','','','','','','','','','','','','','','','','','','','','','','','');
      Insert into FormulaRange Values('0115P3FA60$0EEA',1,0,0,'(C1/100)*K3;',0,0,0,0,0,'CPFWage','OrdWage','AddWage','','','','','','','','','','','','','','','','','','','','','','','','','','','','','','','','');
      Insert into FormulaRange Values('0115P3FA60$50ERO',1,0,0,'(C1/100)*K2;',8.5,0,0,0,0,'CPFWage','OrdWage','AddWage','','','','','','','','','','','','','','','','','','','','','','','','','','','','','','','','');
      Insert into FormulaRange Values('0115P3FA60$50ERA',1,0,0,'(C1/100)*K3;',8.5,0,0,0,0,'CPFWage','OrdWage','AddWage','','','','','','','','','','','','','','','','','','','','','','','','','','','','','','','','');
      Insert into FormulaRange Values('0115P3FA60$50EEO',1,0,0,'(C1/100)*K2;',0,0,0,0,0,'CPFWage','OrdWage','AddWage','','','','','','','','','','','','','','','','','','','','','','','','','','','','','','','','');
      Insert into FormulaRange Values('0115P3FA60$50EEA',1,0,0,'(C1/100)*K3;',0,0,0,0,0,'CPFWage','OrdWage','AddWage','','','','','','','','','','','','','','','','','','','','','','','','','','','','','','','','');
      Insert into FormulaRange Values('0115P3FA60$500ERO',1,0,0,'(C1/100)*K2;',8.5,0,0,0,0,'CPFWage','OrdWage','AddWage','','','','','','','','','','','','','','','','','','','','','','','','','','','','','','','','');
      Insert into FormulaRange Values('0115P3FA60$500ERA',1,0,0,'(C1/100)*K3;',8.5,0,0,0,0,'CPFWage','OrdWage','AddWage','','','','','','','','','','','','','','','','','','','','','','','','','','','','','','','','');
      Insert into FormulaRange Values('0115P3FA60$500EEO',1,0,0,'(K2/K1)*(C1 * (K1 - C2) + C3);',0.225,500,0,0,0,'CPFWage','OrdWage','AddWage','','','','','','','','','','','','','','','','','','','','','','','','','','','','','','','','');
      Insert into FormulaRange Values('0115P3FA60$500EEA',1,0,0,'(K3/K1)*(C1 * (K1 - C2) + C3);',0.225,500,0,0,0,'CPFWage','OrdWage','AddWage','','','','','','','','','','','','','','','','','','','','','','','','','','','','','','','','');
      Insert into FormulaRange Values('0115P3FA60$750ERO',1,0,0,'@MAX( (C1/100)*K2 , C2 );',8.5,425,0,0,0,'CPFWage','OrdWage','AddWage','','','','','','','','','','','','','','','','','','','','','','','','','','','','','','','','');
      Insert into FormulaRange Values('0115P3FA60$750ERA',1,0,0,' (C1/100)*K3;',8.5,0,0,0,0,'CPFWage','OrdWage','AddWage','','','','','','','','','','','','','','','','','','','','','','','','','','','','','','','','');
      Insert into FormulaRange Values('0115P3FA60$750EEO',1,0,0,'@MAX( (C1/100)*K2 , C2 );',7.5,375,0,0,0,'CPFWage','OrdWage','AddWage','','','','','','','','','','','','','','','','','','','','','','','','','','','','','','','','');
      Insert into FormulaRange Values('0115P3FA60$750EEA',1,0,0,' (C1/100)*K3;',7.5,0,0,0,0,'CPFWage','OrdWage','AddWage','','','','','','','','','','','','','','','','','','','','','','','','','','','','','','','','');
      Insert into FormulaRange Values('0115P3FA65$0ERO',1,0,0,'(C1/100)*K2;',0,0,0,0,0,'CPFWage','OrdWage','AddWage','','','','','','','','','','','','','','','','','','','','','','','','','','','','','','','','');
      Insert into FormulaRange Values('0115P3FA65$0ERA',1,0,0,'(C1/100)*K3;',0,0,0,0,0,'CPFWage','OrdWage','AddWage','','','','','','','','','','','','','','','','','','','','','','','','','','','','','','','','');
      Insert into FormulaRange Values('0115P3FA65$0EEO',1,0,0,'(C1/100)*K2;',0,0,0,0,0,'CPFWage','OrdWage','AddWage','','','','','','','','','','','','','','','','','','','','','','','','','','','','','','','','');
      Insert into FormulaRange Values('0115P3FA65$0EEA',1,0,0,'(C1/100)*K3;',0,0,0,0,0,'CPFWage','OrdWage','AddWage','','','','','','','','','','','','','','','','','','','','','','','','','','','','','','','','');
      Insert into FormulaRange Values('0115P3FA65$50ERO',1,0,0,'(C1/100)*K2;',7.5,0,0,0,0,'CPFWage','OrdWage','AddWage','','','','','','','','','','','','','','','','','','','','','','','','','','','','','','','','');
      Insert into FormulaRange Values('0115P3FA65$50ERA',1,0,0,'(C1/100)*K3;',7.5,0,0,0,0,'CPFWage','OrdWage','AddWage','','','','','','','','','','','','','','','','','','','','','','','','','','','','','','','','');
      Insert into FormulaRange Values('0115P3FA65$50EEO',1,0,0,'(C1/100)*K2;',0,0,0,0,0,'CPFWage','OrdWage','AddWage','','','','','','','','','','','','','','','','','','','','','','','','','','','','','','','','');
      Insert into FormulaRange Values('0115P3FA65$50EEA',1,0,0,'(C1/100)*K3;',0,0,0,0,0,'CPFWage','OrdWage','AddWage','','','','','','','','','','','','','','','','','','','','','','','','','','','','','','','','');
      Insert into FormulaRange Values('0115P3FA65$500ERO',1,0,0,'(C1/100)*K2;',7.5,0,0,0,0,'CPFWage','OrdWage','AddWage','','','','','','','','','','','','','','','','','','','','','','','','','','','','','','','','');
      Insert into FormulaRange Values('0115P3FA65$500ERA',1,0,0,'(C1/100)*K3;',7.5,0,0,0,0,'CPFWage','OrdWage','AddWage','','','','','','','','','','','','','','','','','','','','','','','','','','','','','','','','');
      Insert into FormulaRange Values('0115P3FA65$500EEO',1,0,0,'(K2/K1)*(C1 * (K1 - C2) + C3);',0.15,500,0,0,0,'CPFWage','OrdWage','AddWage','','','','','','','','','','','','','','','','','','','','','','','','','','','','','','','','');
      Insert into FormulaRange Values('0115P3FA65$500EEA',1,0,0,'(K3/K1)*(C1 * (K1 - C2) + C3);',0.15,500,0,0,0,'CPFWage','OrdWage','AddWage','','','','','','','','','','','','','','','','','','','','','','','','','','','','','','','','');
      Insert into FormulaRange Values('0115P3FA65$750ERO',1,0,0,'@MAX( (C1/100)*K2 , C2 );',7.5,375,0,0,0,'CPFWage','OrdWage','AddWage','','','','','','','','','','','','','','','','','','','','','','','','','','','','','','','','');
      Insert into FormulaRange Values('0115P3FA65$750ERA',1,0,0,' (C1/100)*K3;',7.5,0,0,0,0,'CPFWage','OrdWage','AddWage','','','','','','','','','','','','','','','','','','','','','','','','','','','','','','','','');
      Insert into FormulaRange Values('0115P3FA65$750EEO',1,0,0,'@MAX( (C1/100)*K2 , C2 );',5,250,0,0,0,'CPFWage','OrdWage','AddWage','','','','','','','','','','','','','','','','','','','','','','','','','','','','','','','','');
      Insert into FormulaRange Values('0115P3FA65$750EEA',1,0,0,' (C1/100)*K3;',5,0,0,0,0,'CPFWage','OrdWage','AddWage','','','','','','','','','','','','','','','','','','','','','','','','','','','','','','','','');
      Insert Into  CPFTableComponent Values('0115P3F',0,0,'0115P3FA0$0EEO','0115P3FA0$0ERO',50,50,'0115P3FA0$0EEA','0115P3FA0$0ERA');
      Insert Into  CPFTableComponent Values('0115P3F',50,0,'0115P3FA0$50EEO','0115P3FA0$50ERO',500,50,'0115P3FA0$50EEA','0115P3FA0$50ERA');
      Insert Into  CPFTableComponent Values('0115P3F',500,0,'0115P3FA0$500EEO','0115P3FA0$500ERO',750,50,'0115P3FA0$500EEA','0115P3FA0$500ERA');
      Insert Into  CPFTableComponent Values('0115P3F',750,0,'0115P3FA0$750EEO','0115P3FA0$750ERO',999999999,50,'0115P3FA0$750EEA','0115P3FA0$750ERA');
      Insert Into  CPFTableComponent Values('0115P3F',0,50,'0115P3FA50$0EEO','0115P3FA50$0ERO',50,55,'0115P3FA50$0EEA','0115P3FA50$0ERA');
      Insert Into  CPFTableComponent Values('0115P3F',50,50,'0115P3FA50$50EEO','0115P3FA50$50ERO',500,55,'0115P3FA50$50EEA','0115P3FA50$50ERA');
      Insert Into  CPFTableComponent Values('0115P3F',500,50,'0115P3FA50$500EEO','0115P3FA50$500ERO',750,55,'0115P3FA50$500EEA','0115P3FA50$500ERA');
      Insert Into  CPFTableComponent Values('0115P3F',750,50,'0115P3FA50$750EEO','0115P3FA50$750ERO',999999999,55,'0115P3FA50$750EEA','0115P3FA50$750ERA');
      Insert Into  CPFTableComponent Values('0115P3F',0,55,'0115P3FA55$0EEO','0115P3FA55$0ERO',50,60,'0115P3FA55$0EEA','0115P3FA55$0ERA');
      Insert Into  CPFTableComponent Values('0115P3F',50,55,'0115P3FA55$50EEO','0115P3FA55$50ERO',500,60,'0115P3FA55$50EEA','0115P3FA55$50ERA');
      Insert Into  CPFTableComponent Values('0115P3F',500,55,'0115P3FA55$500EEO','0115P3FA55$500ERO',750,60,'0115P3FA55$500EEA','0115P3FA55$500ERA');
      Insert Into  CPFTableComponent Values('0115P3F',750,55,'0115P3FA55$750EEO','0115P3FA55$750ERO',999999999,60,'0115P3FA55$750EEA','0115P3FA55$750ERA');
      Insert Into  CPFTableComponent Values('0115P3F',0,60,'0115P3FA60$0EEO','0115P3FA60$0ERO',50,65,'0115P3FA60$0EEA','0115P3FA60$0ERA');
      Insert Into  CPFTableComponent Values('0115P3F',50,60,'0115P3FA60$50EEO','0115P3FA60$50ERO',500,65,'0115P3FA60$50EEA','0115P3FA60$50ERA');
      Insert Into  CPFTableComponent Values('0115P3F',500,60,'0115P3FA60$500EEO','0115P3FA60$500ERO',750,65,'0115P3FA60$500EEA','0115P3FA60$500ERA');
      Insert Into  CPFTableComponent Values('0115P3F',750,60,'0115P3FA60$750EEO','0115P3FA60$750ERO',999999999,65,'0115P3FA60$750EEA','0115P3FA60$750ERA');
      Insert Into  CPFTableComponent Values('0115P3F',0,65,'0115P3FA65$0EEO','0115P3FA65$0ERO',50,99,'0115P3FA65$0EEA','0115P3FA65$0ERA');
      Insert Into  CPFTableComponent Values('0115P3F',50,65,'0115P3FA65$50EEO','0115P3FA65$50ERO',500,99,'0115P3FA65$50EEA','0115P3FA65$50ERA');
      Insert Into  CPFTableComponent Values('0115P3F',500,65,'0115P3FA65$500EEO','0115P3FA65$500ERO',750,99,'0115P3FA65$500EEA','0115P3FA65$500ERA');
      Insert Into  CPFTableComponent Values('0115P3F',750,65,'0115P3FA65$750EEO','0115P3FA65$750ERO',999999999,99,'0115P3FA65$750EEA','0115P3FA65$750ERA');    
    end if;	
   end if;
end if;

/*----------------------------------------------------------------------------------------------------------
	CPF Policy and Tables for Year 2016
-----------------------------------------------------------------------------------------------------------*/

if exists(select * from CPFPolicy where CPFPolicyId = 'Year2016Jan' ) then
   if not exists(select * from CPFPolicyMember cm join CPFTableCode cc on cm.CPFTableCodeId = cc.CPFTableCodeId where cm.CPFPolicyId = 'Year2016Jan' and cc.CPFResidenceTypeId = 'PR3' and cc.CPFSchemeId = 'Private - Full') then
      if not exists(select * from CPFTableCode  where CPFTableCodeId = '0116P3F') then 
         Insert into CPFTableCode Values('0116P3F','PR3','Private - Full','PR 3rd year and above - Employer Full 17%, Employee 20% wef January 1, 2016',6000,102000,0);
         Insert into CPFPolicyMember Values('Year2016Jan','0116P3F');
	  end if;
	  
	  /*-----------------------------------------------------------------------------------------------------------
	  PR 3 Full
      -----------------------------------------------------------------------------------------------------------*/

   if not exists(select * from Formula where Locate(FormulaId,'0116P3FA') = 1 and FormulaCategory='CPFFormula1') then

     Insert into Formula Values('0116P3FA0$0ERO',1,0,0,'CPFFormula1','ER','T1','','','',0,0);
     Insert into Formula Values('0116P3FA0$0ERA',1,0,0,'CPFFormula1','ER','T1','','','',0,0);
     Insert into Formula Values('0116P3FA0$0EEO',1,0,0,'CPFFormula1','EE','T1','','','',0,0);
     Insert into Formula Values('0116P3FA0$0EEA',1,0,0,'CPFFormula1','EE','T1','','','',0,0);
     Insert into Formula Values('0116P3FA0$50ERO',1,0,0,'CPFFormula1','ER','T1','','','',0,0);
     Insert into Formula Values('0116P3FA0$50ERA',1,0,0,'CPFFormula1','ER','T1','','','',0,0);
     Insert into Formula Values('0116P3FA0$50EEO',1,0,0,'CPFFormula1','EE','T1','','','',0,0);
     Insert into Formula Values('0116P3FA0$50EEA',1,0,0,'CPFFormula1','EE','T1','','','',0,0);
     Insert into Formula Values('0116P3FA0$500ERO',1,0,0,'CPFFormula1','ER','T1','','','',0,0);
     Insert into Formula Values('0116P3FA0$500ERA',1,0,0,'CPFFormula1','ER','T1','','','',0,0);
     Insert into Formula Values('0116P3FA0$500EEO',1,0,0,'CPFFormula1','EE','T4','','','',0,0);
     Insert into Formula Values('0116P3FA0$500EEA',1,0,0,'CPFFormula1','EE','T4','','','',0,0);
     Insert into Formula Values('0116P3FA0$750ERO',1,0,0,'CPFFormula1','ER','T3','','','',0,0);
     Insert into Formula Values('0116P3FA0$750ERA',1,0,0,'CPFFormula1','ER','T3','','','',0,0);
     Insert into Formula Values('0116P3FA0$750EEO',1,0,0,'CPFFormula1','EE','T3','','','',0,0);
     Insert into Formula Values('0116P3FA0$750EEA',1,0,0,'CPFFormula1','EE','T3','','','',0,0);
     Insert into Formula Values('0116P3FA55$0ERO',1,0,0,'CPFFormula1','ER','T1','','','',0,0);
     Insert into Formula Values('0116P3FA55$0ERA',1,0,0,'CPFFormula1','ER','T1','','','',0,0);
     Insert into Formula Values('0116P3FA55$0EEO',1,0,0,'CPFFormula1','EE','T1','','','',0,0);
     Insert into Formula Values('0116P3FA55$0EEA',1,0,0,'CPFFormula1','EE','T1','','','',0,0);
     Insert into Formula Values('0116P3FA55$50ERO',1,0,0,'CPFFormula1','ER','T1','','','',0,0);
     Insert into Formula Values('0116P3FA55$50ERA',1,0,0,'CPFFormula1','ER','T1','','','',0,0);
     Insert into Formula Values('0116P3FA55$50EEO',1,0,0,'CPFFormula1','EE','T1','','','',0,0);
     Insert into Formula Values('0116P3FA55$50EEA',1,0,0,'CPFFormula1','EE','T1','','','',0,0);
     Insert into Formula Values('0116P3FA55$500ERO',1,0,0,'CPFFormula1','ER','T1','','','',0,0);
     Insert into Formula Values('0116P3FA55$500ERA',1,0,0,'CPFFormula1','ER','T1','','','',0,0);
     Insert into Formula Values('0116P3FA55$500EEO',1,0,0,'CPFFormula1','EE','T4','','','',0,0);
     Insert into Formula Values('0116P3FA55$500EEA',1,0,0,'CPFFormula1','EE','T4','','','',0,0);
     Insert into Formula Values('0116P3FA55$750ERO',1,0,0,'CPFFormula1','ER','T3','','','',0,0);
     Insert into Formula Values('0116P3FA55$750ERA',1,0,0,'CPFFormula1','ER','T3','','','',0,0);
     Insert into Formula Values('0116P3FA55$750EEO',1,0,0,'CPFFormula1','EE','T3','','','',0,0);
     Insert into Formula Values('0116P3FA55$750EEA',1,0,0,'CPFFormula1','EE','T3','','','',0,0);
     Insert into Formula Values('0116P3FA60$0ERO',1,0,0,'CPFFormula1','ER','T1','','','',0,0);
     Insert into Formula Values('0116P3FA60$0ERA',1,0,0,'CPFFormula1','ER','T1','','','',0,0);
     Insert into Formula Values('0116P3FA60$0EEO',1,0,0,'CPFFormula1','EE','T1','','','',0,0);
     Insert into Formula Values('0116P3FA60$0EEA',1,0,0,'CPFFormula1','EE','T1','','','',0,0);
     Insert into Formula Values('0116P3FA60$50ERO',1,0,0,'CPFFormula1','ER','T1','','','',0,0);
     Insert into Formula Values('0116P3FA60$50ERA',1,0,0,'CPFFormula1','ER','T1','','','',0,0);
     Insert into Formula Values('0116P3FA60$50EEO',1,0,0,'CPFFormula1','EE','T1','','','',0,0);
     Insert into Formula Values('0116P3FA60$50EEA',1,0,0,'CPFFormula1','EE','T1','','','',0,0);
     Insert into Formula Values('0116P3FA60$500ERO',1,0,0,'CPFFormula1','ER','T1','','','',0,0);
     Insert into Formula Values('0116P3FA60$500ERA',1,0,0,'CPFFormula1','ER','T1','','','',0,0);
     Insert into Formula Values('0116P3FA60$500EEO',1,0,0,'CPFFormula1','EE','T4','','','',0,0);
     Insert into Formula Values('0116P3FA60$500EEA',1,0,0,'CPFFormula1','EE','T4','','','',0,0);
     Insert into Formula Values('0116P3FA60$750ERO',1,0,0,'CPFFormula1','ER','T3','','','',0,0);
     Insert into Formula Values('0116P3FA60$750ERA',1,0,0,'CPFFormula1','ER','T3','','','',0,0);
     Insert into Formula Values('0116P3FA60$750EEO',1,0,0,'CPFFormula1','EE','T3','','','',0,0);
     Insert into Formula Values('0116P3FA60$750EEA',1,0,0,'CPFFormula1','EE','T3','','','',0,0);
     Insert into Formula Values('0116P3FA65$0ERO',1,0,0,'CPFFormula1','ER','T1','','','',0,0);
     Insert into Formula Values('0116P3FA65$0ERA',1,0,0,'CPFFormula1','ER','T1','','','',0,0);
     Insert into Formula Values('0116P3FA65$0EEO',1,0,0,'CPFFormula1','EE','T1','','','',0,0);
     Insert into Formula Values('0116P3FA65$0EEA',1,0,0,'CPFFormula1','EE','T1','','','',0,0);
     Insert into Formula Values('0116P3FA65$50ERO',1,0,0,'CPFFormula1','ER','T1','','','',0,0);
     Insert into Formula Values('0116P3FA65$50ERA',1,0,0,'CPFFormula1','ER','T1','','','',0,0);
     Insert into Formula Values('0116P3FA65$50EEO',1,0,0,'CPFFormula1','EE','T1','','','',0,0);
     Insert into Formula Values('0116P3FA65$50EEA',1,0,0,'CPFFormula1','EE','T1','','','',0,0);
     Insert into Formula Values('0116P3FA65$500ERO',1,0,0,'CPFFormula1','ER','T1','','','',0,0);
     Insert into Formula Values('0116P3FA65$500ERA',1,0,0,'CPFFormula1','ER','T1','','','',0,0);
     Insert into Formula Values('0116P3FA65$500EEO',1,0,0,'CPFFormula1','EE','T4','','','',0,0);
     Insert into Formula Values('0116P3FA65$500EEA',1,0,0,'CPFFormula1','EE','T4','','','',0,0);
     Insert into Formula Values('0116P3FA65$750ERO',1,0,0,'CPFFormula1','ER','T3','','','',0,0);
     Insert into Formula Values('0116P3FA65$750ERA',1,0,0,'CPFFormula1','ER','T3','','','',0,0);
     Insert into Formula Values('0116P3FA65$750EEO',1,0,0,'CPFFormula1','EE','T3','','','',0,0);
     Insert into Formula Values('0116P3FA65$750EEA',1,0,0,'CPFFormula1','EE','T3','','','',0,0);
     Insert into FormulaRange Values('0116P3FA0$0ERO',1,0,0,'(C1/100)*K2;',0,0,0,0,0,'CPFWage','OrdWage','AddWage','','','','','','','','','','','','','','','','','','','','','','','','','','','','','','','','' );
     Insert into FormulaRange Values('0116P3FA0$0ERA',1,0,0,'(C1/100)*K3;',0,0,0,0,0,'CPFWage','OrdWage','AddWage','','','','','','','','','','','','','','','','','','','','','','','','','','','','','','','','' );
     Insert into FormulaRange Values('0116P3FA0$0EEO',1,0,0,'(C1/100)*K2;',0,0,0,0,0,'CPFWage','OrdWage','AddWage','','','','','','','','','','','','','','','','','','','','','','','','','','','','','','','','' );
     Insert into FormulaRange Values('0116P3FA0$0EEA',1,0,0,'(C1/100)*K3;',0,0,0,0,0,'CPFWage','OrdWage','AddWage','','','','','','','','','','','','','','','','','','','','','','','','','','','','','','','','' );
     Insert into FormulaRange Values('0116P3FA0$50ERO',1,0,0,'(C1/100)*K2;',17,0,0,0,0,'CPFWage','OrdWage','AddWage','','','','','','','','','','','','','','','','','','','','','','','','','','','','','','','','' );
     Insert into FormulaRange Values('0116P3FA0$50ERA',1,0,0,'(C1/100)*K3;',17,0,0,0,0,'CPFWage','OrdWage','AddWage','','','','','','','','','','','','','','','','','','','','','','','','','','','','','','','','' );
     Insert into FormulaRange Values('0116P3FA0$50EEO',1,0,0,'(C1/100)*K2;',0,0,0,0,0,'CPFWage','OrdWage','AddWage','','','','','','','','','','','','','','','','','','','','','','','','','','','','','','','','' );
     Insert into FormulaRange Values('0116P3FA0$50EEA',1,0,0,'(C1/100)*K3;',0,0,0,0,0,'CPFWage','OrdWage','AddWage','','','','','','','','','','','','','','','','','','','','','','','','','','','','','','','','' );
     Insert into FormulaRange Values('0116P3FA0$500ERO',1,0,0,'(C1/100)*K2;',17,0,0,0,0,'CPFWage','OrdWage','AddWage','','','','','','','','','','','','','','','','','','','','','','','','','','','','','','','','' );
     Insert into FormulaRange Values('0116P3FA0$500ERA',1,0,0,'(C1/100)*K3;',17,0,0,0,0,'CPFWage','OrdWage','AddWage','','','','','','','','','','','','','','','','','','','','','','','','','','','','','','','','' );
     Insert into FormulaRange Values('0116P3FA0$500EEO',1,0,0,'(K2/K1)*(C1 * (K1 - C2) + C3);',0.6,500,0,0,0,'CPFWage','OrdWage','AddWage','','','','','','','','','','','','','','','','','','','','','','','','','','','','','','','','' );
     Insert into FormulaRange Values('0116P3FA0$500EEA',1,0,0,'(K3/K1)*(C1 * (K1 - C2) + C3);',0.6,500,0,0,0,'CPFWage','OrdWage','AddWage','','','','','','','','','','','','','','','','','','','','','','','','','','','','','','','','' );
     Insert into FormulaRange Values('0116P3FA0$750ERO',1,0,0,'@MAX( (C1/100)*K2 , C2 );',17,1020,0,0,0,'CPFWage','OrdWage','AddWage','','','','','','','','','','','','','','','','','','','','','','','','','','','','','','','','' );
     Insert into FormulaRange Values('0116P3FA0$750ERA',1,0,0,' (C1/100)*K3;',17,0,0,0,0,'CPFWage','OrdWage','AddWage','','','','','','','','','','','','','','','','','','','','','','','','','','','','','','','','' );
     Insert into FormulaRange Values('0116P3FA0$750EEO',1,0,0,'@MAX( (C1/100)*K2 , C2 );',20,1200,0,0,0,'CPFWage','OrdWage','AddWage','','','','','','','','','','','','','','','','','','','','','','','','','','','','','','','','' );
     Insert into FormulaRange Values('0116P3FA0$750EEA',1,0,0,' (C1/100)*K3;',20,0,0,0,0,'CPFWage','OrdWage','AddWage','','','','','','','','','','','','','','','','','','','','','','','','','','','','','','','','' );
     Insert into FormulaRange Values('0116P3FA55$0ERO',1,0,0,'(C1/100)*K2;',0,0,0,0,0,'CPFWage','OrdWage','AddWage','','','','','','','','','','','','','','','','','','','','','','','','','','','','','','','','' );
     Insert into FormulaRange Values('0116P3FA55$0ERA',1,0,0,'(C1/100)*K3;',0,0,0,0,0,'CPFWage','OrdWage','AddWage','','','','','','','','','','','','','','','','','','','','','','','','','','','','','','','','' );
     Insert into FormulaRange Values('0116P3FA55$0EEO',1,0,0,'(C1/100)*K2;',0,0,0,0,0,'CPFWage','OrdWage','AddWage','','','','','','','','','','','','','','','','','','','','','','','','','','','','','','','','' );
     Insert into FormulaRange Values('0116P3FA55$0EEA',1,0,0,'(C1/100)*K3;',0,0,0,0,0,'CPFWage','OrdWage','AddWage','','','','','','','','','','','','','','','','','','','','','','','','','','','','','','','','' );
     Insert into FormulaRange Values('0116P3FA55$50ERO',1,0,0,'(C1/100)*K2;',13,0,0,0,0,'CPFWage','OrdWage','AddWage','','','','','','','','','','','','','','','','','','','','','','','','','','','','','','','','' );
     Insert into FormulaRange Values('0116P3FA55$50ERA',1,0,0,'(C1/100)*K3;',13,0,0,0,0,'CPFWage','OrdWage','AddWage','','','','','','','','','','','','','','','','','','','','','','','','','','','','','','','','' );
     Insert into FormulaRange Values('0116P3FA55$50EEO',1,0,0,'(C1/100)*K2;',0,0,0,0,0,'CPFWage','OrdWage','AddWage','','','','','','','','','','','','','','','','','','','','','','','','','','','','','','','','' );
     Insert into FormulaRange Values('0116P3FA55$50EEA',1,0,0,'(C1/100)*K3;',0,0,0,0,0,'CPFWage','OrdWage','AddWage','','','','','','','','','','','','','','','','','','','','','','','','','','','','','','','','' );
     Insert into FormulaRange Values('0116P3FA55$500ERO',1,0,0,'(C1/100)*K2;',13,0,0,0,0,'CPFWage','OrdWage','AddWage','','','','','','','','','','','','','','','','','','','','','','','','','','','','','','','','' );
     Insert into FormulaRange Values('0116P3FA55$500ERA',1,0,0,'(C1/100)*K3;',13,0,0,0,0,'CPFWage','OrdWage','AddWage','','','','','','','','','','','','','','','','','','','','','','','','','','','','','','','','' );
     Insert into FormulaRange Values('0116P3FA55$500EEO',1,0,0,'(K2/K1)*(C1 * (K1 - C2) + C3);',0.39,500,0,0,0,'CPFWage','OrdWage','AddWage','','','','','','','','','','','','','','','','','','','','','','','','','','','','','','','','' );
     Insert into FormulaRange Values('0116P3FA55$500EEA',1,0,0,'(K3/K1)*(C1 * (K1 - C2) + C3);',0.39,500,0,0,0,'CPFWage','OrdWage','AddWage','','','','','','','','','','','','','','','','','','','','','','','','','','','','','','','','' );
     Insert into FormulaRange Values('0116P3FA55$750ERO',1,0,0,'@MAX( (C1/100)*K2 , C2 );',13,780,0,0,0,'CPFWage','OrdWage','AddWage','','','','','','','','','','','','','','','','','','','','','','','','','','','','','','','','' );
     Insert into FormulaRange Values('0116P3FA55$750ERA',1,0,0,' (C1/100)*K3;',13,0,0,0,0,'CPFWage','OrdWage','AddWage','','','','','','','','','','','','','','','','','','','','','','','','','','','','','','','','' );
     Insert into FormulaRange Values('0116P3FA55$750EEO',1,0,0,'@MAX( (C1/100)*K2 , C2 );',13,780,0,0,0,'CPFWage','OrdWage','AddWage','','','','','','','','','','','','','','','','','','','','','','','','','','','','','','','','' );
     Insert into FormulaRange Values('0116P3FA55$750EEA',1,0,0,' (C1/100)*K3;',13,0,0,0,0,'CPFWage','OrdWage','AddWage','','','','','','','','','','','','','','','','','','','','','','','','','','','','','','','','' );
     Insert into FormulaRange Values('0116P3FA60$0ERO',1,0,0,'(C1/100)*K2;',0,0,0,0,0,'CPFWage','OrdWage','AddWage','','','','','','','','','','','','','','','','','','','','','','','','','','','','','','','','' );
     Insert into FormulaRange Values('0116P3FA60$0ERA',1,0,0,'(C1/100)*K3;',0,0,0,0,0,'CPFWage','OrdWage','AddWage','','','','','','','','','','','','','','','','','','','','','','','','','','','','','','','','' );
     Insert into FormulaRange Values('0116P3FA60$0EEO',1,0,0,'(C1/100)*K2;',0,0,0,0,0,'CPFWage','OrdWage','AddWage','','','','','','','','','','','','','','','','','','','','','','','','','','','','','','','','' );
     Insert into FormulaRange Values('0116P3FA60$0EEA',1,0,0,'(C1/100)*K3;',0,0,0,0,0,'CPFWage','OrdWage','AddWage','','','','','','','','','','','','','','','','','','','','','','','','','','','','','','','','' );
     Insert into FormulaRange Values('0116P3FA60$50ERO',1,0,0,'(C1/100)*K2;',9,0,0,0,0,'CPFWage','OrdWage','AddWage','','','','','','','','','','','','','','','','','','','','','','','','','','','','','','','','' );
     Insert into FormulaRange Values('0116P3FA60$50ERA',1,0,0,'(C1/100)*K3;',9,0,0,0,0,'CPFWage','OrdWage','AddWage','','','','','','','','','','','','','','','','','','','','','','','','','','','','','','','','' );
     Insert into FormulaRange Values('0116P3FA60$50EEO',1,0,0,'(C1/100)*K2;',0,0,0,0,0,'CPFWage','OrdWage','AddWage','','','','','','','','','','','','','','','','','','','','','','','','','','','','','','','','' );
     Insert into FormulaRange Values('0116P3FA60$50EEA',1,0,0,'(C1/100)*K3;',0,0,0,0,0,'CPFWage','OrdWage','AddWage','','','','','','','','','','','','','','','','','','','','','','','','','','','','','','','','' );
     Insert into FormulaRange Values('0116P3FA60$500ERO',1,0,0,'(C1/100)*K2;',9,0,0,0,0,'CPFWage','OrdWage','AddWage','','','','','','','','','','','','','','','','','','','','','','','','','','','','','','','','' );
     Insert into FormulaRange Values('0116P3FA60$500ERA',1,0,0,'(C1/100)*K3;',9,0,0,0,0,'CPFWage','OrdWage','AddWage','','','','','','','','','','','','','','','','','','','','','','','','','','','','','','','','' );
     Insert into FormulaRange Values('0116P3FA60$500EEO',1,0,0,'(K2/K1)*(C1 * (K1 - C2) + C3);',0.225,500,0,0,0,'CPFWage','OrdWage','AddWage','','','','','','','','','','','','','','','','','','','','','','','','','','','','','','','','' );
     Insert into FormulaRange Values('0116P3FA60$500EEA',1,0,0,'(K3/K1)*(C1 * (K1 - C2) + C3);',0.225,500,0,0,0,'CPFWage','OrdWage','AddWage','','','','','','','','','','','','','','','','','','','','','','','','','','','','','','','','' );
     Insert into FormulaRange Values('0116P3FA60$750ERO',1,0,0,'@MAX( (C1/100)*K2 , C2 );',9,540,0,0,0,'CPFWage','OrdWage','AddWage','','','','','','','','','','','','','','','','','','','','','','','','','','','','','','','','' );
     Insert into FormulaRange Values('0116P3FA60$750ERA',1,0,0,' (C1/100)*K3;',9,0,0,0,0,'CPFWage','OrdWage','AddWage','','','','','','','','','','','','','','','','','','','','','','','','','','','','','','','','' );
     Insert into FormulaRange Values('0116P3FA60$750EEO',1,0,0,'@MAX( (C1/100)*K2 , C2 );',7.5,450,0,0,0,'CPFWage','OrdWage','AddWage','','','','','','','','','','','','','','','','','','','','','','','','','','','','','','','','' );
     Insert into FormulaRange Values('0116P3FA60$750EEA',1,0,0,' (C1/100)*K3;',7.5,0,0,0,0,'CPFWage','OrdWage','AddWage','','','','','','','','','','','','','','','','','','','','','','','','','','','','','','','','' );
     Insert into FormulaRange Values('0116P3FA65$0ERO',1,0,0,'(C1/100)*K2;',0,0,0,0,0,'CPFWage','OrdWage','AddWage','','','','','','','','','','','','','','','','','','','','','','','','','','','','','','','','' );
     Insert into FormulaRange Values('0116P3FA65$0ERA',1,0,0,'(C1/100)*K3;',0,0,0,0,0,'CPFWage','OrdWage','AddWage','','','','','','','','','','','','','','','','','','','','','','','','','','','','','','','','' );
     Insert into FormulaRange Values('0116P3FA65$0EEO',1,0,0,'(C1/100)*K2;',0,0,0,0,0,'CPFWage','OrdWage','AddWage','','','','','','','','','','','','','','','','','','','','','','','','','','','','','','','','' );
     Insert into FormulaRange Values('0116P3FA65$0EEA',1,0,0,'(C1/100)*K3;',0,0,0,0,0,'CPFWage','OrdWage','AddWage','','','','','','','','','','','','','','','','','','','','','','','','','','','','','','','','' );
     Insert into FormulaRange Values('0116P3FA65$50ERO',1,0,0,'(C1/100)*K2;',7.5,0,0,0,0,'CPFWage','OrdWage','AddWage','','','','','','','','','','','','','','','','','','','','','','','','','','','','','','','','' );
     Insert into FormulaRange Values('0116P3FA65$50ERA',1,0,0,'(C1/100)*K3;',7.5,0,0,0,0,'CPFWage','OrdWage','AddWage','','','','','','','','','','','','','','','','','','','','','','','','','','','','','','','','' );
     Insert into FormulaRange Values('0116P3FA65$50EEO',1,0,0,'(C1/100)*K2;',0,0,0,0,0,'CPFWage','OrdWage','AddWage','','','','','','','','','','','','','','','','','','','','','','','','','','','','','','','','' );
     Insert into FormulaRange Values('0116P3FA65$50EEA',1,0,0,'(C1/100)*K3;',0,0,0,0,0,'CPFWage','OrdWage','AddWage','','','','','','','','','','','','','','','','','','','','','','','','','','','','','','','','' );
     Insert into FormulaRange Values('0116P3FA65$500ERO',1,0,0,'(C1/100)*K2;',7.5,0,0,0,0,'CPFWage','OrdWage','AddWage','','','','','','','','','','','','','','','','','','','','','','','','','','','','','','','','' );
     Insert into FormulaRange Values('0116P3FA65$500ERA',1,0,0,'(C1/100)*K3;',7.5,0,0,0,0,'CPFWage','OrdWage','AddWage','','','','','','','','','','','','','','','','','','','','','','','','','','','','','','','','' );
     Insert into FormulaRange Values('0116P3FA65$500EEO',1,0,0,'(K2/K1)*(C1 * (K1 - C2) + C3);',0.15,500,0,0,0,'CPFWage','OrdWage','AddWage','','','','','','','','','','','','','','','','','','','','','','','','','','','','','','','','' );
     Insert into FormulaRange Values('0116P3FA65$500EEA',1,0,0,'(K3/K1)*(C1 * (K1 - C2) + C3);',0.15,500,0,0,0,'CPFWage','OrdWage','AddWage','','','','','','','','','','','','','','','','','','','','','','','','','','','','','','','','' );
     Insert into FormulaRange Values('0116P3FA65$750ERO',1,0,0,'@MAX( (C1/100)*K2 , C2 );',7.5,450,0,0,0,'CPFWage','OrdWage','AddWage','','','','','','','','','','','','','','','','','','','','','','','','','','','','','','','','' );
     Insert into FormulaRange Values('0116P3FA65$750ERA',1,0,0,' (C1/100)*K3;',7.5,0,0,0,0,'CPFWage','OrdWage','AddWage','','','','','','','','','','','','','','','','','','','','','','','','','','','','','','','','' );
     Insert into FormulaRange Values('0116P3FA65$750EEO',1,0,0,'@MAX( (C1/100)*K2 , C2 );',5,300,0,0,0,'CPFWage','OrdWage','AddWage','','','','','','','','','','','','','','','','','','','','','','','','','','','','','','','','' );
     Insert into FormulaRange Values('0116P3FA65$750EEA',1,0,0,' (C1/100)*K3;',5,0,0,0,0,'CPFWage','OrdWage','AddWage','','','','','','','','','','','','','','','','','','','','','','','','','','','','','','','','' );
     Insert Into CPFTableComponent Values('0116P3F',0,0,'0116P3FA0$0EEO','0116P3FA0$0ERO',50,55,'0116P3FA0$0EEA','0116P3FA0$0ERA');
     Insert Into CPFTableComponent Values('0116P3F',50,0,'0116P3FA0$50EEO','0116P3FA0$50ERO',500,55,'0116P3FA0$50EEA','0116P3FA0$50ERA');
     Insert Into CPFTableComponent Values('0116P3F',500,0,'0116P3FA0$500EEO','0116P3FA0$500ERO',750,55,'0116P3FA0$500EEA','0116P3FA0$500ERA');
     Insert Into CPFTableComponent Values('0116P3F',750,0,'0116P3FA0$750EEO','0116P3FA0$750ERO',999999999,55,'0116P3FA0$750EEA','0116P3FA0$750ERA');
     Insert Into CPFTableComponent Values('0116P3F',0,55,'0116P3FA55$0EEO','0116P3FA55$0ERO',50,60,'0116P3FA55$0EEA','0116P3FA55$0ERA');
     Insert Into CPFTableComponent Values('0116P3F',50,55,'0116P3FA55$50EEO','0116P3FA55$50ERO',500,60,'0116P3FA55$50EEA','0116P3FA55$50ERA');
     Insert Into CPFTableComponent Values('0116P3F',500,55,'0116P3FA55$500EEO','0116P3FA55$500ERO',750,60,'0116P3FA55$500EEA','0116P3FA55$500ERA');
     Insert Into CPFTableComponent Values('0116P3F',750,55,'0116P3FA55$750EEO','0116P3FA55$750ERO',999999999,60,'0116P3FA55$750EEA','0116P3FA55$750ERA');
     Insert Into CPFTableComponent Values('0116P3F',0,60,'0116P3FA60$0EEO','0116P3FA60$0ERO',50,65,'0116P3FA60$0EEA','0116P3FA60$0ERA');
     Insert Into CPFTableComponent Values('0116P3F',50,60,'0116P3FA60$50EEO','0116P3FA60$50ERO',500,65,'0116P3FA60$50EEA','0116P3FA60$50ERA');
     Insert Into CPFTableComponent Values('0116P3F',500,60,'0116P3FA60$500EEO','0116P3FA60$500ERO',750,65,'0116P3FA60$500EEA','0116P3FA60$500ERA');
     Insert Into CPFTableComponent Values('0116P3F',750,60,'0116P3FA60$750EEO','0116P3FA60$750ERO',999999999,65,'0116P3FA60$750EEA','0116P3FA60$750ERA');
     Insert Into CPFTableComponent Values('0116P3F',0,65,'0116P3FA65$0EEO','0116P3FA65$0ERO',50,99,'0116P3FA65$0EEA','0116P3FA65$0ERA');
     Insert Into CPFTableComponent Values('0116P3F',50,65,'0116P3FA65$50EEO','0116P3FA65$50ERO',500,99,'0116P3FA65$50EEA','0116P3FA65$50ERA');
     Insert Into CPFTableComponent Values('0116P3F',500,65,'0116P3FA65$500EEO','0116P3FA65$500ERO',750,99,'0116P3FA65$500EEA','0116P3FA65$500ERA');
     Insert Into CPFTableComponent Values('0116P3F',750,65,'0116P3FA65$750EEO','0116P3FA65$750ERO',999999999,99,'0116P3FA65$750EEA','0116P3FA65$750ERA');
    end if;	
   end if;
end if;

Commit Work;