/*Begin of head for every patch*/
if exists(select * from "DBA"."subRegistry" WHERE registryid='System'and subregistryid='Patch')
then  
   Delete from SubRegistry where registryid='System'and subregistryid='Patch'
end if;
/*End of head for every patch*/

/*-----------------------------------------------------------------------------------------------------------
	CPF Policy and Tables
-----------------------------------------------------------------------------------------------------------*/

if not exists(select * from CPFPolicy where CPFPolicyId = 'SOCSOYr2013Jan' ) then
Insert into CPFPolicy Values('SOCSOYr2013Jan',1,'SOCSO for Year 2013');
end if;

if not exists(select * from CPFTableCode  where CPFTableCodeId = 'SO13ST1') then
Insert into CPFTableCode Values('SO13ST1','Local','SOCSO1st','SOCSO 1st Category for Malaysian',0,0,0);
Insert into CPFPolicyMember Values('SOCSOYr2013Jan','SO13ST1');
end if;

if not exists(select * from CPFTableCode  where CPFTableCodeId = 'SO13PR1') then
Insert into CPFTableCode Values('SO13PR1','PR','SOCSO1st','SOCSO 1st Category for PR',0,0,0);
Insert into CPFPolicyMember Values('SOCSOYr2013Jan','SO13PR1');
end if;

if not exists(select * from CPFTableCode  where CPFTableCodeId = 'SO13ST2') then
Insert into CPFTableCode Values('SO13ST2','Local','SOCSO2nd','SOCSO 2nd Category for Malaysian',0,0,0);
Insert into CPFPolicyMember Values('SOCSOYr2013Jan','SO13ST2');
end if;

if not exists(select * from CPFTableCode  where CPFTableCodeId = 'SO13PR2') then
Insert into CPFTableCode Values('SO13PR2','PR','SOCSO2nd','SOCSO 2nd Category for PR',0,0,0);
Insert into CPFPolicyMember Values('SOCSOYr2013Jan','SO13PR2');
end if;

if not exists(select * from CPFTableCode  where CPFTableCodeId = 'SO13EX1') then
Insert into CPFTableCode Values('SO13EX1','FW','SOCSO1st','SOCSO 1st Category for Foreigner',0,0,0);
Insert into CPFPolicyMember Values('SOCSOYr2013Jan','SO13EX1');
end if;

if not exists(select * from CPFTableCode  where CPFTableCodeId = 'SO13EX2') then
Insert into CPFTableCode Values('SO13EX2','FW','SOCSO2nd','SOCSO 2nd Category for Foreigner',0,0,0);
Insert into CPFPolicyMember Values('SOCSOYr2013Jan','SO13EX2');
end if;


/*-----------------------------------------------------------------------------------------------------------
	EX
-----------------------------------------------------------------------------------------------------------*/
if not exists(select * from Formula where Locate(FormulaId,'SO13EXA') = 1 and FormulaCategory='EPFFormula') then
Insert into Formula Values('SO13EXA0$0EE1',1,0,0,'EPFFormula','EE','T4','','','','','');
Insert into Formula Values('SO13EXA0$0ER1',1,0,0,'EPFFormula','ER','T4','','','','','');
Insert into Formula Values('SO13EXA0$0EE2',1,0,0,'EPFFormula','EE','T4','','','','','');
Insert into Formula Values('SO13EXA0$0ER2',1,0,0,'EPFFormula','ER','T4','','','','','');
Insert into FormulaRange Values('SO13EXA0$0EE1',1,0,0,'C1;',0,0,0,0,0,'','','','','','','','','','','','','','','','','','','','','','','','','','','','','','','','','','','');
Insert into FormulaRange Values('SO13EXA0$0ER1',1,0,0,'C1;',0,0,0,0,0,'','','','','','','','','','','','','','','','','','','','','','','','','','','','','','','','','','','');
Insert into FormulaRange Values('SO13EXA0$0EE2',1,0,0,'C1;',0,0,0,0,0,'','','','','','','','','','','','','','','','','','','','','','','','','','','','','','','','','','','');
Insert into FormulaRange Values('SO13EXA0$0ER2',1,0,0,'C1;',0,0,0,0,0,'','','','','','','','','','','','','','','','','','','','','','','','','','','','','','','','','','','');
Insert into CPFTableComponent  Values('SO13EX1',0,0,'SO13EXA0$0EE1','SO13EXA0$0ER1',999999,99,'','');
Insert into CPFTableComponent  Values('SO13EX2',0,0,'SO13EXA0$0EE2','SO13EXA0$0ER2',999999,99,'','');
end if;

/*-----------------------------------------------------------------------------------------------------------
	PR
-----------------------------------------------------------------------------------------------------------*/

if not exists(select * from Formula where Locate(FormulaId,'SO13PRA') = 1 and FormulaCategory='EPFFormula') then
Insert into Formula Values('SO13PRA0$0ER1',1,0,0,'EPFFormula','ER','T4','','','','','');
Insert into Formula Values('SO13PRA0$30ER1',1,0,0,'EPFFormula','ER','T4','','','','','');
Insert into Formula Values('SO13PRA0$50ER1',1,0,0,'EPFFormula','ER','T4','','','','','');
Insert into Formula Values('SO13PRA0$70ER1',1,0,0,'EPFFormula','ER','T4','','','','','');
Insert into Formula Values('SO13PRA0$100ER1',1,0,0,'EPFFormula','ER','T4','','','','','');
Insert into Formula Values('SO13PRA0$140ER1',1,0,0,'EPFFormula','ER','T4','','','','','');
Insert into Formula Values('SO13PRA0$200ER1',1,0,0,'EPFFormula','ER','T4','','','','','');
Insert into Formula Values('SO13PRA0$300ER1',1,0,0,'EPFFormula','ER','T4','','','','','');
Insert into Formula Values('SO13PRA0$400ER1',1,0,0,'EPFFormula','ER','T4','','','','','');
Insert into Formula Values('SO13PRA0$500ER1',1,0,0,'EPFFormula','ER','T4','','','','','');
Insert into Formula Values('SO13PRA0$600ER1',1,0,0,'EPFFormula','ER','T4','','','','','');
Insert into Formula Values('SO13PRA0$700ER1',1,0,0,'EPFFormula','ER','T4','','','','','');
Insert into Formula Values('SO13PRA0$800ER1',1,0,0,'EPFFormula','ER','T4','','','','','');
Insert into Formula Values('SO13PRA0$900ER1',1,0,0,'EPFFormula','ER','T4','','','','','');
Insert into Formula Values('SO13PRA0$1000ER1',1,0,0,'EPFFormula','ER','T4','','','','','');
Insert into Formula Values('SO13PRA0$1100ER1',1,0,0,'EPFFormula','ER','T4','','','','','');
Insert into Formula Values('SO13PRA0$1200ER1',1,0,0,'EPFFormula','ER','T4','','','','','');
Insert into Formula Values('SO13PRA0$1300ER1',1,0,0,'EPFFormula','ER','T4','','','','','');
Insert into Formula Values('SO13PRA0$1400ER1',1,0,0,'EPFFormula','ER','T4','','','','','');
Insert into Formula Values('SO13PRA0$1500ER1',1,0,0,'EPFFormula','ER','T4','','','','','');
Insert into Formula Values('SO13PRA0$1600ER1',1,0,0,'EPFFormula','ER','T4','','','','','');
Insert into Formula Values('SO13PRA0$1700ER1',1,0,0,'EPFFormula','ER','T4','','','','','');
Insert into Formula Values('SO13PRA0$1800ER1',1,0,0,'EPFFormula','ER','T4','','','','','');
Insert into Formula Values('SO13PRA0$1900ER1',1,0,0,'EPFFormula','ER','T4','','','','','');
Insert into Formula Values('SO13PRA0$2000ER1',1,0,0,'EPFFormula','ER','T4','','','','','');
Insert into Formula Values('SO13PRA0$2100ER1',1,0,0,'EPFFormula','ER','T4','','','','','');
Insert into Formula Values('SO13PRA0$2200ER1',1,0,0,'EPFFormula','ER','T4','','','','','');
Insert into Formula Values('SO13PRA0$2300ER1',1,0,0,'EPFFormula','ER','T4','','','','','');
Insert into Formula Values('SO13PRA0$2400ER1',1,0,0,'EPFFormula','ER','T4','','','','','');
Insert into Formula Values('SO13PRA0$2500ER1',1,0,0,'EPFFormula','ER','T4','','','','','');
Insert into Formula Values('SO13PRA0$2600ER1',1,0,0,'EPFFormula','ER','T4','','','','','');
Insert into Formula Values('SO13PRA0$2700ER1',1,0,0,'EPFFormula','ER','T4','','','','','');
Insert into Formula Values('SO13PRA0$2800ER1',1,0,0,'EPFFormula','ER','T4','','','','','');
Insert into Formula Values('SO13PRA0$2900ER1',1,0,0,'EPFFormula','ER','T4','','','','','');
Insert into Formula Values('SO13PRA60$0ER1',1,0,0,'EPFFormula','ER','T4','','','','','');
Insert into Formula Values('SO13PRA0$0EE1',1,0,0,'EPFFormula','EE','T4','','','','','');
Insert into Formula Values('SO13PRA0$30EE1',1,0,0,'EPFFormula','EE','T4','','','','','');
Insert into Formula Values('SO13PRA0$50EE1',1,0,0,'EPFFormula','EE','T4','','','','','');
Insert into Formula Values('SO13PRA0$70EE1',1,0,0,'EPFFormula','EE','T4','','','','','');
Insert into Formula Values('SO13PRA0$100EE1',1,0,0,'EPFFormula','EE','T4','','','','','');
Insert into Formula Values('SO13PRA0$140EE1',1,0,0,'EPFFormula','EE','T4','','','','','');
Insert into Formula Values('SO13PRA0$200EE1',1,0,0,'EPFFormula','EE','T4','','','','','');
Insert into Formula Values('SO13PRA0$300EE1',1,0,0,'EPFFormula','EE','T4','','','','','');
Insert into Formula Values('SO13PRA0$400EE1',1,0,0,'EPFFormula','EE','T4','','','','','');
Insert into Formula Values('SO13PRA0$500EE1',1,0,0,'EPFFormula','EE','T4','','','','','');
Insert into Formula Values('SO13PRA0$600EE1',1,0,0,'EPFFormula','EE','T4','','','','','');
Insert into Formula Values('SO13PRA0$700EE1',1,0,0,'EPFFormula','EE','T4','','','','','');
Insert into Formula Values('SO13PRA0$800EE1',1,0,0,'EPFFormula','EE','T4','','','','','');
Insert into Formula Values('SO13PRA0$900EE1',1,0,0,'EPFFormula','EE','T4','','','','','');
Insert into Formula Values('SO13PRA0$1000EE1',1,0,0,'EPFFormula','EE','T4','','','','','');
Insert into Formula Values('SO13PRA0$1100EE1',1,0,0,'EPFFormula','EE','T4','','','','','');
Insert into Formula Values('SO13PRA0$1200EE1',1,0,0,'EPFFormula','EE','T4','','','','','');
Insert into Formula Values('SO13PRA0$1300EE1',1,0,0,'EPFFormula','EE','T4','','','','','');
Insert into Formula Values('SO13PRA0$1400EE1',1,0,0,'EPFFormula','EE','T4','','','','','');
Insert into Formula Values('SO13PRA0$1500EE1',1,0,0,'EPFFormula','EE','T4','','','','','');
Insert into Formula Values('SO13PRA0$1600EE1',1,0,0,'EPFFormula','EE','T4','','','','','');
Insert into Formula Values('SO13PRA0$1700EE1',1,0,0,'EPFFormula','EE','T4','','','','','');
Insert into Formula Values('SO13PRA0$1800EE1',1,0,0,'EPFFormula','EE','T4','','','','','');
Insert into Formula Values('SO13PRA0$1900EE1',1,0,0,'EPFFormula','EE','T4','','','','','');
Insert into Formula Values('SO13PRA0$2000EE1',1,0,0,'EPFFormula','EE','T4','','','','','');
Insert into Formula Values('SO13PRA0$2100EE1',1,0,0,'EPFFormula','EE','T4','','','','','');
Insert into Formula Values('SO13PRA0$2200EE1',1,0,0,'EPFFormula','EE','T4','','','','','');
Insert into Formula Values('SO13PRA0$2300EE1',1,0,0,'EPFFormula','EE','T4','','','','','');
Insert into Formula Values('SO13PRA0$2400EE1',1,0,0,'EPFFormula','EE','T4','','','','','');
Insert into Formula Values('SO13PRA0$2500EE1',1,0,0,'EPFFormula','EE','T4','','','','','');
Insert into Formula Values('SO13PRA0$2600EE1',1,0,0,'EPFFormula','EE','T4','','','','','');
Insert into Formula Values('SO13PRA0$2700EE1',1,0,0,'EPFFormula','EE','T4','','','','','');
Insert into Formula Values('SO13PRA0$2800EE1',1,0,0,'EPFFormula','EE','T4','','','','','');
Insert into Formula Values('SO13PRA0$2900EE1',1,0,0,'EPFFormula','EE','T4','','','','','');
Insert into Formula Values('SO13PRA60$0EE1',1,0,0,'EPFFormula','EE','T4','','','','','');
Insert into Formula Values('SO13PRA0$0ER2',1,0,0,'EPFFormula','ER','T4','','','','','');
Insert into Formula Values('SO13PRA0$30ER2',1,0,0,'EPFFormula','ER','T4','','','','','');
Insert into Formula Values('SO13PRA0$50ER2',1,0,0,'EPFFormula','ER','T4','','','','','');
Insert into Formula Values('SO13PRA0$70ER2',1,0,0,'EPFFormula','ER','T4','','','','','');
Insert into Formula Values('SO13PRA0$100ER2',1,0,0,'EPFFormula','ER','T4','','','','','');
Insert into Formula Values('SO13PRA0$140ER2',1,0,0,'EPFFormula','ER','T4','','','','','');
Insert into Formula Values('SO13PRA0$200ER2',1,0,0,'EPFFormula','ER','T4','','','','','');
Insert into Formula Values('SO13PRA0$300ER2',1,0,0,'EPFFormula','ER','T4','','','','','');
Insert into Formula Values('SO13PRA0$400ER2',1,0,0,'EPFFormula','ER','T4','','','','','');
Insert into Formula Values('SO13PRA0$500ER2',1,0,0,'EPFFormula','ER','T4','','','','','');
Insert into Formula Values('SO13PRA0$600ER2',1,0,0,'EPFFormula','ER','T4','','','','','');
Insert into Formula Values('SO13PRA0$700ER2',1,0,0,'EPFFormula','ER','T4','','','','','');
Insert into Formula Values('SO13PRA0$800ER2',1,0,0,'EPFFormula','ER','T4','','','','','');
Insert into Formula Values('SO13PRA0$900ER2',1,0,0,'EPFFormula','ER','T4','','','','','');
Insert into Formula Values('SO13PRA0$1000ER2',1,0,0,'EPFFormula','ER','T4','','','','','');
Insert into Formula Values('SO13PRA0$1100ER2',1,0,0,'EPFFormula','ER','T4','','','','','');
Insert into Formula Values('SO13PRA0$1200ER2',1,0,0,'EPFFormula','ER','T4','','','','','');
Insert into Formula Values('SO13PRA0$1300ER2',1,0,0,'EPFFormula','ER','T4','','','','','');
Insert into Formula Values('SO13PRA0$1400ER2',1,0,0,'EPFFormula','ER','T4','','','','','');
Insert into Formula Values('SO13PRA0$1500ER2',1,0,0,'EPFFormula','ER','T4','','','','','');
Insert into Formula Values('SO13PRA0$1600ER2',1,0,0,'EPFFormula','ER','T4','','','','','');
Insert into Formula Values('SO13PRA0$1700ER2',1,0,0,'EPFFormula','ER','T4','','','','','');
Insert into Formula Values('SO13PRA0$1800ER2',1,0,0,'EPFFormula','ER','T4','','','','','');
Insert into Formula Values('SO13PRA0$1900ER2',1,0,0,'EPFFormula','ER','T4','','','','','');
Insert into Formula Values('SO13PRA0$2000ER2',1,0,0,'EPFFormula','ER','T4','','','','','');
Insert into Formula Values('SO13PRA0$2100ER2',1,0,0,'EPFFormula','ER','T4','','','','','');
Insert into Formula Values('SO13PRA0$2200ER2',1,0,0,'EPFFormula','ER','T4','','','','','');
Insert into Formula Values('SO13PRA0$2300ER2',1,0,0,'EPFFormula','ER','T4','','','','','');
Insert into Formula Values('SO13PRA0$2400ER2',1,0,0,'EPFFormula','ER','T4','','','','','');
Insert into Formula Values('SO13PRA0$2500ER2',1,0,0,'EPFFormula','ER','T4','','','','','');
Insert into Formula Values('SO13PRA0$2600ER2',1,0,0,'EPFFormula','ER','T4','','','','','');
Insert into Formula Values('SO13PRA0$2700ER2',1,0,0,'EPFFormula','ER','T4','','','','','');
Insert into Formula Values('SO13PRA0$2800ER2',1,0,0,'EPFFormula','ER','T4','','','','','');
Insert into Formula Values('SO13PRA0$2900ER2',1,0,0,'EPFFormula','ER','T4','','','','','');
Insert into Formula Values('SO13PRA60$0ER2',1,0,0,'EPFFormula','ER','T4','','','','','');
Insert into Formula Values('SO13PRA0$0EE2',1,0,0,'EPFFormula','EE','T4','','','','','');
Insert into Formula Values('SO13PRA0$30EE2',1,0,0,'EPFFormula','EE','T4','','','','','');
Insert into Formula Values('SO13PRA0$50EE2',1,0,0,'EPFFormula','EE','T4','','','','','');
Insert into Formula Values('SO13PRA0$70EE2',1,0,0,'EPFFormula','EE','T4','','','','','');
Insert into Formula Values('SO13PRA0$100EE2',1,0,0,'EPFFormula','EE','T4','','','','','');
Insert into Formula Values('SO13PRA0$140EE2',1,0,0,'EPFFormula','EE','T4','','','','','');
Insert into Formula Values('SO13PRA0$200EE2',1,0,0,'EPFFormula','EE','T4','','','','','');
Insert into Formula Values('SO13PRA0$300EE2',1,0,0,'EPFFormula','EE','T4','','','','','');
Insert into Formula Values('SO13PRA0$400EE2',1,0,0,'EPFFormula','EE','T4','','','','','');
Insert into Formula Values('SO13PRA0$500EE2',1,0,0,'EPFFormula','EE','T4','','','','','');
Insert into Formula Values('SO13PRA0$600EE2',1,0,0,'EPFFormula','EE','T4','','','','','');
Insert into Formula Values('SO13PRA0$700EE2',1,0,0,'EPFFormula','EE','T4','','','','','');
Insert into Formula Values('SO13PRA0$800EE2',1,0,0,'EPFFormula','EE','T4','','','','','');
Insert into Formula Values('SO13PRA0$900EE2',1,0,0,'EPFFormula','EE','T4','','','','','');
Insert into Formula Values('SO13PRA0$1000EE2',1,0,0,'EPFFormula','EE','T4','','','','','');
Insert into Formula Values('SO13PRA0$1100EE2',1,0,0,'EPFFormula','EE','T4','','','','','');
Insert into Formula Values('SO13PRA0$1200EE2',1,0,0,'EPFFormula','EE','T4','','','','','');
Insert into Formula Values('SO13PRA0$1300EE2',1,0,0,'EPFFormula','EE','T4','','','','','');
Insert into Formula Values('SO13PRA0$1400EE2',1,0,0,'EPFFormula','EE','T4','','','','','');
Insert into Formula Values('SO13PRA0$1500EE2',1,0,0,'EPFFormula','EE','T4','','','','','');
Insert into Formula Values('SO13PRA0$1600EE2',1,0,0,'EPFFormula','EE','T4','','','','','');
Insert into Formula Values('SO13PRA0$1700EE2',1,0,0,'EPFFormula','EE','T4','','','','','');
Insert into Formula Values('SO13PRA0$1800EE2',1,0,0,'EPFFormula','EE','T4','','','','','');
Insert into Formula Values('SO13PRA0$1900EE2',1,0,0,'EPFFormula','EE','T4','','','','','');
Insert into Formula Values('SO13PRA0$2000EE2',1,0,0,'EPFFormula','EE','T4','','','','','');
Insert into Formula Values('SO13PRA0$2100EE2',1,0,0,'EPFFormula','EE','T4','','','','','');
Insert into Formula Values('SO13PRA0$2200EE2',1,0,0,'EPFFormula','EE','T4','','','','','');
Insert into Formula Values('SO13PRA0$2300EE2',1,0,0,'EPFFormula','EE','T4','','','','','');
Insert into Formula Values('SO13PRA0$2400EE2',1,0,0,'EPFFormula','EE','T4','','','','','');
Insert into Formula Values('SO13PRA0$2500EE2',1,0,0,'EPFFormula','EE','T4','','','','','');
Insert into Formula Values('SO13PRA0$2600EE2',1,0,0,'EPFFormula','EE','T4','','','','','');
Insert into Formula Values('SO13PRA0$2700EE2',1,0,0,'EPFFormula','EE','T4','','','','','');
Insert into Formula Values('SO13PRA0$2800EE2',1,0,0,'EPFFormula','EE','T4','','','','','');
Insert into Formula Values('SO13PRA0$2900EE2',1,0,0,'EPFFormula','EE','T4','','','','','');
Insert into Formula Values('SO13PRA60$0EE2',1,0,0,'EPFFormula','EE','T4','','','','','');
Insert into FormulaRange Values('SO13PRA0$0ER1',1,0,0,'C1;',0.4,0,0,0,0,'','','','','','','','','','','','','','','','','','','','','','','','','','','','','','','','','','','');
Insert into FormulaRange Values('SO13PRA0$30ER1',1,0,0,'C1;',0.7,0,0,0,0,'','','','','','','','','','','','','','','','','','','','','','','','','','','','','','','','','','','');
Insert into FormulaRange Values('SO13PRA0$50ER1',1,0,0,'C1;',1.1,0,0,0,0,'','','','','','','','','','','','','','','','','','','','','','','','','','','','','','','','','','','');
Insert into FormulaRange Values('SO13PRA0$70ER1',1,0,0,'C1;',1.5,0,0,0,0,'','','','','','','','','','','','','','','','','','','','','','','','','','','','','','','','','','','');
Insert into FormulaRange Values('SO13PRA0$100ER1',1,0,0,'C1;',2.1,0,0,0,0,'','','','','','','','','','','','','','','','','','','','','','','','','','','','','','','','','','','');
Insert into FormulaRange Values('SO13PRA0$140ER1',1,0,0,'C1;',2.95,0,0,0,0,'','','','','','','','','','','','','','','','','','','','','','','','','','','','','','','','','','','');
Insert into FormulaRange Values('SO13PRA0$200ER1',1,0,0,'C1;',4.35,0,0,0,0,'','','','','','','','','','','','','','','','','','','','','','','','','','','','','','','','','','','');
Insert into FormulaRange Values('SO13PRA0$300ER1',1,0,0,'C1;',6.15,0,0,0,0,'','','','','','','','','','','','','','','','','','','','','','','','','','','','','','','','','','','');
Insert into FormulaRange Values('SO13PRA0$400ER1',1,0,0,'C1;',7.85,0,0,0,0,'','','','','','','','','','','','','','','','','','','','','','','','','','','','','','','','','','','');
Insert into FormulaRange Values('SO13PRA0$500ER1',1,0,0,'C1;',9.65,0,0,0,0,'','','','','','','','','','','','','','','','','','','','','','','','','','','','','','','','','','','');
Insert into FormulaRange Values('SO13PRA0$600ER1',1,0,0,'C1;',11.35,0,0,0,0,'','','','','','','','','','','','','','','','','','','','','','','','','','','','','','','','','','','');
Insert into FormulaRange Values('SO13PRA0$700ER1',1,0,0,'C1;',13.15,0,0,0,0,'','','','','','','','','','','','','','','','','','','','','','','','','','','','','','','','','','','');
Insert into FormulaRange Values('SO13PRA0$800ER1',1,0,0,'C1;',14.85,0,0,0,0,'','','','','','','','','','','','','','','','','','','','','','','','','','','','','','','','','','','');
Insert into FormulaRange Values('SO13PRA0$900ER1',1,0,0,'C1;',16.65,0,0,0,0,'','','','','','','','','','','','','','','','','','','','','','','','','','','','','','','','','','','');
Insert into FormulaRange Values('SO13PRA0$1000ER1',1,0,0,'C1;',18.35,0,0,0,0,'','','','','','','','','','','','','','','','','','','','','','','','','','','','','','','','','','','');
Insert into FormulaRange Values('SO13PRA0$1100ER1',1,0,0,'C1;',20.15,0,0,0,0,'','','','','','','','','','','','','','','','','','','','','','','','','','','','','','','','','','','');
Insert into FormulaRange Values('SO13PRA0$1200ER1',1,0,0,'C1;',21.85,0,0,0,0,'','','','','','','','','','','','','','','','','','','','','','','','','','','','','','','','','','','');
Insert into FormulaRange Values('SO13PRA0$1300ER1',1,0,0,'C1;',23.65,0,0,0,0,'','','','','','','','','','','','','','','','','','','','','','','','','','','','','','','','','','','');
Insert into FormulaRange Values('SO13PRA0$1400ER1',1,0,0,'C1;',25.35,0,0,0,0,'','','','','','','','','','','','','','','','','','','','','','','','','','','','','','','','','','','');
Insert into FormulaRange Values('SO13PRA0$1500ER1',1,0,0,'C1;',27.15,0,0,0,0,'','','','','','','','','','','','','','','','','','','','','','','','','','','','','','','','','','','');
Insert into FormulaRange Values('SO13PRA0$1600ER1',1,0,0,'C1;',28.85,0,0,0,0,'','','','','','','','','','','','','','','','','','','','','','','','','','','','','','','','','','','');
Insert into FormulaRange Values('SO13PRA0$1700ER1',1,0,0,'C1;',30.65,0,0,0,0,'','','','','','','','','','','','','','','','','','','','','','','','','','','','','','','','','','','');
Insert into FormulaRange Values('SO13PRA0$1800ER1',1,0,0,'C1;',32.35,0,0,0,0,'','','','','','','','','','','','','','','','','','','','','','','','','','','','','','','','','','','');
Insert into FormulaRange Values('SO13PRA0$1900ER1',1,0,0,'C1;',34.15,0,0,0,0,'','','','','','','','','','','','','','','','','','','','','','','','','','','','','','','','','','','');
Insert into FormulaRange Values('SO13PRA0$2000ER1',1,0,0,'C1;',35.85,0,0,0,0,'','','','','','','','','','','','','','','','','','','','','','','','','','','','','','','','','','','');
Insert into FormulaRange Values('SO13PRA0$2100ER1',1,0,0,'C1;',37.65,0,0,0,0,'','','','','','','','','','','','','','','','','','','','','','','','','','','','','','','','','','','');
Insert into FormulaRange Values('SO13PRA0$2200ER1',1,0,0,'C1;',39.35,0,0,0,0,'','','','','','','','','','','','','','','','','','','','','','','','','','','','','','','','','','','');
Insert into FormulaRange Values('SO13PRA0$2300ER1',1,0,0,'C1;',41.15,0,0,0,0,'','','','','','','','','','','','','','','','','','','','','','','','','','','','','','','','','','','');
Insert into FormulaRange Values('SO13PRA0$2400ER1',1,0,0,'C1;',42.85,0,0,0,0,'','','','','','','','','','','','','','','','','','','','','','','','','','','','','','','','','','','');
Insert into FormulaRange Values('SO13PRA0$2500ER1',1,0,0,'C1;',44.65,0,0,0,0,'','','','','','','','','','','','','','','','','','','','','','','','','','','','','','','','','','','');
Insert into FormulaRange Values('SO13PRA0$2600ER1',1,0,0,'C1;',46.35,0,0,0,0,'','','','','','','','','','','','','','','','','','','','','','','','','','','','','','','','','','','');
Insert into FormulaRange Values('SO13PRA0$2700ER1',1,0,0,'C1;',48.15,0,0,0,0,'','','','','','','','','','','','','','','','','','','','','','','','','','','','','','','','','','','');
Insert into FormulaRange Values('SO13PRA0$2800ER1',1,0,0,'C1;',49.85,0,0,0,0,'','','','','','','','','','','','','','','','','','','','','','','','','','','','','','','','','','','');
Insert into FormulaRange Values('SO13PRA0$2900ER1',1,0,0,'C1;',51.65,0,0,0,0,'','','','','','','','','','','','','','','','','','','','','','','','','','','','','','','','','','','');
Insert into FormulaRange Values('SO13PRA60$0ER1',1,0,0,'C1;',0,0,0,0,0,'','','','','','','','','','','','','','','','','','','','','','','','','','','','','','','','','','','');
Insert into FormulaRange Values('SO13PRA0$0EE1',1,0,0,'C1;',0.1,0,0,0,0,'','','','','','','','','','','','','','','','','','','','','','','','','','','','','','','','','','','');
Insert into FormulaRange Values('SO13PRA0$30EE1',1,0,0,'C1;',0.2,0,0,0,0,'','','','','','','','','','','','','','','','','','','','','','','','','','','','','','','','','','','');
Insert into FormulaRange Values('SO13PRA0$50EE1',1,0,0,'C1;',0.3,0,0,0,0,'','','','','','','','','','','','','','','','','','','','','','','','','','','','','','','','','','','');
Insert into FormulaRange Values('SO13PRA0$70EE1',1,0,0,'C1;',0.4,0,0,0,0,'','','','','','','','','','','','','','','','','','','','','','','','','','','','','','','','','','','');
Insert into FormulaRange Values('SO13PRA0$100EE1',1,0,0,'C1;',0.6,0,0,0,0,'','','','','','','','','','','','','','','','','','','','','','','','','','','','','','','','','','','');
Insert into FormulaRange Values('SO13PRA0$140EE1',1,0,0,'C1;',0.85,0,0,0,0,'','','','','','','','','','','','','','','','','','','','','','','','','','','','','','','','','','','');
Insert into FormulaRange Values('SO13PRA0$200EE1',1,0,0,'C1;',1.25,0,0,0,0,'','','','','','','','','','','','','','','','','','','','','','','','','','','','','','','','','','','');
Insert into FormulaRange Values('SO13PRA0$300EE1',1,0,0,'C1;',1.75,0,0,0,0,'','','','','','','','','','','','','','','','','','','','','','','','','','','','','','','','','','','');
Insert into FormulaRange Values('SO13PRA0$400EE1',1,0,0,'C1;',2.25,0,0,0,0,'','','','','','','','','','','','','','','','','','','','','','','','','','','','','','','','','','','');
Insert into FormulaRange Values('SO13PRA0$500EE1',1,0,0,'C1;',2.75,0,0,0,0,'','','','','','','','','','','','','','','','','','','','','','','','','','','','','','','','','','','');
Insert into FormulaRange Values('SO13PRA0$600EE1',1,0,0,'C1;',3.25,0,0,0,0,'','','','','','','','','','','','','','','','','','','','','','','','','','','','','','','','','','','');
Insert into FormulaRange Values('SO13PRA0$700EE1',1,0,0,'C1;',3.75,0,0,0,0,'','','','','','','','','','','','','','','','','','','','','','','','','','','','','','','','','','','');
Insert into FormulaRange Values('SO13PRA0$800EE1',1,0,0,'C1;',4.25,0,0,0,0,'','','','','','','','','','','','','','','','','','','','','','','','','','','','','','','','','','','');
Insert into FormulaRange Values('SO13PRA0$900EE1',1,0,0,'C1;',4.75,0,0,0,0,'','','','','','','','','','','','','','','','','','','','','','','','','','','','','','','','','','','');
Insert into FormulaRange Values('SO13PRA0$1000EE1',1,0,0,'C1;',5.25,0,0,0,0,'','','','','','','','','','','','','','','','','','','','','','','','','','','','','','','','','','','');
Insert into FormulaRange Values('SO13PRA0$1100EE1',1,0,0,'C1;',5.75,0,0,0,0,'','','','','','','','','','','','','','','','','','','','','','','','','','','','','','','','','','','');
Insert into FormulaRange Values('SO13PRA0$1200EE1',1,0,0,'C1;',6.25,0,0,0,0,'','','','','','','','','','','','','','','','','','','','','','','','','','','','','','','','','','','');
Insert into FormulaRange Values('SO13PRA0$1300EE1',1,0,0,'C1;',6.75,0,0,0,0,'','','','','','','','','','','','','','','','','','','','','','','','','','','','','','','','','','','');
Insert into FormulaRange Values('SO13PRA0$1400EE1',1,0,0,'C1;',7.25,0,0,0,0,'','','','','','','','','','','','','','','','','','','','','','','','','','','','','','','','','','','');
Insert into FormulaRange Values('SO13PRA0$1500EE1',1,0,0,'C1;',7.75,0,0,0,0,'','','','','','','','','','','','','','','','','','','','','','','','','','','','','','','','','','','');
Insert into FormulaRange Values('SO13PRA0$1600EE1',1,0,0,'C1;',8.25,0,0,0,0,'','','','','','','','','','','','','','','','','','','','','','','','','','','','','','','','','','','');
Insert into FormulaRange Values('SO13PRA0$1700EE1',1,0,0,'C1;',8.75,0,0,0,0,'','','','','','','','','','','','','','','','','','','','','','','','','','','','','','','','','','','');
Insert into FormulaRange Values('SO13PRA0$1800EE1',1,0,0,'C1;',9.25,0,0,0,0,'','','','','','','','','','','','','','','','','','','','','','','','','','','','','','','','','','','');
Insert into FormulaRange Values('SO13PRA0$1900EE1',1,0,0,'C1;',9.75,0,0,0,0,'','','','','','','','','','','','','','','','','','','','','','','','','','','','','','','','','','','');
Insert into FormulaRange Values('SO13PRA0$2000EE1',1,0,0,'C1;',10.25,0,0,0,0,'','','','','','','','','','','','','','','','','','','','','','','','','','','','','','','','','','','');
Insert into FormulaRange Values('SO13PRA0$2100EE1',1,0,0,'C1;',10.75,0,0,0,0,'','','','','','','','','','','','','','','','','','','','','','','','','','','','','','','','','','','');
Insert into FormulaRange Values('SO13PRA0$2200EE1',1,0,0,'C1;',11.25,0,0,0,0,'','','','','','','','','','','','','','','','','','','','','','','','','','','','','','','','','','','');
Insert into FormulaRange Values('SO13PRA0$2300EE1',1,0,0,'C1;',11.75,0,0,0,0,'','','','','','','','','','','','','','','','','','','','','','','','','','','','','','','','','','','');
Insert into FormulaRange Values('SO13PRA0$2400EE1',1,0,0,'C1;',12.25,0,0,0,0,'','','','','','','','','','','','','','','','','','','','','','','','','','','','','','','','','','','');
Insert into FormulaRange Values('SO13PRA0$2500EE1',1,0,0,'C1;',12.75,0,0,0,0,'','','','','','','','','','','','','','','','','','','','','','','','','','','','','','','','','','','');
Insert into FormulaRange Values('SO13PRA0$2600EE1',1,0,0,'C1;',13.25,0,0,0,0,'','','','','','','','','','','','','','','','','','','','','','','','','','','','','','','','','','','');
Insert into FormulaRange Values('SO13PRA0$2700EE1',1,0,0,'C1;',13.75,0,0,0,0,'','','','','','','','','','','','','','','','','','','','','','','','','','','','','','','','','','','');
Insert into FormulaRange Values('SO13PRA0$2800EE1',1,0,0,'C1;',14.25,0,0,0,0,'','','','','','','','','','','','','','','','','','','','','','','','','','','','','','','','','','','');
Insert into FormulaRange Values('SO13PRA0$2900EE1',1,0,0,'C1;',14.75,0,0,0,0,'','','','','','','','','','','','','','','','','','','','','','','','','','','','','','','','','','','');
Insert into FormulaRange Values('SO13PRA60$0EE1',1,0,0,'C1;',0,0,0,0,0,'','','','','','','','','','','','','','','','','','','','','','','','','','','','','','','','','','','');
Insert into FormulaRange Values('SO13PRA0$0ER2',1,0,0,'C1;',0.3,0,0,0,0,'','','','','','','','','','','','','','','','','','','','','','','','','','','','','','','','','','','');
Insert into FormulaRange Values('SO13PRA0$30ER2',1,0,0,'C1;',0.5,0,0,0,0,'','','','','','','','','','','','','','','','','','','','','','','','','','','','','','','','','','','');
Insert into FormulaRange Values('SO13PRA0$50ER2',1,0,0,'C1;',0.8,0,0,0,0,'','','','','','','','','','','','','','','','','','','','','','','','','','','','','','','','','','','');
Insert into FormulaRange Values('SO13PRA0$70ER2',1,0,0,'C1;',1.1,0,0,0,0,'','','','','','','','','','','','','','','','','','','','','','','','','','','','','','','','','','','');
Insert into FormulaRange Values('SO13PRA0$100ER2',1,0,0,'C1;',1.5,0,0,0,0,'','','','','','','','','','','','','','','','','','','','','','','','','','','','','','','','','','','');
Insert into FormulaRange Values('SO13PRA0$140ER2',1,0,0,'C1;',2.1,0,0,0,0,'','','','','','','','','','','','','','','','','','','','','','','','','','','','','','','','','','','');
Insert into FormulaRange Values('SO13PRA0$200ER2',1,0,0,'C1;',3.1,0,0,0,0,'','','','','','','','','','','','','','','','','','','','','','','','','','','','','','','','','','','');
Insert into FormulaRange Values('SO13PRA0$300ER2',1,0,0,'C1;',4.4,0,0,0,0,'','','','','','','','','','','','','','','','','','','','','','','','','','','','','','','','','','','');
Insert into FormulaRange Values('SO13PRA0$400ER2',1,0,0,'C1;',5.6,0,0,0,0,'','','','','','','','','','','','','','','','','','','','','','','','','','','','','','','','','','','');
Insert into FormulaRange Values('SO13PRA0$500ER2',1,0,0,'C1;',6.9,0,0,0,0,'','','','','','','','','','','','','','','','','','','','','','','','','','','','','','','','','','','');
Insert into FormulaRange Values('SO13PRA0$600ER2',1,0,0,'C1;',8.1,0,0,0,0,'','','','','','','','','','','','','','','','','','','','','','','','','','','','','','','','','','','');
Insert into FormulaRange Values('SO13PRA0$700ER2',1,0,0,'C1;',9.4,0,0,0,0,'','','','','','','','','','','','','','','','','','','','','','','','','','','','','','','','','','','');
Insert into FormulaRange Values('SO13PRA0$800ER2',1,0,0,'C1;',10.6,0,0,0,0,'','','','','','','','','','','','','','','','','','','','','','','','','','','','','','','','','','','');
Insert into FormulaRange Values('SO13PRA0$900ER2',1,0,0,'C1;',11.9,0,0,0,0,'','','','','','','','','','','','','','','','','','','','','','','','','','','','','','','','','','','');
Insert into FormulaRange Values('SO13PRA0$1000ER2',1,0,0,'C1;',13.1,0,0,0,0,'','','','','','','','','','','','','','','','','','','','','','','','','','','','','','','','','','','');
Insert into FormulaRange Values('SO13PRA0$1100ER2',1,0,0,'C1;',14.4,0,0,0,0,'','','','','','','','','','','','','','','','','','','','','','','','','','','','','','','','','','','');
Insert into FormulaRange Values('SO13PRA0$1200ER2',1,0,0,'C1;',15.6,0,0,0,0,'','','','','','','','','','','','','','','','','','','','','','','','','','','','','','','','','','','');
Insert into FormulaRange Values('SO13PRA0$1300ER2',1,0,0,'C1;',16.9,0,0,0,0,'','','','','','','','','','','','','','','','','','','','','','','','','','','','','','','','','','','');
Insert into FormulaRange Values('SO13PRA0$1400ER2',1,0,0,'C1;',18.1,0,0,0,0,'','','','','','','','','','','','','','','','','','','','','','','','','','','','','','','','','','','');
Insert into FormulaRange Values('SO13PRA0$1500ER2',1,0,0,'C1;',19.4,0,0,0,0,'','','','','','','','','','','','','','','','','','','','','','','','','','','','','','','','','','','');
Insert into FormulaRange Values('SO13PRA0$1600ER2',1,0,0,'C1;',20.6,0,0,0,0,'','','','','','','','','','','','','','','','','','','','','','','','','','','','','','','','','','','');
Insert into FormulaRange Values('SO13PRA0$1700ER2',1,0,0,'C1;',21.9,0,0,0,0,'','','','','','','','','','','','','','','','','','','','','','','','','','','','','','','','','','','');
Insert into FormulaRange Values('SO13PRA0$1800ER2',1,0,0,'C1;',23.1,0,0,0,0,'','','','','','','','','','','','','','','','','','','','','','','','','','','','','','','','','','','');
Insert into FormulaRange Values('SO13PRA0$1900ER2',1,0,0,'C1;',24.4,0,0,0,0,'','','','','','','','','','','','','','','','','','','','','','','','','','','','','','','','','','','');
Insert into FormulaRange Values('SO13PRA0$2000ER2',1,0,0,'C1;',25.6,0,0,0,0,'','','','','','','','','','','','','','','','','','','','','','','','','','','','','','','','','','','');
Insert into FormulaRange Values('SO13PRA0$2100ER2',1,0,0,'C1;',26.9,0,0,0,0,'','','','','','','','','','','','','','','','','','','','','','','','','','','','','','','','','','','');
Insert into FormulaRange Values('SO13PRA0$2200ER2',1,0,0,'C1;',28.1,0,0,0,0,'','','','','','','','','','','','','','','','','','','','','','','','','','','','','','','','','','','');
Insert into FormulaRange Values('SO13PRA0$2300ER2',1,0,0,'C1;',29.4,0,0,0,0,'','','','','','','','','','','','','','','','','','','','','','','','','','','','','','','','','','','');
Insert into FormulaRange Values('SO13PRA0$2400ER2',1,0,0,'C1;',30.6,0,0,0,0,'','','','','','','','','','','','','','','','','','','','','','','','','','','','','','','','','','','');
Insert into FormulaRange Values('SO13PRA0$2500ER2',1,0,0,'C1;',31.9,0,0,0,0,'','','','','','','','','','','','','','','','','','','','','','','','','','','','','','','','','','','');
Insert into FormulaRange Values('SO13PRA0$2600ER2',1,0,0,'C1;',33.1,0,0,0,0,'','','','','','','','','','','','','','','','','','','','','','','','','','','','','','','','','','','');
Insert into FormulaRange Values('SO13PRA0$2700ER2',1,0,0,'C1;',34.4,0,0,0,0,'','','','','','','','','','','','','','','','','','','','','','','','','','','','','','','','','','','');
Insert into FormulaRange Values('SO13PRA0$2800ER2',1,0,0,'C1;',35.6,0,0,0,0,'','','','','','','','','','','','','','','','','','','','','','','','','','','','','','','','','','','');
Insert into FormulaRange Values('SO13PRA0$2900ER2',1,0,0,'C1;',36.9,0,0,0,0,'','','','','','','','','','','','','','','','','','','','','','','','','','','','','','','','','','','');
Insert into FormulaRange Values('SO13PRA60$0ER2',1,0,0,'C1;',0,0,0,0,0,'','','','','','','','','','','','','','','','','','','','','','','','','','','','','','','','','','','');
Insert into FormulaRange Values('SO13PRA0$0EE2',1,0,0,'C1;',0,0,0,0,0,'','','','','','','','','','','','','','','','','','','','','','','','','','','','','','','','','','','');
Insert into FormulaRange Values('SO13PRA0$30EE2',1,0,0,'C1;',0,0,0,0,0,'','','','','','','','','','','','','','','','','','','','','','','','','','','','','','','','','','','');
Insert into FormulaRange Values('SO13PRA0$50EE2',1,0,0,'C1;',0,0,0,0,0,'','','','','','','','','','','','','','','','','','','','','','','','','','','','','','','','','','','');
Insert into FormulaRange Values('SO13PRA0$70EE2',1,0,0,'C1;',0,0,0,0,0,'','','','','','','','','','','','','','','','','','','','','','','','','','','','','','','','','','','');
Insert into FormulaRange Values('SO13PRA0$100EE2',1,0,0,'C1;',0,0,0,0,0,'','','','','','','','','','','','','','','','','','','','','','','','','','','','','','','','','','','');
Insert into FormulaRange Values('SO13PRA0$140EE2',1,0,0,'C1;',0,0,0,0,0,'','','','','','','','','','','','','','','','','','','','','','','','','','','','','','','','','','','');
Insert into FormulaRange Values('SO13PRA0$200EE2',1,0,0,'C1;',0,0,0,0,0,'','','','','','','','','','','','','','','','','','','','','','','','','','','','','','','','','','','');
Insert into FormulaRange Values('SO13PRA0$300EE2',1,0,0,'C1;',0,0,0,0,0,'','','','','','','','','','','','','','','','','','','','','','','','','','','','','','','','','','','');
Insert into FormulaRange Values('SO13PRA0$400EE2',1,0,0,'C1;',0,0,0,0,0,'','','','','','','','','','','','','','','','','','','','','','','','','','','','','','','','','','','');
Insert into FormulaRange Values('SO13PRA0$500EE2',1,0,0,'C1;',0,0,0,0,0,'','','','','','','','','','','','','','','','','','','','','','','','','','','','','','','','','','','');
Insert into FormulaRange Values('SO13PRA0$600EE2',1,0,0,'C1;',0,0,0,0,0,'','','','','','','','','','','','','','','','','','','','','','','','','','','','','','','','','','','');
Insert into FormulaRange Values('SO13PRA0$700EE2',1,0,0,'C1;',0,0,0,0,0,'','','','','','','','','','','','','','','','','','','','','','','','','','','','','','','','','','','');
Insert into FormulaRange Values('SO13PRA0$800EE2',1,0,0,'C1;',0,0,0,0,0,'','','','','','','','','','','','','','','','','','','','','','','','','','','','','','','','','','','');
Insert into FormulaRange Values('SO13PRA0$900EE2',1,0,0,'C1;',0,0,0,0,0,'','','','','','','','','','','','','','','','','','','','','','','','','','','','','','','','','','','');
Insert into FormulaRange Values('SO13PRA0$1000EE2',1,0,0,'C1;',0,0,0,0,0,'','','','','','','','','','','','','','','','','','','','','','','','','','','','','','','','','','','');
Insert into FormulaRange Values('SO13PRA0$1100EE2',1,0,0,'C1;',0,0,0,0,0,'','','','','','','','','','','','','','','','','','','','','','','','','','','','','','','','','','','');
Insert into FormulaRange Values('SO13PRA0$1200EE2',1,0,0,'C1;',0,0,0,0,0,'','','','','','','','','','','','','','','','','','','','','','','','','','','','','','','','','','','');
Insert into FormulaRange Values('SO13PRA0$1300EE2',1,0,0,'C1;',0,0,0,0,0,'','','','','','','','','','','','','','','','','','','','','','','','','','','','','','','','','','','');
Insert into FormulaRange Values('SO13PRA0$1400EE2',1,0,0,'C1;',0,0,0,0,0,'','','','','','','','','','','','','','','','','','','','','','','','','','','','','','','','','','','');
Insert into FormulaRange Values('SO13PRA0$1500EE2',1,0,0,'C1;',0,0,0,0,0,'','','','','','','','','','','','','','','','','','','','','','','','','','','','','','','','','','','');
Insert into FormulaRange Values('SO13PRA0$1600EE2',1,0,0,'C1;',0,0,0,0,0,'','','','','','','','','','','','','','','','','','','','','','','','','','','','','','','','','','','');
Insert into FormulaRange Values('SO13PRA0$1700EE2',1,0,0,'C1;',0,0,0,0,0,'','','','','','','','','','','','','','','','','','','','','','','','','','','','','','','','','','','');
Insert into FormulaRange Values('SO13PRA0$1800EE2',1,0,0,'C1;',0,0,0,0,0,'','','','','','','','','','','','','','','','','','','','','','','','','','','','','','','','','','','');
Insert into FormulaRange Values('SO13PRA0$1900EE2',1,0,0,'C1;',0,0,0,0,0,'','','','','','','','','','','','','','','','','','','','','','','','','','','','','','','','','','','');
Insert into FormulaRange Values('SO13PRA0$2000EE2',1,0,0,'C1;',0,0,0,0,0,'','','','','','','','','','','','','','','','','','','','','','','','','','','','','','','','','','','');
Insert into FormulaRange Values('SO13PRA0$2100EE2',1,0,0,'C1;',0,0,0,0,0,'','','','','','','','','','','','','','','','','','','','','','','','','','','','','','','','','','','');
Insert into FormulaRange Values('SO13PRA0$2200EE2',1,0,0,'C1;',0,0,0,0,0,'','','','','','','','','','','','','','','','','','','','','','','','','','','','','','','','','','','');
Insert into FormulaRange Values('SO13PRA0$2300EE2',1,0,0,'C1;',0,0,0,0,0,'','','','','','','','','','','','','','','','','','','','','','','','','','','','','','','','','','','');
Insert into FormulaRange Values('SO13PRA0$2400EE2',1,0,0,'C1;',0,0,0,0,0,'','','','','','','','','','','','','','','','','','','','','','','','','','','','','','','','','','','');
Insert into FormulaRange Values('SO13PRA0$2500EE2',1,0,0,'C1;',0,0,0,0,0,'','','','','','','','','','','','','','','','','','','','','','','','','','','','','','','','','','','');
Insert into FormulaRange Values('SO13PRA0$2600EE2',1,0,0,'C1;',0,0,0,0,0,'','','','','','','','','','','','','','','','','','','','','','','','','','','','','','','','','','','');
Insert into FormulaRange Values('SO13PRA0$2700EE2',1,0,0,'C1;',0,0,0,0,0,'','','','','','','','','','','','','','','','','','','','','','','','','','','','','','','','','','','');
Insert into FormulaRange Values('SO13PRA0$2800EE2',1,0,0,'C1;',0,0,0,0,0,'','','','','','','','','','','','','','','','','','','','','','','','','','','','','','','','','','','');
Insert into FormulaRange Values('SO13PRA0$2900EE2',1,0,0,'C1;',0,0,0,0,0,'','','','','','','','','','','','','','','','','','','','','','','','','','','','','','','','','','','');
Insert into FormulaRange Values('SO13PRA60$0EE2',1,0,0,'C1;',0,0,0,0,0,'','','','','','','','','','','','','','','','','','','','','','','','','','','','','','','','','','','');
Insert into CPFTableComponent  Values('SO13PR1',0,0,'SO13PRA0$0EE1','SO13PRA0$0ER1',30,60,'','');
Insert into CPFTableComponent  Values('SO13PR1',30,0,'SO13PRA0$30EE1','SO13PRA0$30ER1',50,60,'','');
Insert into CPFTableComponent  Values('SO13PR1',50,0,'SO13PRA0$50EE1','SO13PRA0$50ER1',70,60,'','');
Insert into CPFTableComponent  Values('SO13PR1',70,0,'SO13PRA0$70EE1','SO13PRA0$70ER1',100,60,'','');
Insert into CPFTableComponent  Values('SO13PR1',100,0,'SO13PRA0$100EE1','SO13PRA0$100ER1',140,60,'','');
Insert into CPFTableComponent  Values('SO13PR1',140,0,'SO13PRA0$140EE1','SO13PRA0$140ER1',200,60,'','');
Insert into CPFTableComponent  Values('SO13PR1',200,0,'SO13PRA0$200EE1','SO13PRA0$200ER1',300,60,'','');
Insert into CPFTableComponent  Values('SO13PR1',300,0,'SO13PRA0$300EE1','SO13PRA0$300ER1',400,60,'','');
Insert into CPFTableComponent  Values('SO13PR1',400,0,'SO13PRA0$400EE1','SO13PRA0$400ER1',500,60,'','');
Insert into CPFTableComponent  Values('SO13PR1',500,0,'SO13PRA0$500EE1','SO13PRA0$500ER1',600,60,'','');
Insert into CPFTableComponent  Values('SO13PR1',600,0,'SO13PRA0$600EE1','SO13PRA0$600ER1',700,60,'','');
Insert into CPFTableComponent  Values('SO13PR1',700,0,'SO13PRA0$700EE1','SO13PRA0$700ER1',800,60,'','');
Insert into CPFTableComponent  Values('SO13PR1',800,0,'SO13PRA0$800EE1','SO13PRA0$800ER1',900,60,'','');
Insert into CPFTableComponent  Values('SO13PR1',900,0,'SO13PRA0$900EE1','SO13PRA0$900ER1',1000,60,'','');
Insert into CPFTableComponent  Values('SO13PR1',1000,0,'SO13PRA0$1000EE1','SO13PRA0$1000ER1',1100,60,'','');
Insert into CPFTableComponent  Values('SO13PR1',1100,0,'SO13PRA0$1100EE1','SO13PRA0$1100ER1',1200,60,'','');
Insert into CPFTableComponent  Values('SO13PR1',1200,0,'SO13PRA0$1200EE1','SO13PRA0$1200ER1',1300,60,'','');
Insert into CPFTableComponent  Values('SO13PR1',1300,0,'SO13PRA0$1300EE1','SO13PRA0$1300ER1',1400,60,'','');
Insert into CPFTableComponent  Values('SO13PR1',1400,0,'SO13PRA0$1400EE1','SO13PRA0$1400ER1',1500,60,'','');
Insert into CPFTableComponent  Values('SO13PR1',1500,0,'SO13PRA0$1500EE1','SO13PRA0$1500ER1',1600,60,'','');
Insert into CPFTableComponent  Values('SO13PR1',1600,0,'SO13PRA0$1600EE1','SO13PRA0$1600ER1',1700,60,'','');
Insert into CPFTableComponent  Values('SO13PR1',1700,0,'SO13PRA0$1700EE1','SO13PRA0$1700ER1',1800,60,'','');
Insert into CPFTableComponent  Values('SO13PR1',1800,0,'SO13PRA0$1800EE1','SO13PRA0$1800ER1',1900,60,'','');
Insert into CPFTableComponent  Values('SO13PR1',1900,0,'SO13PRA0$1900EE1','SO13PRA0$1900ER1',2000,60,'','');
Insert into CPFTableComponent  Values('SO13PR1',2000,0,'SO13PRA0$2000EE1','SO13PRA0$2000ER1',2100,60,'','');
Insert into CPFTableComponent  Values('SO13PR1',2100,0,'SO13PRA0$2100EE1','SO13PRA0$2100ER1',2200,60,'','');
Insert into CPFTableComponent  Values('SO13PR1',2200,0,'SO13PRA0$2200EE1','SO13PRA0$2200ER1',2300,60,'','');
Insert into CPFTableComponent  Values('SO13PR1',2300,0,'SO13PRA0$2300EE1','SO13PRA0$2300ER1',2400,60,'','');
Insert into CPFTableComponent  Values('SO13PR1',2400,0,'SO13PRA0$2400EE1','SO13PRA0$2400ER1',2500,60,'','');
Insert into CPFTableComponent  Values('SO13PR1',2500,0,'SO13PRA0$2500EE1','SO13PRA0$2500ER1',2600,60,'','');
Insert into CPFTableComponent  Values('SO13PR1',2600,0,'SO13PRA0$2600EE1','SO13PRA0$2600ER1',2700,60,'','');
Insert into CPFTableComponent  Values('SO13PR1',2700,0,'SO13PRA0$2700EE1','SO13PRA0$2700ER1',2800,60,'','');
Insert into CPFTableComponent  Values('SO13PR1',2800,0,'SO13PRA0$2800EE1','SO13PRA0$2800ER1',2900,60,'','');
Insert into CPFTableComponent  Values('SO13PR1',2900,0,'SO13PRA0$2900EE1','SO13PRA0$2900ER1',999999,60,'','');
Insert into CPFTableComponent  Values('SO13PR1',0,60,'SO13PRA60$0EE1','SO13PRA60$0ER1',999999,99,'','');
Insert into CPFTableComponent  Values('SO13PR2',0,0,'SO13PRA0$0EE2','SO13PRA0$0ER2',30,99,'','');
Insert into CPFTableComponent  Values('SO13PR2',30,0,'SO13PRA0$30EE2','SO13PRA0$30ER2',50,99,'','');
Insert into CPFTableComponent  Values('SO13PR2',50,0,'SO13PRA0$50EE2','SO13PRA0$50ER2',70,99,'','');
Insert into CPFTableComponent  Values('SO13PR2',70,0,'SO13PRA0$70EE2','SO13PRA0$70ER2',100,99,'','');
Insert into CPFTableComponent  Values('SO13PR2',100,0,'SO13PRA0$100EE2','SO13PRA0$100ER2',140,99,'','');
Insert into CPFTableComponent  Values('SO13PR2',140,0,'SO13PRA0$140EE2','SO13PRA0$140ER2',200,99,'','');
Insert into CPFTableComponent  Values('SO13PR2',200,0,'SO13PRA0$200EE2','SO13PRA0$200ER2',300,99,'','');
Insert into CPFTableComponent  Values('SO13PR2',300,0,'SO13PRA0$300EE2','SO13PRA0$300ER2',400,99,'','');
Insert into CPFTableComponent  Values('SO13PR2',400,0,'SO13PRA0$400EE2','SO13PRA0$400ER2',500,99,'','');
Insert into CPFTableComponent  Values('SO13PR2',500,0,'SO13PRA0$500EE2','SO13PRA0$500ER2',600,99,'','');
Insert into CPFTableComponent  Values('SO13PR2',600,0,'SO13PRA0$600EE2','SO13PRA0$600ER2',700,99,'','');
Insert into CPFTableComponent  Values('SO13PR2',700,0,'SO13PRA0$700EE2','SO13PRA0$700ER2',800,99,'','');
Insert into CPFTableComponent  Values('SO13PR2',800,0,'SO13PRA0$800EE2','SO13PRA0$800ER2',900,99,'','');
Insert into CPFTableComponent  Values('SO13PR2',900,0,'SO13PRA0$900EE2','SO13PRA0$900ER2',1000,99,'','');
Insert into CPFTableComponent  Values('SO13PR2',1000,0,'SO13PRA0$1000EE2','SO13PRA0$1000ER2',1100,99,'','');
Insert into CPFTableComponent  Values('SO13PR2',1100,0,'SO13PRA0$1100EE2','SO13PRA0$1100ER2',1200,99,'','');
Insert into CPFTableComponent  Values('SO13PR2',1200,0,'SO13PRA0$1200EE2','SO13PRA0$1200ER2',1300,99,'','');
Insert into CPFTableComponent  Values('SO13PR2',1300,0,'SO13PRA0$1300EE2','SO13PRA0$1300ER2',1400,99,'','');
Insert into CPFTableComponent  Values('SO13PR2',1400,0,'SO13PRA0$1400EE2','SO13PRA0$1400ER2',1500,99,'','');
Insert into CPFTableComponent  Values('SO13PR2',1500,0,'SO13PRA0$1500EE2','SO13PRA0$1500ER2',1600,99,'','');
Insert into CPFTableComponent  Values('SO13PR2',1600,0,'SO13PRA0$1600EE2','SO13PRA0$1600ER2',1700,99,'','');
Insert into CPFTableComponent  Values('SO13PR2',1700,0,'SO13PRA0$1700EE2','SO13PRA0$1700ER2',1800,99,'','');
Insert into CPFTableComponent  Values('SO13PR2',1800,0,'SO13PRA0$1800EE2','SO13PRA0$1800ER2',1900,99,'','');
Insert into CPFTableComponent  Values('SO13PR2',1900,0,'SO13PRA0$1900EE2','SO13PRA0$1900ER2',2000,99,'','');
Insert into CPFTableComponent  Values('SO13PR2',2000,0,'SO13PRA0$2000EE2','SO13PRA0$2000ER2',2100,99,'','');
Insert into CPFTableComponent  Values('SO13PR2',2100,0,'SO13PRA0$2100EE2','SO13PRA0$2100ER2',2200,99,'','');
Insert into CPFTableComponent  Values('SO13PR2',2200,0,'SO13PRA0$2200EE2','SO13PRA0$2200ER2',2300,99,'','');
Insert into CPFTableComponent  Values('SO13PR2',2300,0,'SO13PRA0$2300EE2','SO13PRA0$2300ER2',2400,99,'','');
Insert into CPFTableComponent  Values('SO13PR2',2400,0,'SO13PRA0$2400EE2','SO13PRA0$2400ER2',2500,99,'','');
Insert into CPFTableComponent  Values('SO13PR2',2500,0,'SO13PRA0$2500EE2','SO13PRA0$2500ER2',2600,99,'','');
Insert into CPFTableComponent  Values('SO13PR2',2600,0,'SO13PRA0$2600EE2','SO13PRA0$2600ER2',2700,99,'','');
Insert into CPFTableComponent  Values('SO13PR2',2700,0,'SO13PRA0$2700EE2','SO13PRA0$2700ER2',2800,99,'','');
Insert into CPFTableComponent  Values('SO13PR2',2800,0,'SO13PRA0$2800EE2','SO13PRA0$2800ER2',2900,99,'','');
Insert into CPFTableComponent  Values('SO13PR2',2900,0,'SO13PRA0$2900EE2','SO13PRA0$2900ER2',999999,99,'','');
end if;

/*-----------------------------------------------------------------------------------------------------------
	ST
-----------------------------------------------------------------------------------------------------------*/

if not exists(select * from Formula where Locate(FormulaId,'SO13STA') = 1 and FormulaCategory='EPFFormula') then
Insert into Formula Values('SO13STA0$0ER1',1,0,0,'EPFFormula','ER','T4','','','','','');
Insert into Formula Values('SO13STA0$30ER1',1,0,0,'EPFFormula','ER','T4','','','','','');
Insert into Formula Values('SO13STA0$50ER1',1,0,0,'EPFFormula','ER','T4','','','','','');
Insert into Formula Values('SO13STA0$70ER1',1,0,0,'EPFFormula','ER','T4','','','','','');
Insert into Formula Values('SO13STA0$100ER1',1,0,0,'EPFFormula','ER','T4','','','','','');
Insert into Formula Values('SO13STA0$140ER1',1,0,0,'EPFFormula','ER','T4','','','','','');
Insert into Formula Values('SO13STA0$200ER1',1,0,0,'EPFFormula','ER','T4','','','','','');
Insert into Formula Values('SO13STA0$300ER1',1,0,0,'EPFFormula','ER','T4','','','','','');
Insert into Formula Values('SO13STA0$400ER1',1,0,0,'EPFFormula','ER','T4','','','','','');
Insert into Formula Values('SO13STA0$500ER1',1,0,0,'EPFFormula','ER','T4','','','','','');
Insert into Formula Values('SO13STA0$600ER1',1,0,0,'EPFFormula','ER','T4','','','','','');
Insert into Formula Values('SO13STA0$700ER1',1,0,0,'EPFFormula','ER','T4','','','','','');
Insert into Formula Values('SO13STA0$800ER1',1,0,0,'EPFFormula','ER','T4','','','','','');
Insert into Formula Values('SO13STA0$900ER1',1,0,0,'EPFFormula','ER','T4','','','','','');
Insert into Formula Values('SO13STA0$1000ER1',1,0,0,'EPFFormula','ER','T4','','','','','');
Insert into Formula Values('SO13STA0$1100ER1',1,0,0,'EPFFormula','ER','T4','','','','','');
Insert into Formula Values('SO13STA0$1200ER1',1,0,0,'EPFFormula','ER','T4','','','','','');
Insert into Formula Values('SO13STA0$1300ER1',1,0,0,'EPFFormula','ER','T4','','','','','');
Insert into Formula Values('SO13STA0$1400ER1',1,0,0,'EPFFormula','ER','T4','','','','','');
Insert into Formula Values('SO13STA0$1500ER1',1,0,0,'EPFFormula','ER','T4','','','','','');
Insert into Formula Values('SO13STA0$1600ER1',1,0,0,'EPFFormula','ER','T4','','','','','');
Insert into Formula Values('SO13STA0$1700ER1',1,0,0,'EPFFormula','ER','T4','','','','','');
Insert into Formula Values('SO13STA0$1800ER1',1,0,0,'EPFFormula','ER','T4','','','','','');
Insert into Formula Values('SO13STA0$1900ER1',1,0,0,'EPFFormula','ER','T4','','','','','');
Insert into Formula Values('SO13STA0$2000ER1',1,0,0,'EPFFormula','ER','T4','','','','','');
Insert into Formula Values('SO13STA0$2100ER1',1,0,0,'EPFFormula','ER','T4','','','','','');
Insert into Formula Values('SO13STA0$2200ER1',1,0,0,'EPFFormula','ER','T4','','','','','');
Insert into Formula Values('SO13STA0$2300ER1',1,0,0,'EPFFormula','ER','T4','','','','','');
Insert into Formula Values('SO13STA0$2400ER1',1,0,0,'EPFFormula','ER','T4','','','','','');
Insert into Formula Values('SO13STA0$2500ER1',1,0,0,'EPFFormula','ER','T4','','','','','');
Insert into Formula Values('SO13STA0$2600ER1',1,0,0,'EPFFormula','ER','T4','','','','','');
Insert into Formula Values('SO13STA0$2700ER1',1,0,0,'EPFFormula','ER','T4','','','','','');
Insert into Formula Values('SO13STA0$2800ER1',1,0,0,'EPFFormula','ER','T4','','','','','');
Insert into Formula Values('SO13STA0$2900ER1',1,0,0,'EPFFormula','ER','T4','','','','','');
Insert into Formula Values('SO13STA60$0ER1',1,0,0,'EPFFormula','ER','T4','','','','','');
Insert into Formula Values('SO13STA0$0EE1',1,0,0,'EPFFormula','EE','T4','','','','','');
Insert into Formula Values('SO13STA0$30EE1',1,0,0,'EPFFormula','EE','T4','','','','','');
Insert into Formula Values('SO13STA0$50EE1',1,0,0,'EPFFormula','EE','T4','','','','','');
Insert into Formula Values('SO13STA0$70EE1',1,0,0,'EPFFormula','EE','T4','','','','','');
Insert into Formula Values('SO13STA0$100EE1',1,0,0,'EPFFormula','EE','T4','','','','','');
Insert into Formula Values('SO13STA0$140EE1',1,0,0,'EPFFormula','EE','T4','','','','','');
Insert into Formula Values('SO13STA0$200EE1',1,0,0,'EPFFormula','EE','T4','','','','','');
Insert into Formula Values('SO13STA0$300EE1',1,0,0,'EPFFormula','EE','T4','','','','','');
Insert into Formula Values('SO13STA0$400EE1',1,0,0,'EPFFormula','EE','T4','','','','','');
Insert into Formula Values('SO13STA0$500EE1',1,0,0,'EPFFormula','EE','T4','','','','','');
Insert into Formula Values('SO13STA0$600EE1',1,0,0,'EPFFormula','EE','T4','','','','','');
Insert into Formula Values('SO13STA0$700EE1',1,0,0,'EPFFormula','EE','T4','','','','','');
Insert into Formula Values('SO13STA0$800EE1',1,0,0,'EPFFormula','EE','T4','','','','','');
Insert into Formula Values('SO13STA0$900EE1',1,0,0,'EPFFormula','EE','T4','','','','','');
Insert into Formula Values('SO13STA0$1000EE1',1,0,0,'EPFFormula','EE','T4','','','','','');
Insert into Formula Values('SO13STA0$1100EE1',1,0,0,'EPFFormula','EE','T4','','','','','');
Insert into Formula Values('SO13STA0$1200EE1',1,0,0,'EPFFormula','EE','T4','','','','','');
Insert into Formula Values('SO13STA0$1300EE1',1,0,0,'EPFFormula','EE','T4','','','','','');
Insert into Formula Values('SO13STA0$1400EE1',1,0,0,'EPFFormula','EE','T4','','','','','');
Insert into Formula Values('SO13STA0$1500EE1',1,0,0,'EPFFormula','EE','T4','','','','','');
Insert into Formula Values('SO13STA0$1600EE1',1,0,0,'EPFFormula','EE','T4','','','','','');
Insert into Formula Values('SO13STA0$1700EE1',1,0,0,'EPFFormula','EE','T4','','','','','');
Insert into Formula Values('SO13STA0$1800EE1',1,0,0,'EPFFormula','EE','T4','','','','','');
Insert into Formula Values('SO13STA0$1900EE1',1,0,0,'EPFFormula','EE','T4','','','','','');
Insert into Formula Values('SO13STA0$2000EE1',1,0,0,'EPFFormula','EE','T4','','','','','');
Insert into Formula Values('SO13STA0$2100EE1',1,0,0,'EPFFormula','EE','T4','','','','','');
Insert into Formula Values('SO13STA0$2200EE1',1,0,0,'EPFFormula','EE','T4','','','','','');
Insert into Formula Values('SO13STA0$2300EE1',1,0,0,'EPFFormula','EE','T4','','','','','');
Insert into Formula Values('SO13STA0$2400EE1',1,0,0,'EPFFormula','EE','T4','','','','','');
Insert into Formula Values('SO13STA0$2500EE1',1,0,0,'EPFFormula','EE','T4','','','','','');
Insert into Formula Values('SO13STA0$2600EE1',1,0,0,'EPFFormula','EE','T4','','','','','');
Insert into Formula Values('SO13STA0$2700EE1',1,0,0,'EPFFormula','EE','T4','','','','','');
Insert into Formula Values('SO13STA0$2800EE1',1,0,0,'EPFFormula','EE','T4','','','','','');
Insert into Formula Values('SO13STA0$2900EE1',1,0,0,'EPFFormula','EE','T4','','','','','');
Insert into Formula Values('SO13STA60$0EE1',1,0,0,'EPFFormula','EE','T4','','','','','');
Insert into Formula Values('SO13STA0$0ER2',1,0,0,'EPFFormula','ER','T4','','','','','');
Insert into Formula Values('SO13STA0$30ER2',1,0,0,'EPFFormula','ER','T4','','','','','');
Insert into Formula Values('SO13STA0$50ER2',1,0,0,'EPFFormula','ER','T4','','','','','');
Insert into Formula Values('SO13STA0$70ER2',1,0,0,'EPFFormula','ER','T4','','','','','');
Insert into Formula Values('SO13STA0$100ER2',1,0,0,'EPFFormula','ER','T4','','','','','');
Insert into Formula Values('SO13STA0$140ER2',1,0,0,'EPFFormula','ER','T4','','','','','');
Insert into Formula Values('SO13STA0$200ER2',1,0,0,'EPFFormula','ER','T4','','','','','');
Insert into Formula Values('SO13STA0$300ER2',1,0,0,'EPFFormula','ER','T4','','','','','');
Insert into Formula Values('SO13STA0$400ER2',1,0,0,'EPFFormula','ER','T4','','','','','');
Insert into Formula Values('SO13STA0$500ER2',1,0,0,'EPFFormula','ER','T4','','','','','');
Insert into Formula Values('SO13STA0$600ER2',1,0,0,'EPFFormula','ER','T4','','','','','');
Insert into Formula Values('SO13STA0$700ER2',1,0,0,'EPFFormula','ER','T4','','','','','');
Insert into Formula Values('SO13STA0$800ER2',1,0,0,'EPFFormula','ER','T4','','','','','');
Insert into Formula Values('SO13STA0$900ER2',1,0,0,'EPFFormula','ER','T4','','','','','');
Insert into Formula Values('SO13STA0$1000ER2',1,0,0,'EPFFormula','ER','T4','','','','','');
Insert into Formula Values('SO13STA0$1100ER2',1,0,0,'EPFFormula','ER','T4','','','','','');
Insert into Formula Values('SO13STA0$1200ER2',1,0,0,'EPFFormula','ER','T4','','','','','');
Insert into Formula Values('SO13STA0$1300ER2',1,0,0,'EPFFormula','ER','T4','','','','','');
Insert into Formula Values('SO13STA0$1400ER2',1,0,0,'EPFFormula','ER','T4','','','','','');
Insert into Formula Values('SO13STA0$1500ER2',1,0,0,'EPFFormula','ER','T4','','','','','');
Insert into Formula Values('SO13STA0$1600ER2',1,0,0,'EPFFormula','ER','T4','','','','','');
Insert into Formula Values('SO13STA0$1700ER2',1,0,0,'EPFFormula','ER','T4','','','','','');
Insert into Formula Values('SO13STA0$1800ER2',1,0,0,'EPFFormula','ER','T4','','','','','');
Insert into Formula Values('SO13STA0$1900ER2',1,0,0,'EPFFormula','ER','T4','','','','','');
Insert into Formula Values('SO13STA0$2000ER2',1,0,0,'EPFFormula','ER','T4','','','','','');
Insert into Formula Values('SO13STA0$2100ER2',1,0,0,'EPFFormula','ER','T4','','','','','');
Insert into Formula Values('SO13STA0$2200ER2',1,0,0,'EPFFormula','ER','T4','','','','','');
Insert into Formula Values('SO13STA0$2300ER2',1,0,0,'EPFFormula','ER','T4','','','','','');
Insert into Formula Values('SO13STA0$2400ER2',1,0,0,'EPFFormula','ER','T4','','','','','');
Insert into Formula Values('SO13STA0$2500ER2',1,0,0,'EPFFormula','ER','T4','','','','','');
Insert into Formula Values('SO13STA0$2600ER2',1,0,0,'EPFFormula','ER','T4','','','','','');
Insert into Formula Values('SO13STA0$2700ER2',1,0,0,'EPFFormula','ER','T4','','','','','');
Insert into Formula Values('SO13STA0$2800ER2',1,0,0,'EPFFormula','ER','T4','','','','','');
Insert into Formula Values('SO13STA0$2900ER2',1,0,0,'EPFFormula','ER','T4','','','','','');
Insert into Formula Values('SO13STA60$0ER2',1,0,0,'EPFFormula','ER','T4','','','','','');
Insert into Formula Values('SO13STA0$0EE2',1,0,0,'EPFFormula','EE','T4','','','','','');
Insert into Formula Values('SO13STA0$30EE2',1,0,0,'EPFFormula','EE','T4','','','','','');
Insert into Formula Values('SO13STA0$50EE2',1,0,0,'EPFFormula','EE','T4','','','','','');
Insert into Formula Values('SO13STA0$70EE2',1,0,0,'EPFFormula','EE','T4','','','','','');
Insert into Formula Values('SO13STA0$100EE2',1,0,0,'EPFFormula','EE','T4','','','','','');
Insert into Formula Values('SO13STA0$140EE2',1,0,0,'EPFFormula','EE','T4','','','','','');
Insert into Formula Values('SO13STA0$200EE2',1,0,0,'EPFFormula','EE','T4','','','','','');
Insert into Formula Values('SO13STA0$300EE2',1,0,0,'EPFFormula','EE','T4','','','','','');
Insert into Formula Values('SO13STA0$400EE2',1,0,0,'EPFFormula','EE','T4','','','','','');
Insert into Formula Values('SO13STA0$500EE2',1,0,0,'EPFFormula','EE','T4','','','','','');
Insert into Formula Values('SO13STA0$600EE2',1,0,0,'EPFFormula','EE','T4','','','','','');
Insert into Formula Values('SO13STA0$700EE2',1,0,0,'EPFFormula','EE','T4','','','','','');
Insert into Formula Values('SO13STA0$800EE2',1,0,0,'EPFFormula','EE','T4','','','','','');
Insert into Formula Values('SO13STA0$900EE2',1,0,0,'EPFFormula','EE','T4','','','','','');
Insert into Formula Values('SO13STA0$1000EE2',1,0,0,'EPFFormula','EE','T4','','','','','');
Insert into Formula Values('SO13STA0$1100EE2',1,0,0,'EPFFormula','EE','T4','','','','','');
Insert into Formula Values('SO13STA0$1200EE2',1,0,0,'EPFFormula','EE','T4','','','','','');
Insert into Formula Values('SO13STA0$1300EE2',1,0,0,'EPFFormula','EE','T4','','','','','');
Insert into Formula Values('SO13STA0$1400EE2',1,0,0,'EPFFormula','EE','T4','','','','','');
Insert into Formula Values('SO13STA0$1500EE2',1,0,0,'EPFFormula','EE','T4','','','','','');
Insert into Formula Values('SO13STA0$1600EE2',1,0,0,'EPFFormula','EE','T4','','','','','');
Insert into Formula Values('SO13STA0$1700EE2',1,0,0,'EPFFormula','EE','T4','','','','','');
Insert into Formula Values('SO13STA0$1800EE2',1,0,0,'EPFFormula','EE','T4','','','','','');
Insert into Formula Values('SO13STA0$1900EE2',1,0,0,'EPFFormula','EE','T4','','','','','');
Insert into Formula Values('SO13STA0$2000EE2',1,0,0,'EPFFormula','EE','T4','','','','','');
Insert into Formula Values('SO13STA0$2100EE2',1,0,0,'EPFFormula','EE','T4','','','','','');
Insert into Formula Values('SO13STA0$2200EE2',1,0,0,'EPFFormula','EE','T4','','','','','');
Insert into Formula Values('SO13STA0$2300EE2',1,0,0,'EPFFormula','EE','T4','','','','','');
Insert into Formula Values('SO13STA0$2400EE2',1,0,0,'EPFFormula','EE','T4','','','','','');
Insert into Formula Values('SO13STA0$2500EE2',1,0,0,'EPFFormula','EE','T4','','','','','');
Insert into Formula Values('SO13STA0$2600EE2',1,0,0,'EPFFormula','EE','T4','','','','','');
Insert into Formula Values('SO13STA0$2700EE2',1,0,0,'EPFFormula','EE','T4','','','','','');
Insert into Formula Values('SO13STA0$2800EE2',1,0,0,'EPFFormula','EE','T4','','','','','');
Insert into Formula Values('SO13STA0$2900EE2',1,0,0,'EPFFormula','EE','T4','','','','','');
Insert into Formula Values('SO13STA60$0EE2',1,0,0,'EPFFormula','EE','T4','','','','','');
Insert into FormulaRange Values('SO13STA0$0ER1',1,0,0,'C1;',0.4,0,0,0,0,'','','','','','','','','','','','','','','','','','','','','','','','','','','','','','','','','','','');
Insert into FormulaRange Values('SO13STA0$30ER1',1,0,0,'C1;',0.7,0,0,0,0,'','','','','','','','','','','','','','','','','','','','','','','','','','','','','','','','','','','');
Insert into FormulaRange Values('SO13STA0$50ER1',1,0,0,'C1;',1.1,0,0,0,0,'','','','','','','','','','','','','','','','','','','','','','','','','','','','','','','','','','','');
Insert into FormulaRange Values('SO13STA0$70ER1',1,0,0,'C1;',1.5,0,0,0,0,'','','','','','','','','','','','','','','','','','','','','','','','','','','','','','','','','','','');
Insert into FormulaRange Values('SO13STA0$100ER1',1,0,0,'C1;',2.1,0,0,0,0,'','','','','','','','','','','','','','','','','','','','','','','','','','','','','','','','','','','');
Insert into FormulaRange Values('SO13STA0$140ER1',1,0,0,'C1;',2.95,0,0,0,0,'','','','','','','','','','','','','','','','','','','','','','','','','','','','','','','','','','','');
Insert into FormulaRange Values('SO13STA0$200ER1',1,0,0,'C1;',4.35,0,0,0,0,'','','','','','','','','','','','','','','','','','','','','','','','','','','','','','','','','','','');
Insert into FormulaRange Values('SO13STA0$300ER1',1,0,0,'C1;',6.15,0,0,0,0,'','','','','','','','','','','','','','','','','','','','','','','','','','','','','','','','','','','');
Insert into FormulaRange Values('SO13STA0$400ER1',1,0,0,'C1;',7.85,0,0,0,0,'','','','','','','','','','','','','','','','','','','','','','','','','','','','','','','','','','','');
Insert into FormulaRange Values('SO13STA0$500ER1',1,0,0,'C1;',9.65,0,0,0,0,'','','','','','','','','','','','','','','','','','','','','','','','','','','','','','','','','','','');
Insert into FormulaRange Values('SO13STA0$600ER1',1,0,0,'C1;',11.35,0,0,0,0,'','','','','','','','','','','','','','','','','','','','','','','','','','','','','','','','','','','');
Insert into FormulaRange Values('SO13STA0$700ER1',1,0,0,'C1;',13.15,0,0,0,0,'','','','','','','','','','','','','','','','','','','','','','','','','','','','','','','','','','','');
Insert into FormulaRange Values('SO13STA0$800ER1',1,0,0,'C1;',14.85,0,0,0,0,'','','','','','','','','','','','','','','','','','','','','','','','','','','','','','','','','','','');
Insert into FormulaRange Values('SO13STA0$900ER1',1,0,0,'C1;',16.65,0,0,0,0,'','','','','','','','','','','','','','','','','','','','','','','','','','','','','','','','','','','');
Insert into FormulaRange Values('SO13STA0$1000ER1',1,0,0,'C1;',18.35,0,0,0,0,'','','','','','','','','','','','','','','','','','','','','','','','','','','','','','','','','','','');
Insert into FormulaRange Values('SO13STA0$1100ER1',1,0,0,'C1;',20.15,0,0,0,0,'','','','','','','','','','','','','','','','','','','','','','','','','','','','','','','','','','','');
Insert into FormulaRange Values('SO13STA0$1200ER1',1,0,0,'C1;',21.85,0,0,0,0,'','','','','','','','','','','','','','','','','','','','','','','','','','','','','','','','','','','');
Insert into FormulaRange Values('SO13STA0$1300ER1',1,0,0,'C1;',23.65,0,0,0,0,'','','','','','','','','','','','','','','','','','','','','','','','','','','','','','','','','','','');
Insert into FormulaRange Values('SO13STA0$1400ER1',1,0,0,'C1;',25.35,0,0,0,0,'','','','','','','','','','','','','','','','','','','','','','','','','','','','','','','','','','','');
Insert into FormulaRange Values('SO13STA0$1500ER1',1,0,0,'C1;',27.15,0,0,0,0,'','','','','','','','','','','','','','','','','','','','','','','','','','','','','','','','','','','');
Insert into FormulaRange Values('SO13STA0$1600ER1',1,0,0,'C1;',28.85,0,0,0,0,'','','','','','','','','','','','','','','','','','','','','','','','','','','','','','','','','','','');
Insert into FormulaRange Values('SO13STA0$1700ER1',1,0,0,'C1;',30.65,0,0,0,0,'','','','','','','','','','','','','','','','','','','','','','','','','','','','','','','','','','','');
Insert into FormulaRange Values('SO13STA0$1800ER1',1,0,0,'C1;',32.35,0,0,0,0,'','','','','','','','','','','','','','','','','','','','','','','','','','','','','','','','','','','');
Insert into FormulaRange Values('SO13STA0$1900ER1',1,0,0,'C1;',34.15,0,0,0,0,'','','','','','','','','','','','','','','','','','','','','','','','','','','','','','','','','','','');
Insert into FormulaRange Values('SO13STA0$2000ER1',1,0,0,'C1;',35.85,0,0,0,0,'','','','','','','','','','','','','','','','','','','','','','','','','','','','','','','','','','','');
Insert into FormulaRange Values('SO13STA0$2100ER1',1,0,0,'C1;',37.65,0,0,0,0,'','','','','','','','','','','','','','','','','','','','','','','','','','','','','','','','','','','');
Insert into FormulaRange Values('SO13STA0$2200ER1',1,0,0,'C1;',39.35,0,0,0,0,'','','','','','','','','','','','','','','','','','','','','','','','','','','','','','','','','','','');
Insert into FormulaRange Values('SO13STA0$2300ER1',1,0,0,'C1;',41.15,0,0,0,0,'','','','','','','','','','','','','','','','','','','','','','','','','','','','','','','','','','','');
Insert into FormulaRange Values('SO13STA0$2400ER1',1,0,0,'C1;',42.85,0,0,0,0,'','','','','','','','','','','','','','','','','','','','','','','','','','','','','','','','','','','');
Insert into FormulaRange Values('SO13STA0$2500ER1',1,0,0,'C1;',44.65,0,0,0,0,'','','','','','','','','','','','','','','','','','','','','','','','','','','','','','','','','','','');
Insert into FormulaRange Values('SO13STA0$2600ER1',1,0,0,'C1;',46.35,0,0,0,0,'','','','','','','','','','','','','','','','','','','','','','','','','','','','','','','','','','','');
Insert into FormulaRange Values('SO13STA0$2700ER1',1,0,0,'C1;',48.15,0,0,0,0,'','','','','','','','','','','','','','','','','','','','','','','','','','','','','','','','','','','');
Insert into FormulaRange Values('SO13STA0$2800ER1',1,0,0,'C1;',49.85,0,0,0,0,'','','','','','','','','','','','','','','','','','','','','','','','','','','','','','','','','','','');
Insert into FormulaRange Values('SO13STA0$2900ER1',1,0,0,'C1;',51.65,0,0,0,0,'','','','','','','','','','','','','','','','','','','','','','','','','','','','','','','','','','','');
Insert into FormulaRange Values('SO13STA60$0ER1',1,0,0,'C1;',0,0,0,0,0,'','','','','','','','','','','','','','','','','','','','','','','','','','','','','','','','','','','');
Insert into FormulaRange Values('SO13STA0$0EE1',1,0,0,'C1;',0.1,0,0,0,0,'','','','','','','','','','','','','','','','','','','','','','','','','','','','','','','','','','','');
Insert into FormulaRange Values('SO13STA0$30EE1',1,0,0,'C1;',0.2,0,0,0,0,'','','','','','','','','','','','','','','','','','','','','','','','','','','','','','','','','','','');
Insert into FormulaRange Values('SO13STA0$50EE1',1,0,0,'C1;',0.3,0,0,0,0,'','','','','','','','','','','','','','','','','','','','','','','','','','','','','','','','','','','');
Insert into FormulaRange Values('SO13STA0$70EE1',1,0,0,'C1;',0.4,0,0,0,0,'','','','','','','','','','','','','','','','','','','','','','','','','','','','','','','','','','','');
Insert into FormulaRange Values('SO13STA0$100EE1',1,0,0,'C1;',0.6,0,0,0,0,'','','','','','','','','','','','','','','','','','','','','','','','','','','','','','','','','','','');
Insert into FormulaRange Values('SO13STA0$140EE1',1,0,0,'C1;',0.85,0,0,0,0,'','','','','','','','','','','','','','','','','','','','','','','','','','','','','','','','','','','');
Insert into FormulaRange Values('SO13STA0$200EE1',1,0,0,'C1;',1.25,0,0,0,0,'','','','','','','','','','','','','','','','','','','','','','','','','','','','','','','','','','','');
Insert into FormulaRange Values('SO13STA0$300EE1',1,0,0,'C1;',1.75,0,0,0,0,'','','','','','','','','','','','','','','','','','','','','','','','','','','','','','','','','','','');
Insert into FormulaRange Values('SO13STA0$400EE1',1,0,0,'C1;',2.25,0,0,0,0,'','','','','','','','','','','','','','','','','','','','','','','','','','','','','','','','','','','');
Insert into FormulaRange Values('SO13STA0$500EE1',1,0,0,'C1;',2.75,0,0,0,0,'','','','','','','','','','','','','','','','','','','','','','','','','','','','','','','','','','','');
Insert into FormulaRange Values('SO13STA0$600EE1',1,0,0,'C1;',3.25,0,0,0,0,'','','','','','','','','','','','','','','','','','','','','','','','','','','','','','','','','','','');
Insert into FormulaRange Values('SO13STA0$700EE1',1,0,0,'C1;',3.75,0,0,0,0,'','','','','','','','','','','','','','','','','','','','','','','','','','','','','','','','','','','');
Insert into FormulaRange Values('SO13STA0$800EE1',1,0,0,'C1;',4.25,0,0,0,0,'','','','','','','','','','','','','','','','','','','','','','','','','','','','','','','','','','','');
Insert into FormulaRange Values('SO13STA0$900EE1',1,0,0,'C1;',4.75,0,0,0,0,'','','','','','','','','','','','','','','','','','','','','','','','','','','','','','','','','','','');
Insert into FormulaRange Values('SO13STA0$1000EE1',1,0,0,'C1;',5.25,0,0,0,0,'','','','','','','','','','','','','','','','','','','','','','','','','','','','','','','','','','','');
Insert into FormulaRange Values('SO13STA0$1100EE1',1,0,0,'C1;',5.75,0,0,0,0,'','','','','','','','','','','','','','','','','','','','','','','','','','','','','','','','','','','');
Insert into FormulaRange Values('SO13STA0$1200EE1',1,0,0,'C1;',6.25,0,0,0,0,'','','','','','','','','','','','','','','','','','','','','','','','','','','','','','','','','','','');
Insert into FormulaRange Values('SO13STA0$1300EE1',1,0,0,'C1;',6.75,0,0,0,0,'','','','','','','','','','','','','','','','','','','','','','','','','','','','','','','','','','','');
Insert into FormulaRange Values('SO13STA0$1400EE1',1,0,0,'C1;',7.25,0,0,0,0,'','','','','','','','','','','','','','','','','','','','','','','','','','','','','','','','','','','');
Insert into FormulaRange Values('SO13STA0$1500EE1',1,0,0,'C1;',7.75,0,0,0,0,'','','','','','','','','','','','','','','','','','','','','','','','','','','','','','','','','','','');
Insert into FormulaRange Values('SO13STA0$1600EE1',1,0,0,'C1;',8.25,0,0,0,0,'','','','','','','','','','','','','','','','','','','','','','','','','','','','','','','','','','','');
Insert into FormulaRange Values('SO13STA0$1700EE1',1,0,0,'C1;',8.75,0,0,0,0,'','','','','','','','','','','','','','','','','','','','','','','','','','','','','','','','','','','');
Insert into FormulaRange Values('SO13STA0$1800EE1',1,0,0,'C1;',9.25,0,0,0,0,'','','','','','','','','','','','','','','','','','','','','','','','','','','','','','','','','','','');
Insert into FormulaRange Values('SO13STA0$1900EE1',1,0,0,'C1;',9.75,0,0,0,0,'','','','','','','','','','','','','','','','','','','','','','','','','','','','','','','','','','','');
Insert into FormulaRange Values('SO13STA0$2000EE1',1,0,0,'C1;',10.25,0,0,0,0,'','','','','','','','','','','','','','','','','','','','','','','','','','','','','','','','','','','');
Insert into FormulaRange Values('SO13STA0$2100EE1',1,0,0,'C1;',10.75,0,0,0,0,'','','','','','','','','','','','','','','','','','','','','','','','','','','','','','','','','','','');
Insert into FormulaRange Values('SO13STA0$2200EE1',1,0,0,'C1;',11.25,0,0,0,0,'','','','','','','','','','','','','','','','','','','','','','','','','','','','','','','','','','','');
Insert into FormulaRange Values('SO13STA0$2300EE1',1,0,0,'C1;',11.75,0,0,0,0,'','','','','','','','','','','','','','','','','','','','','','','','','','','','','','','','','','','');
Insert into FormulaRange Values('SO13STA0$2400EE1',1,0,0,'C1;',12.25,0,0,0,0,'','','','','','','','','','','','','','','','','','','','','','','','','','','','','','','','','','','');
Insert into FormulaRange Values('SO13STA0$2500EE1',1,0,0,'C1;',12.75,0,0,0,0,'','','','','','','','','','','','','','','','','','','','','','','','','','','','','','','','','','','');
Insert into FormulaRange Values('SO13STA0$2600EE1',1,0,0,'C1;',13.25,0,0,0,0,'','','','','','','','','','','','','','','','','','','','','','','','','','','','','','','','','','','');
Insert into FormulaRange Values('SO13STA0$2700EE1',1,0,0,'C1;',13.75,0,0,0,0,'','','','','','','','','','','','','','','','','','','','','','','','','','','','','','','','','','','');
Insert into FormulaRange Values('SO13STA0$2800EE1',1,0,0,'C1;',14.25,0,0,0,0,'','','','','','','','','','','','','','','','','','','','','','','','','','','','','','','','','','','');
Insert into FormulaRange Values('SO13STA0$2900EE1',1,0,0,'C1;',14.75,0,0,0,0,'','','','','','','','','','','','','','','','','','','','','','','','','','','','','','','','','','','');
Insert into FormulaRange Values('SO13STA60$0EE1',1,0,0,'C1;',0,0,0,0,0,'','','','','','','','','','','','','','','','','','','','','','','','','','','','','','','','','','','');
Insert into FormulaRange Values('SO13STA0$0ER2',1,0,0,'C1;',0.3,0,0,0,0,'','','','','','','','','','','','','','','','','','','','','','','','','','','','','','','','','','','');
Insert into FormulaRange Values('SO13STA0$30ER2',1,0,0,'C1;',0.5,0,0,0,0,'','','','','','','','','','','','','','','','','','','','','','','','','','','','','','','','','','','');
Insert into FormulaRange Values('SO13STA0$50ER2',1,0,0,'C1;',0.8,0,0,0,0,'','','','','','','','','','','','','','','','','','','','','','','','','','','','','','','','','','','');
Insert into FormulaRange Values('SO13STA0$70ER2',1,0,0,'C1;',1.1,0,0,0,0,'','','','','','','','','','','','','','','','','','','','','','','','','','','','','','','','','','','');
Insert into FormulaRange Values('SO13STA0$100ER2',1,0,0,'C1;',1.5,0,0,0,0,'','','','','','','','','','','','','','','','','','','','','','','','','','','','','','','','','','','');
Insert into FormulaRange Values('SO13STA0$140ER2',1,0,0,'C1;',2.1,0,0,0,0,'','','','','','','','','','','','','','','','','','','','','','','','','','','','','','','','','','','');
Insert into FormulaRange Values('SO13STA0$200ER2',1,0,0,'C1;',3.1,0,0,0,0,'','','','','','','','','','','','','','','','','','','','','','','','','','','','','','','','','','','');
Insert into FormulaRange Values('SO13STA0$300ER2',1,0,0,'C1;',4.4,0,0,0,0,'','','','','','','','','','','','','','','','','','','','','','','','','','','','','','','','','','','');
Insert into FormulaRange Values('SO13STA0$400ER2',1,0,0,'C1;',5.6,0,0,0,0,'','','','','','','','','','','','','','','','','','','','','','','','','','','','','','','','','','','');
Insert into FormulaRange Values('SO13STA0$500ER2',1,0,0,'C1;',6.9,0,0,0,0,'','','','','','','','','','','','','','','','','','','','','','','','','','','','','','','','','','','');
Insert into FormulaRange Values('SO13STA0$600ER2',1,0,0,'C1;',8.1,0,0,0,0,'','','','','','','','','','','','','','','','','','','','','','','','','','','','','','','','','','','');
Insert into FormulaRange Values('SO13STA0$700ER2',1,0,0,'C1;',9.4,0,0,0,0,'','','','','','','','','','','','','','','','','','','','','','','','','','','','','','','','','','','');
Insert into FormulaRange Values('SO13STA0$800ER2',1,0,0,'C1;',10.6,0,0,0,0,'','','','','','','','','','','','','','','','','','','','','','','','','','','','','','','','','','','');
Insert into FormulaRange Values('SO13STA0$900ER2',1,0,0,'C1;',11.9,0,0,0,0,'','','','','','','','','','','','','','','','','','','','','','','','','','','','','','','','','','','');
Insert into FormulaRange Values('SO13STA0$1000ER2',1,0,0,'C1;',13.1,0,0,0,0,'','','','','','','','','','','','','','','','','','','','','','','','','','','','','','','','','','','');
Insert into FormulaRange Values('SO13STA0$1100ER2',1,0,0,'C1;',14.4,0,0,0,0,'','','','','','','','','','','','','','','','','','','','','','','','','','','','','','','','','','','');
Insert into FormulaRange Values('SO13STA0$1200ER2',1,0,0,'C1;',15.6,0,0,0,0,'','','','','','','','','','','','','','','','','','','','','','','','','','','','','','','','','','','');
Insert into FormulaRange Values('SO13STA0$1300ER2',1,0,0,'C1;',16.9,0,0,0,0,'','','','','','','','','','','','','','','','','','','','','','','','','','','','','','','','','','','');
Insert into FormulaRange Values('SO13STA0$1400ER2',1,0,0,'C1;',18.1,0,0,0,0,'','','','','','','','','','','','','','','','','','','','','','','','','','','','','','','','','','','');
Insert into FormulaRange Values('SO13STA0$1500ER2',1,0,0,'C1;',19.4,0,0,0,0,'','','','','','','','','','','','','','','','','','','','','','','','','','','','','','','','','','','');
Insert into FormulaRange Values('SO13STA0$1600ER2',1,0,0,'C1;',20.6,0,0,0,0,'','','','','','','','','','','','','','','','','','','','','','','','','','','','','','','','','','','');
Insert into FormulaRange Values('SO13STA0$1700ER2',1,0,0,'C1;',21.9,0,0,0,0,'','','','','','','','','','','','','','','','','','','','','','','','','','','','','','','','','','','');
Insert into FormulaRange Values('SO13STA0$1800ER2',1,0,0,'C1;',23.1,0,0,0,0,'','','','','','','','','','','','','','','','','','','','','','','','','','','','','','','','','','','');
Insert into FormulaRange Values('SO13STA0$1900ER2',1,0,0,'C1;',24.4,0,0,0,0,'','','','','','','','','','','','','','','','','','','','','','','','','','','','','','','','','','','');
Insert into FormulaRange Values('SO13STA0$2000ER2',1,0,0,'C1;',25.6,0,0,0,0,'','','','','','','','','','','','','','','','','','','','','','','','','','','','','','','','','','','');
Insert into FormulaRange Values('SO13STA0$2100ER2',1,0,0,'C1;',26.9,0,0,0,0,'','','','','','','','','','','','','','','','','','','','','','','','','','','','','','','','','','','');
Insert into FormulaRange Values('SO13STA0$2200ER2',1,0,0,'C1;',28.1,0,0,0,0,'','','','','','','','','','','','','','','','','','','','','','','','','','','','','','','','','','','');
Insert into FormulaRange Values('SO13STA0$2300ER2',1,0,0,'C1;',29.4,0,0,0,0,'','','','','','','','','','','','','','','','','','','','','','','','','','','','','','','','','','','');
Insert into FormulaRange Values('SO13STA0$2400ER2',1,0,0,'C1;',30.6,0,0,0,0,'','','','','','','','','','','','','','','','','','','','','','','','','','','','','','','','','','','');
Insert into FormulaRange Values('SO13STA0$2500ER2',1,0,0,'C1;',31.9,0,0,0,0,'','','','','','','','','','','','','','','','','','','','','','','','','','','','','','','','','','','');
Insert into FormulaRange Values('SO13STA0$2600ER2',1,0,0,'C1;',33.1,0,0,0,0,'','','','','','','','','','','','','','','','','','','','','','','','','','','','','','','','','','','');
Insert into FormulaRange Values('SO13STA0$2700ER2',1,0,0,'C1;',34.4,0,0,0,0,'','','','','','','','','','','','','','','','','','','','','','','','','','','','','','','','','','','');
Insert into FormulaRange Values('SO13STA0$2800ER2',1,0,0,'C1;',35.6,0,0,0,0,'','','','','','','','','','','','','','','','','','','','','','','','','','','','','','','','','','','');
Insert into FormulaRange Values('SO13STA0$2900ER2',1,0,0,'C1;',36.9,0,0,0,0,'','','','','','','','','','','','','','','','','','','','','','','','','','','','','','','','','','','');
Insert into FormulaRange Values('SO13STA60$0ER2',1,0,0,'C1;',0,0,0,0,0,'','','','','','','','','','','','','','','','','','','','','','','','','','','','','','','','','','','');
Insert into FormulaRange Values('SO13STA0$0EE2',1,0,0,'C1;',0,0,0,0,0,'','','','','','','','','','','','','','','','','','','','','','','','','','','','','','','','','','','');
Insert into FormulaRange Values('SO13STA0$30EE2',1,0,0,'C1;',0,0,0,0,0,'','','','','','','','','','','','','','','','','','','','','','','','','','','','','','','','','','','');
Insert into FormulaRange Values('SO13STA0$50EE2',1,0,0,'C1;',0,0,0,0,0,'','','','','','','','','','','','','','','','','','','','','','','','','','','','','','','','','','','');
Insert into FormulaRange Values('SO13STA0$70EE2',1,0,0,'C1;',0,0,0,0,0,'','','','','','','','','','','','','','','','','','','','','','','','','','','','','','','','','','','');
Insert into FormulaRange Values('SO13STA0$100EE2',1,0,0,'C1;',0,0,0,0,0,'','','','','','','','','','','','','','','','','','','','','','','','','','','','','','','','','','','');
Insert into FormulaRange Values('SO13STA0$140EE2',1,0,0,'C1;',0,0,0,0,0,'','','','','','','','','','','','','','','','','','','','','','','','','','','','','','','','','','','');
Insert into FormulaRange Values('SO13STA0$200EE2',1,0,0,'C1;',0,0,0,0,0,'','','','','','','','','','','','','','','','','','','','','','','','','','','','','','','','','','','');
Insert into FormulaRange Values('SO13STA0$300EE2',1,0,0,'C1;',0,0,0,0,0,'','','','','','','','','','','','','','','','','','','','','','','','','','','','','','','','','','','');
Insert into FormulaRange Values('SO13STA0$400EE2',1,0,0,'C1;',0,0,0,0,0,'','','','','','','','','','','','','','','','','','','','','','','','','','','','','','','','','','','');
Insert into FormulaRange Values('SO13STA0$500EE2',1,0,0,'C1;',0,0,0,0,0,'','','','','','','','','','','','','','','','','','','','','','','','','','','','','','','','','','','');
Insert into FormulaRange Values('SO13STA0$600EE2',1,0,0,'C1;',0,0,0,0,0,'','','','','','','','','','','','','','','','','','','','','','','','','','','','','','','','','','','');
Insert into FormulaRange Values('SO13STA0$700EE2',1,0,0,'C1;',0,0,0,0,0,'','','','','','','','','','','','','','','','','','','','','','','','','','','','','','','','','','','');
Insert into FormulaRange Values('SO13STA0$800EE2',1,0,0,'C1;',0,0,0,0,0,'','','','','','','','','','','','','','','','','','','','','','','','','','','','','','','','','','','');
Insert into FormulaRange Values('SO13STA0$900EE2',1,0,0,'C1;',0,0,0,0,0,'','','','','','','','','','','','','','','','','','','','','','','','','','','','','','','','','','','');
Insert into FormulaRange Values('SO13STA0$1000EE2',1,0,0,'C1;',0,0,0,0,0,'','','','','','','','','','','','','','','','','','','','','','','','','','','','','','','','','','','');
Insert into FormulaRange Values('SO13STA0$1100EE2',1,0,0,'C1;',0,0,0,0,0,'','','','','','','','','','','','','','','','','','','','','','','','','','','','','','','','','','','');
Insert into FormulaRange Values('SO13STA0$1200EE2',1,0,0,'C1;',0,0,0,0,0,'','','','','','','','','','','','','','','','','','','','','','','','','','','','','','','','','','','');
Insert into FormulaRange Values('SO13STA0$1300EE2',1,0,0,'C1;',0,0,0,0,0,'','','','','','','','','','','','','','','','','','','','','','','','','','','','','','','','','','','');
Insert into FormulaRange Values('SO13STA0$1400EE2',1,0,0,'C1;',0,0,0,0,0,'','','','','','','','','','','','','','','','','','','','','','','','','','','','','','','','','','','');
Insert into FormulaRange Values('SO13STA0$1500EE2',1,0,0,'C1;',0,0,0,0,0,'','','','','','','','','','','','','','','','','','','','','','','','','','','','','','','','','','','');
Insert into FormulaRange Values('SO13STA0$1600EE2',1,0,0,'C1;',0,0,0,0,0,'','','','','','','','','','','','','','','','','','','','','','','','','','','','','','','','','','','');
Insert into FormulaRange Values('SO13STA0$1700EE2',1,0,0,'C1;',0,0,0,0,0,'','','','','','','','','','','','','','','','','','','','','','','','','','','','','','','','','','','');
Insert into FormulaRange Values('SO13STA0$1800EE2',1,0,0,'C1;',0,0,0,0,0,'','','','','','','','','','','','','','','','','','','','','','','','','','','','','','','','','','','');
Insert into FormulaRange Values('SO13STA0$1900EE2',1,0,0,'C1;',0,0,0,0,0,'','','','','','','','','','','','','','','','','','','','','','','','','','','','','','','','','','','');
Insert into FormulaRange Values('SO13STA0$2000EE2',1,0,0,'C1;',0,0,0,0,0,'','','','','','','','','','','','','','','','','','','','','','','','','','','','','','','','','','','');
Insert into FormulaRange Values('SO13STA0$2100EE2',1,0,0,'C1;',0,0,0,0,0,'','','','','','','','','','','','','','','','','','','','','','','','','','','','','','','','','','','');
Insert into FormulaRange Values('SO13STA0$2200EE2',1,0,0,'C1;',0,0,0,0,0,'','','','','','','','','','','','','','','','','','','','','','','','','','','','','','','','','','','');
Insert into FormulaRange Values('SO13STA0$2300EE2',1,0,0,'C1;',0,0,0,0,0,'','','','','','','','','','','','','','','','','','','','','','','','','','','','','','','','','','','');
Insert into FormulaRange Values('SO13STA0$2400EE2',1,0,0,'C1;',0,0,0,0,0,'','','','','','','','','','','','','','','','','','','','','','','','','','','','','','','','','','','');
Insert into FormulaRange Values('SO13STA0$2500EE2',1,0,0,'C1;',0,0,0,0,0,'','','','','','','','','','','','','','','','','','','','','','','','','','','','','','','','','','','');
Insert into FormulaRange Values('SO13STA0$2600EE2',1,0,0,'C1;',0,0,0,0,0,'','','','','','','','','','','','','','','','','','','','','','','','','','','','','','','','','','','');
Insert into FormulaRange Values('SO13STA0$2700EE2',1,0,0,'C1;',0,0,0,0,0,'','','','','','','','','','','','','','','','','','','','','','','','','','','','','','','','','','','');
Insert into FormulaRange Values('SO13STA0$2800EE2',1,0,0,'C1;',0,0,0,0,0,'','','','','','','','','','','','','','','','','','','','','','','','','','','','','','','','','','','');
Insert into FormulaRange Values('SO13STA0$2900EE2',1,0,0,'C1;',0,0,0,0,0,'','','','','','','','','','','','','','','','','','','','','','','','','','','','','','','','','','','');
Insert into FormulaRange Values('SO13STA60$0EE2',1,0,0,'C1;',0,0,0,0,0,'','','','','','','','','','','','','','','','','','','','','','','','','','','','','','','','','','','');
Insert into CPFTableComponent  Values('SO13ST1',0,0,'SO13STA0$0EE1','SO13STA0$0ER1',30,60,'','');
Insert into CPFTableComponent  Values('SO13ST1',30,0,'SO13STA0$30EE1','SO13STA0$30ER1',50,60,'','');
Insert into CPFTableComponent  Values('SO13ST1',50,0,'SO13STA0$50EE1','SO13STA0$50ER1',70,60,'','');
Insert into CPFTableComponent  Values('SO13ST1',70,0,'SO13STA0$70EE1','SO13STA0$70ER1',100,60,'','');
Insert into CPFTableComponent  Values('SO13ST1',100,0,'SO13STA0$100EE1','SO13STA0$100ER1',140,60,'','');
Insert into CPFTableComponent  Values('SO13ST1',140,0,'SO13STA0$140EE1','SO13STA0$140ER1',200,60,'','');
Insert into CPFTableComponent  Values('SO13ST1',200,0,'SO13STA0$200EE1','SO13STA0$200ER1',300,60,'','');
Insert into CPFTableComponent  Values('SO13ST1',300,0,'SO13STA0$300EE1','SO13STA0$300ER1',400,60,'','');
Insert into CPFTableComponent  Values('SO13ST1',400,0,'SO13STA0$400EE1','SO13STA0$400ER1',500,60,'','');
Insert into CPFTableComponent  Values('SO13ST1',500,0,'SO13STA0$500EE1','SO13STA0$500ER1',600,60,'','');
Insert into CPFTableComponent  Values('SO13ST1',600,0,'SO13STA0$600EE1','SO13STA0$600ER1',700,60,'','');
Insert into CPFTableComponent  Values('SO13ST1',700,0,'SO13STA0$700EE1','SO13STA0$700ER1',800,60,'','');
Insert into CPFTableComponent  Values('SO13ST1',800,0,'SO13STA0$800EE1','SO13STA0$800ER1',900,60,'','');
Insert into CPFTableComponent  Values('SO13ST1',900,0,'SO13STA0$900EE1','SO13STA0$900ER1',1000,60,'','');
Insert into CPFTableComponent  Values('SO13ST1',1000,0,'SO13STA0$1000EE1','SO13STA0$1000ER1',1100,60,'','');
Insert into CPFTableComponent  Values('SO13ST1',1100,0,'SO13STA0$1100EE1','SO13STA0$1100ER1',1200,60,'','');
Insert into CPFTableComponent  Values('SO13ST1',1200,0,'SO13STA0$1200EE1','SO13STA0$1200ER1',1300,60,'','');
Insert into CPFTableComponent  Values('SO13ST1',1300,0,'SO13STA0$1300EE1','SO13STA0$1300ER1',1400,60,'','');
Insert into CPFTableComponent  Values('SO13ST1',1400,0,'SO13STA0$1400EE1','SO13STA0$1400ER1',1500,60,'','');
Insert into CPFTableComponent  Values('SO13ST1',1500,0,'SO13STA0$1500EE1','SO13STA0$1500ER1',1600,60,'','');
Insert into CPFTableComponent  Values('SO13ST1',1600,0,'SO13STA0$1600EE1','SO13STA0$1600ER1',1700,60,'','');
Insert into CPFTableComponent  Values('SO13ST1',1700,0,'SO13STA0$1700EE1','SO13STA0$1700ER1',1800,60,'','');
Insert into CPFTableComponent  Values('SO13ST1',1800,0,'SO13STA0$1800EE1','SO13STA0$1800ER1',1900,60,'','');
Insert into CPFTableComponent  Values('SO13ST1',1900,0,'SO13STA0$1900EE1','SO13STA0$1900ER1',2000,60,'','');
Insert into CPFTableComponent  Values('SO13ST1',2000,0,'SO13STA0$2000EE1','SO13STA0$2000ER1',2100,60,'','');
Insert into CPFTableComponent  Values('SO13ST1',2100,0,'SO13STA0$2100EE1','SO13STA0$2100ER1',2200,60,'','');
Insert into CPFTableComponent  Values('SO13ST1',2200,0,'SO13STA0$2200EE1','SO13STA0$2200ER1',2300,60,'','');
Insert into CPFTableComponent  Values('SO13ST1',2300,0,'SO13STA0$2300EE1','SO13STA0$2300ER1',2400,60,'','');
Insert into CPFTableComponent  Values('SO13ST1',2400,0,'SO13STA0$2400EE1','SO13STA0$2400ER1',2500,60,'','');
Insert into CPFTableComponent  Values('SO13ST1',2500,0,'SO13STA0$2500EE1','SO13STA0$2500ER1',2600,60,'','');
Insert into CPFTableComponent  Values('SO13ST1',2600,0,'SO13STA0$2600EE1','SO13STA0$2600ER1',2700,60,'','');
Insert into CPFTableComponent  Values('SO13ST1',2700,0,'SO13STA0$2700EE1','SO13STA0$2700ER1',2800,60,'','');
Insert into CPFTableComponent  Values('SO13ST1',2800,0,'SO13STA0$2800EE1','SO13STA0$2800ER1',2900,60,'','');
Insert into CPFTableComponent  Values('SO13ST1',2900,0,'SO13STA0$2900EE1','SO13STA0$2900ER1',999999,60,'','');
Insert into CPFTableComponent  Values('SO13ST1',0,60,'SO13STA60$0EE1','SO13STA60$0ER1',999999,99,'','');
Insert into CPFTableComponent  Values('SO13ST2',0,0,'SO13STA0$0EE2','SO13STA0$0ER2',30,99,'','');
Insert into CPFTableComponent  Values('SO13ST2',30,0,'SO13STA0$30EE2','SO13STA0$30ER2',50,99,'','');
Insert into CPFTableComponent  Values('SO13ST2',50,0,'SO13STA0$50EE2','SO13STA0$50ER2',70,99,'','');
Insert into CPFTableComponent  Values('SO13ST2',70,0,'SO13STA0$70EE2','SO13STA0$70ER2',100,99,'','');
Insert into CPFTableComponent  Values('SO13ST2',100,0,'SO13STA0$100EE2','SO13STA0$100ER2',140,99,'','');
Insert into CPFTableComponent  Values('SO13ST2',140,0,'SO13STA0$140EE2','SO13STA0$140ER2',200,99,'','');
Insert into CPFTableComponent  Values('SO13ST2',200,0,'SO13STA0$200EE2','SO13STA0$200ER2',300,99,'','');
Insert into CPFTableComponent  Values('SO13ST2',300,0,'SO13STA0$300EE2','SO13STA0$300ER2',400,99,'','');
Insert into CPFTableComponent  Values('SO13ST2',400,0,'SO13STA0$400EE2','SO13STA0$400ER2',500,99,'','');
Insert into CPFTableComponent  Values('SO13ST2',500,0,'SO13STA0$500EE2','SO13STA0$500ER2',600,99,'','');
Insert into CPFTableComponent  Values('SO13ST2',600,0,'SO13STA0$600EE2','SO13STA0$600ER2',700,99,'','');
Insert into CPFTableComponent  Values('SO13ST2',700,0,'SO13STA0$700EE2','SO13STA0$700ER2',800,99,'','');
Insert into CPFTableComponent  Values('SO13ST2',800,0,'SO13STA0$800EE2','SO13STA0$800ER2',900,99,'','');
Insert into CPFTableComponent  Values('SO13ST2',900,0,'SO13STA0$900EE2','SO13STA0$900ER2',1000,99,'','');
Insert into CPFTableComponent  Values('SO13ST2',1000,0,'SO13STA0$1000EE2','SO13STA0$1000ER2',1100,99,'','');
Insert into CPFTableComponent  Values('SO13ST2',1100,0,'SO13STA0$1100EE2','SO13STA0$1100ER2',1200,99,'','');
Insert into CPFTableComponent  Values('SO13ST2',1200,0,'SO13STA0$1200EE2','SO13STA0$1200ER2',1300,99,'','');
Insert into CPFTableComponent  Values('SO13ST2',1300,0,'SO13STA0$1300EE2','SO13STA0$1300ER2',1400,99,'','');
Insert into CPFTableComponent  Values('SO13ST2',1400,0,'SO13STA0$1400EE2','SO13STA0$1400ER2',1500,99,'','');
Insert into CPFTableComponent  Values('SO13ST2',1500,0,'SO13STA0$1500EE2','SO13STA0$1500ER2',1600,99,'','');
Insert into CPFTableComponent  Values('SO13ST2',1600,0,'SO13STA0$1600EE2','SO13STA0$1600ER2',1700,99,'','');
Insert into CPFTableComponent  Values('SO13ST2',1700,0,'SO13STA0$1700EE2','SO13STA0$1700ER2',1800,99,'','');
Insert into CPFTableComponent  Values('SO13ST2',1800,0,'SO13STA0$1800EE2','SO13STA0$1800ER2',1900,99,'','');
Insert into CPFTableComponent  Values('SO13ST2',1900,0,'SO13STA0$1900EE2','SO13STA0$1900ER2',2000,99,'','');
Insert into CPFTableComponent  Values('SO13ST2',2000,0,'SO13STA0$2000EE2','SO13STA0$2000ER2',2100,99,'','');
Insert into CPFTableComponent  Values('SO13ST2',2100,0,'SO13STA0$2100EE2','SO13STA0$2100ER2',2200,99,'','');
Insert into CPFTableComponent  Values('SO13ST2',2200,0,'SO13STA0$2200EE2','SO13STA0$2200ER2',2300,99,'','');
Insert into CPFTableComponent  Values('SO13ST2',2300,0,'SO13STA0$2300EE2','SO13STA0$2300ER2',2400,99,'','');
Insert into CPFTableComponent  Values('SO13ST2',2400,0,'SO13STA0$2400EE2','SO13STA0$2400ER2',2500,99,'','');
Insert into CPFTableComponent  Values('SO13ST2',2500,0,'SO13STA0$2500EE2','SO13STA0$2500ER2',2600,99,'','');
Insert into CPFTableComponent  Values('SO13ST2',2600,0,'SO13STA0$2600EE2','SO13STA0$2600ER2',2700,99,'','');
Insert into CPFTableComponent  Values('SO13ST2',2700,0,'SO13STA0$2700EE2','SO13STA0$2700ER2',2800,99,'','');
Insert into CPFTableComponent  Values('SO13ST2',2800,0,'SO13STA0$2800EE2','SO13STA0$2800ER2',2900,99,'','');
Insert into CPFTableComponent  Values('SO13ST2',2900,0,'SO13STA0$2900EE2','SO13STA0$2900ER2',999999,99,'','');
end if;

/*-----------------------------------------------------------------------------------------------------------
	SOCSO Progression
-----------------------------------------------------------------------------------------------------------*/
Begin
SOCSOProLoop: FOR SOCSOPro AS Dynamic Scroll Cursor FOR 
   SELECT PayEmployee.EmployeeSysId AS OUT_EmployeeSysId, Employee.DateOfBirth AS OUT_DateOfBirth,
          SOCSOProgression.SOCSOProgSchemeId AS OUT_SOCSOProgSchemeId,
          SOCSOProgression.SOCSOP1Payment AS OUT_SOCSOP1Payment,	
          SOCSOProgression.SOCSORemarks AS OUT_SOCSORemarks		  
   FROM PayEmployee 
   JOIN SOCSOProgression ON PayEmployee.EmployeeSysId = SOCSOProgression.EmployeeSysId
   JOIN Employee ON PayEmployee.EmployeeSysId = Employee.EmployeeSysId  
   WHERE SOCSOCurrent = 1 AND SOCSOEffectiveDate < '2013-01-01' AND SOCSOProgSchemeId != ''
         AND (LastPayDate = '1899-12-30' Or LastPayDate >= '2013-01-01')
   ORDER BY PayEmployee.EmployeeSysId
   DO
     IF NOT EXISTS(SELECT * FROM SOCSOProgression WHERE SOCSOEffectiveDate = '2013-01-01' AND EmployeeSysId = OUT_EmployeeSysId) THEN
	    IF (OUT_SOCSOProgSchemeId = 'SOCSO2nd' AND 
		     (FGetServiceYear(OUT_DateOfBirth,'2013-01-31') <= 60) AND (FGetServiceYear(OUT_DateOfBirth,'2013-01-31') >= 55)) THEN
			 Insert into SOCSOProgression(EmployeeSysId, SOCSOEffectiveDate, SOCSOCareerId,SOCSOCurrent,
                       SOCSOProgPolicyId, SOCSOProgSchemeId, SOCSOP1Payment, SOCSORemarks)
			 VALUES (OUT_EmployeeSysId,'2013-01-01','',0,'SOCSOYr2013Jan','SOCSO1st',OUT_SOCSOP1Payment,OUT_SOCSORemarks);
	    ELSE
		     Insert into SOCSOProgression(EmployeeSysId, SOCSOEffectiveDate, SOCSOCareerId,SOCSOCurrent,
                       SOCSOProgPolicyId, SOCSOProgSchemeId, SOCSOP1Payment, SOCSORemarks)
			 VALUES (OUT_EmployeeSysId,'2013-01-01','',0,'SOCSOYr2013Jan',OUT_SOCSOProgSchemeId,OUT_SOCSOP1Payment,OUT_SOCSORemarks);
		END IF;

     END IF;	    
   END FOR;	  
;
End;

/*-----------------------------------------------------------------------------------------------------------
	Pay Details Default
-----------------------------------------------------------------------------------------------------------*/

Update SubRegistry Set ShortStringAttr='SOCSOYr2013Jan'
Where RegistryId='PaySetupData' And SubRegistryId='SOCSOProgPolicyId';

/*Begin of tailor for every patch*/
INSERT into "DBA"."subRegistry"(registryid,subregistryid,IntegerAttr) values('System','Patch',1);
commit work;
/*End of tailor for every patch*/
